2026-08-25 12:46:30,994 - sovereign.health - DEBUG - Health check executed.
2026-08-25 12:56:07,954 - sovereign.health - DEBUG - Health check executed.
2026-08-25 12:56:34,745 - sovereign.health - DEBUG - Health check executed.
2026-08-25 12:57:14,476 - sovereign.llama_cpp.lifecycle - INFO - Starting llama-server: C:\Users\Dell\AppData\Local\Microsoft\WinGet\Packages\ggml.llamacpp_Microsoft.Winget.Source_8wekyb3d8bbwe\llama-server.exe -m C:\Users\Dell\.cache\huggingface\hub\models--Qwen--Qwen3-8B-GGUF\snapshots\7c41481f57cb95916b40956ab2f0b139b296d974\Qwen3-8B-Q4_K_M.gguf --port 8080 --host 127.0.0.1 -c 8192 -ngl 20
2026-08-25 12:57:32,558 - sovereign.llama_cpp.lifecycle - INFO - llama-server is ready.
2026-08-25 12:57:51,146 - sovereign.llama_cpp.lifecycle - INFO - Stopping llama-server...
2026-08-25 12:57:52,370 - sovereign.llama_cpp.lifecycle - INFO - llama-server stopped.
2026-08-25 13:05:16,529 - sovereign.health - DEBUG - Health check executed.
2026-08-25 13:05:55,783 - sovereign.health - DEBUG - Health check executed.
2026-08-25 13:06:24,693 - sovereign.health - DEBUG - Health check executed.
2026-08-25 13:15:51,559 - sovereign.health - DEBUG - Health check executed.
2026-08-25 13:16:14,876 - sovereign.health - DEBUG - Health check executed.
2026-08-25 13:22:14,303 - sovereign.health - DEBUG - Health check executed.
2026-08-25 13:22:59,289 - sovereign.health - DEBUG - Health check executed.
2026-08-25 13:44:46,890 - sovereign.health - DEBUG - Health check executed.
2026-08-25 13:45:49,736 - sovereign.health - DEBUG - Health check executed.
2026-08-25 13:47:38,787 - sovereign.health - DEBUG - Health check executed.
2026-08-25 13:49:20,931 - sovereign.health - DEBUG - Health check executed.
2026-08-25 13:50:19,761 - sovereign.health - DEBUG - Health check executed.
2026-08-25 13:51:08,364 - sovereign.health - DEBUG - Health check executed.
2026-08-25 13:51:58,649 - sovereign.health - DEBUG - Health check executed.
2026-08-25 13:59:37,437 - sovereign.health - DEBUG - Health check executed.
2026-08-25 14:00:30,390 - sovereign.health - DEBUG - Health check executed.
2026-08-25 14:01:24,015 - sovereign.health - DEBUG - Health check executed.
2026-08-25 14:02:09,317 - sovereign.health - DEBUG - Health check executed.
2026-08-25 14:03:07,657 - sovereign.health - DEBUG - Health check executed.
2026-08-25 14:04:02,985 - sovereign.health - DEBUG - Health check executed.
2026-08-25 14:04:47,337 - sovereign.health - DEBUG - Health check executed.
2026-08-25 22:17:38,111 - httpx - INFO - HTTP Request: GET http://testserver/api/v1/health "HTTP/1.1 200 OK"
2026-08-25 22:17:38,193 - httpx - INFO - HTTP Request: POST http://testserver/api/v1/tasks "HTTP/1.1 200 OK"
2026-08-25 22:17:38,202 - httpx - INFO - HTTP Request: GET http://testserver/api/v1/tasks/task-a0769437 "HTTP/1.1 200 OK"
2026-08-25 22:17:38,234 - httpx - INFO - HTTP Request: POST http://testserver/api/v1/tasks/task-6eedbfec/run "HTTP/1.1 400 Bad Request"
2026-08-25 22:17:38,250 - httpx - INFO - HTTP Request: POST http://testserver/api/v1/tasks/task-6eedbfec/run "HTTP/1.1 400 Bad Request"
2026-08-25 22:17:38,257 - httpx - INFO - HTTP Request: POST http://testserver/api/v1/tasks/task-notexist/run "HTTP/1.1 404 Not Found"
2026-08-25 22:17:38,792 - httpx - INFO - HTTP Request: POST http://testserver/api/v1/tasks/task-0b8b6a54/run "HTTP/1.1 200 OK"
2026-08-25 22:17:39,304 - httpx - INFO - HTTP Request: POST http://testserver/api/v1/tasks/task-0b8b6a54/run "HTTP/1.1 200 OK"
2026-08-25 22:17:39,632 - httpx - INFO - HTTP Request: POST http://testserver/api/v1/knowledge/documents "HTTP/1.1 400 Bad Request"
2026-08-25 22:17:39,651 - httpx - INFO - HTTP Request: POST http://testserver/api/v1/knowledge/documents "HTTP/1.1 500 Internal Server Error"
2026-08-25 22:17:41,570 - httpx - INFO - HTTP Request: POST http://testserver/api/v1/tasks "HTTP/1.1 200 OK"
2026-08-25 22:17:41,618 - httpx - INFO - HTTP Request: POST http://testserver/api/v1/knowledge/documents "HTTP/1.1 200 OK"
2026-08-25 22:17:41,694 - httpx - INFO - HTTP Request: POST http://testserver/api/v1/tasks/task-5544d0fe/run "HTTP/1.1 200 OK"
2026-08-25 22:17:42,712 - httpx - INFO - HTTP Request: GET http://testserver/api/v1/tasks/task-5544d0fe "HTTP/1.1 200 OK"
2026-08-25 22:19:04,960 - httpx - INFO - HTTP Request: GET http://testserver/api/v1/health "HTTP/1.1 200 OK"
2026-08-25 22:19:04,991 - httpx - INFO - HTTP Request: POST http://testserver/api/v1/tasks "HTTP/1.1 200 OK"
2026-08-25 22:19:05,006 - httpx - INFO - HTTP Request: GET http://testserver/api/v1/tasks/task-c2d52277 "HTTP/1.1 200 OK"
2026-08-25 22:19:05,033 - httpx - INFO - HTTP Request: POST http://testserver/api/v1/tasks/task-408f5a58/run "HTTP/1.1 400 Bad Request"
2026-08-25 22:19:05,049 - httpx - INFO - HTTP Request: POST http://testserver/api/v1/tasks/task-408f5a58/run "HTTP/1.1 400 Bad Request"
2026-08-25 22:19:05,056 - httpx - INFO - HTTP Request: POST http://testserver/api/v1/tasks/task-notexist/run "HTTP/1.1 404 Not Found"
2026-08-25 22:19:05,588 - httpx - INFO - HTTP Request: POST http://testserver/api/v1/tasks/task-c2fcbc6c/run "HTTP/1.1 200 OK"
2026-08-25 22:19:06,112 - httpx - INFO - HTTP Request: POST http://testserver/api/v1/tasks/task-c2fcbc6c/run "HTTP/1.1 200 OK"
2026-08-25 22:19:06,382 - httpx - INFO - HTTP Request: POST http://testserver/api/v1/knowledge/documents "HTTP/1.1 400 Bad Request"
2026-08-25 22:19:06,409 - httpx - INFO - HTTP Request: POST http://testserver/api/v1/knowledge/documents "HTTP/1.1 500 Internal Server Error"
2026-08-25 22:20:02,955 - httpx - INFO - HTTP Request: GET http://testserver/api/v1/health "HTTP/1.1 200 OK"
2026-08-25 22:20:02,986 - httpx - INFO - HTTP Request: POST http://testserver/api/v1/tasks "HTTP/1.1 200 OK"
2026-08-25 22:20:02,989 - httpx - INFO - HTTP Request: GET http://testserver/api/v1/tasks/task-8cb6acec "HTTP/1.1 200 OK"
2026-08-25 22:20:03,022 - httpx - INFO - HTTP Request: POST http://testserver/api/v1/tasks/task-7c66ebe1/run "HTTP/1.1 400 Bad Request"
2026-08-25 22:20:03,040 - httpx - INFO - HTTP Request: POST http://testserver/api/v1/tasks/task-7c66ebe1/run "HTTP/1.1 400 Bad Request"
2026-08-25 22:20:03,048 - httpx - INFO - HTTP Request: POST http://testserver/api/v1/tasks/task-notexist/run "HTTP/1.1 404 Not Found"
2026-08-25 22:20:03,593 - httpx - INFO - HTTP Request: POST http://testserver/api/v1/tasks/task-fa977f7a/run "HTTP/1.1 200 OK"
2026-08-25 22:20:04,114 - httpx - INFO - HTTP Request: POST http://testserver/api/v1/tasks/task-fa977f7a/run "HTTP/1.1 200 OK"
2026-08-25 22:20:04,412 - httpx - INFO - HTTP Request: POST http://testserver/api/v1/knowledge/documents "HTTP/1.1 400 Bad Request"
2026-08-25 22:20:04,429 - httpx - INFO - HTTP Request: POST http://testserver/api/v1/knowledge/documents "HTTP/1.1 413 Request Entity Too Large"
2026-08-25 22:20:04,449 - httpx - INFO - HTTP Request: GET http://testserver/api/v1/tasks/task-abc/artifacts "HTTP/1.1 200 OK"
2026-08-25 22:20:06,432 - httpx - INFO - HTTP Request: POST http://testserver/api/v1/tasks "HTTP/1.1 200 OK"
2026-08-25 22:20:06,469 - httpx - INFO - HTTP Request: POST http://testserver/api/v1/knowledge/documents "HTTP/1.1 200 OK"
2026-08-25 22:20:06,538 - httpx - INFO - HTTP Request: POST http://testserver/api/v1/tasks/task-c2f75091/run "HTTP/1.1 200 OK"
2026-08-25 22:20:07,543 - httpx - INFO - HTTP Request: GET http://testserver/api/v1/tasks/task-c2f75091 "HTTP/1.1 200 OK"
2026-08-25 22:20:07,559 - httpx - INFO - HTTP Request: GET http://testserver/api/v1/tasks/task-c2f75091/artifacts "HTTP/1.1 200 OK"
2026-08-25 22:21:20,795 - httpx - INFO - HTTP Request: GET http://testserver/api/v1/health "HTTP/1.1 200 OK"
2026-08-25 22:21:20,831 - httpx - INFO - HTTP Request: POST http://testserver/api/v1/tasks "HTTP/1.1 200 OK"
2026-08-25 22:21:20,839 - httpx - INFO - HTTP Request: GET http://testserver/api/v1/tasks/task-8b00c527 "HTTP/1.1 200 OK"
2026-08-25 22:21:20,865 - httpx - INFO - HTTP Request: POST http://testserver/api/v1/tasks/task-d8994d7b/run "HTTP/1.1 400 Bad Request"
2026-08-25 22:21:20,880 - httpx - INFO - HTTP Request: POST http://testserver/api/v1/tasks/task-d8994d7b/run "HTTP/1.1 400 Bad Request"
2026-08-25 22:21:20,890 - httpx - INFO - HTTP Request: POST http://testserver/api/v1/tasks/task-notexist/run "HTTP/1.1 404 Not Found"
2026-08-25 22:21:21,426 - httpx - INFO - HTTP Request: POST http://testserver/api/v1/tasks/task-738b79b0/run "HTTP/1.1 200 OK"
2026-08-25 22:21:21,943 - httpx - INFO - HTTP Request: POST http://testserver/api/v1/tasks/task-738b79b0/run "HTTP/1.1 200 OK"
2026-08-25 22:21:22,232 - httpx - INFO - HTTP Request: POST http://testserver/api/v1/knowledge/documents "HTTP/1.1 400 Bad Request"
2026-08-25 22:21:22,254 - httpx - INFO - HTTP Request: POST http://testserver/api/v1/knowledge/documents "HTTP/1.1 413 Request Entity Too Large"
2026-08-25 22:21:22,270 - httpx - INFO - HTTP Request: GET http://testserver/api/v1/tasks/task-abc/artifacts "HTTP/1.1 200 OK"
2026-08-25 22:21:22,279 - httpx - INFO - HTTP Request: GET http://testserver/api/v1/artifacts/art-123 "HTTP/1.1 200 OK"
2026-08-25 22:21:22,287 - httpx - INFO - HTTP Request: GET http://testserver/api/v1/artifacts/art-notexist "HTTP/1.1 404 Not Found"
2026-08-25 22:21:22,303 - httpx - INFO - HTTP Request: GET http://testserver/api/v1/artifacts/art-hack "HTTP/1.1 400 Bad Request"
2026-08-25 22:21:22,759 - httpx - INFO - HTTP Request: POST http://testserver/api/v1/tasks "HTTP/1.1 200 OK"
2026-08-25 22:21:22,794 - httpx - INFO - HTTP Request: POST http://testserver/api/v1/knowledge/documents "HTTP/1.1 200 OK"
2026-08-25 22:21:22,868 - httpx - INFO - HTTP Request: POST http://testserver/api/v1/tasks/task-e662254f/run "HTTP/1.1 200 OK"
2026-08-25 22:21:23,890 - httpx - INFO - HTTP Request: GET http://testserver/api/v1/tasks/task-e662254f "HTTP/1.1 200 OK"
2026-08-25 22:21:23,914 - httpx - INFO - HTTP Request: GET http://testserver/api/v1/tasks/task-e662254f/artifacts "HTTP/1.1 200 OK"
2026-08-25 22:21:23,924 - httpx - INFO - HTTP Request: GET http://testserver/api/v1/artifacts/art-4ef7c3b1 "HTTP/1.1 400 Bad Request"
2026-08-25 22:22:05,270 - sovereign.health - DEBUG - Health check executed.
2026-08-25 22:23:35,763 - sovereign.health - DEBUG - Health check executed.
2026-08-25 22:33:20,334 - httpx - INFO - HTTP Request: GET http://testserver/api/v1/health "HTTP/1.1 200 OK"
2026-08-25 22:34:00,559 - httpx - INFO - HTTP Request: GET http://testserver/api/v1/health "HTTP/1.1 200 OK"
2026-08-25 22:34:45,713 - httpx - INFO - HTTP Request: GET http://testserver/api/v1/health "HTTP/1.1 200 OK"
2026-08-25 22:34:45,767 - httpx - INFO - HTTP Request: POST http://testserver/api/v1/tasks "HTTP/1.1 200 OK"
2026-08-25 22:34:45,770 - httpx - INFO - HTTP Request: GET http://testserver/api/v1/tasks/task-2803eaec "HTTP/1.1 200 OK"
2026-08-25 22:34:45,796 - httpx - INFO - HTTP Request: POST http://testserver/api/v1/tasks "HTTP/1.1 422 Unprocessable Entity"
2026-08-25 22:34:45,818 - httpx - INFO - HTTP Request: GET http://testserver/api/v1/tasks/task-notexist "HTTP/1.1 404 Not Found"
2026-08-25 22:34:45,861 - httpx - INFO - HTTP Request: POST http://testserver/api/v1/tasks/task-c8581561/run "HTTP/1.1 400 Bad Request"
2026-08-25 22:34:45,876 - httpx - INFO - HTTP Request: POST http://testserver/api/v1/tasks/task-c8581561/run "HTTP/1.1 400 Bad Request"
2026-08-25 22:34:45,895 - httpx - INFO - HTTP Request: POST http://testserver/api/v1/tasks/task-c8581561/run "HTTP/1.1 400 Bad Request"
2026-08-25 22:34:45,918 - httpx - INFO - HTTP Request: POST http://testserver/api/v1/tasks/task-c8581561/run "HTTP/1.1 400 Bad Request"
2026-08-25 22:34:45,927 - httpx - INFO - HTTP Request: POST http://testserver/api/v1/tasks/task-notexist/run "HTTP/1.1 404 Not Found"
2026-08-25 22:34:46,480 - httpx - INFO - HTTP Request: POST http://testserver/api/v1/tasks/task-2f8805e7/run "HTTP/1.1 200 OK"
2026-08-25 22:34:46,997 - httpx - INFO - HTTP Request: POST http://testserver/api/v1/tasks/task-2f8805e7/run "HTTP/1.1 200 OK"
2026-08-25 22:34:47,604 - httpx - INFO - HTTP Request: POST http://testserver/api/v1/knowledge/documents "HTTP/1.1 400 Bad Request"
2026-08-25 22:34:47,630 - httpx - INFO - HTTP Request: POST http://testserver/api/v1/knowledge/documents "HTTP/1.1 413 Request Entity Too Large"
2026-08-25 22:34:47,663 - httpx - INFO - HTTP Request: GET http://testserver/api/v1/tasks/task-abc/artifacts "HTTP/1.1 200 OK"
2026-08-25 22:34:47,680 - httpx - INFO - HTTP Request: GET http://testserver/api/v1/artifacts/art-123 "HTTP/1.1 200 OK"
2026-08-25 22:34:47,687 - httpx - INFO - HTTP Request: GET http://testserver/api/v1/artifacts/art-notexist "HTTP/1.1 404 Not Found"
2026-08-25 22:34:47,719 - httpx - INFO - HTTP Request: GET http://testserver/api/v1/artifacts/art-hack "HTTP/1.1 400 Bad Request"
2026-08-25 22:34:48,191 - httpx - INFO - HTTP Request: POST http://testserver/api/v1/tasks "HTTP/1.1 200 OK"
2026-08-25 22:34:48,225 - httpx - INFO - HTTP Request: POST http://testserver/api/v1/knowledge/documents "HTTP/1.1 200 OK"
2026-08-25 22:34:48,300 - httpx - INFO - HTTP Request: POST http://testserver/api/v1/tasks/task-6b74fab6/run "HTTP/1.1 200 OK"
2026-08-25 22:35:30,674 - httpx - INFO - HTTP Request: GET http://testserver/api/v1/health "HTTP/1.1 200 OK"
2026-08-25 22:35:30,737 - httpx - INFO - HTTP Request: POST http://testserver/api/v1/tasks "HTTP/1.1 200 OK"
2026-08-25 22:35:30,746 - httpx - INFO - HTTP Request: GET http://testserver/api/v1/tasks/task-d7e7700a "HTTP/1.1 200 OK"
2026-08-25 22:35:30,764 - httpx - INFO - HTTP Request: POST http://testserver/api/v1/tasks "HTTP/1.1 422 Unprocessable Entity"
2026-08-25 22:35:30,791 - httpx - INFO - HTTP Request: GET http://testserver/api/v1/tasks/task-notexist "HTTP/1.1 404 Not Found"
2026-08-25 22:35:30,826 - httpx - INFO - HTTP Request: POST http://testserver/api/v1/tasks/task-d826f6a1/run "HTTP/1.1 400 Bad Request"
2026-08-25 22:35:30,843 - httpx - INFO - HTTP Request: POST http://testserver/api/v1/tasks/task-d826f6a1/run "HTTP/1.1 400 Bad Request"
2026-08-25 22:35:30,859 - httpx - INFO - HTTP Request: POST http://testserver/api/v1/tasks/task-d826f6a1/run "HTTP/1.1 400 Bad Request"
2026-08-25 22:35:30,883 - httpx - INFO - HTTP Request: POST http://testserver/api/v1/tasks/task-d826f6a1/run "HTTP/1.1 400 Bad Request"
2026-08-25 22:35:30,892 - httpx - INFO - HTTP Request: POST http://testserver/api/v1/tasks/task-notexist/run "HTTP/1.1 404 Not Found"
2026-08-25 22:35:30,931 - httpx - INFO - HTTP Request: POST http://testserver/api/v1/tasks/task-c5e0e867/run "HTTP/1.1 200 OK"
2026-08-25 22:35:30,931 - httpx - INFO - HTTP Request: POST http://testserver/api/v1/tasks/task-c5e0e867/run "HTTP/1.1 409 Conflict"
2026-08-25 22:35:31,174 - httpx - INFO - HTTP Request: POST http://testserver/api/v1/knowledge/documents "HTTP/1.1 400 Bad Request"
2026-08-25 22:35:31,198 - httpx - INFO - HTTP Request: POST http://testserver/api/v1/knowledge/documents "HTTP/1.1 413 Request Entity Too Large"
2026-08-25 22:35:31,231 - httpx - INFO - HTTP Request: GET http://testserver/api/v1/tasks/task-abc/artifacts "HTTP/1.1 200 OK"
2026-08-25 22:35:31,238 - httpx - INFO - HTTP Request: GET http://testserver/api/v1/artifacts/art-123 "HTTP/1.1 200 OK"
2026-08-25 22:35:31,249 - httpx - INFO - HTTP Request: GET http://testserver/api/v1/artifacts/art-notexist "HTTP/1.1 404 Not Found"
2026-08-25 22:35:31,271 - httpx - INFO - HTTP Request: GET http://testserver/api/v1/artifacts/art-hack "HTTP/1.1 400 Bad Request"
2026-08-25 22:35:31,771 - httpx - INFO - HTTP Request: POST http://testserver/api/v1/tasks "HTTP/1.1 200 OK"
2026-08-25 22:35:31,812 - httpx - INFO - HTTP Request: POST http://testserver/api/v1/knowledge/documents "HTTP/1.1 200 OK"
2026-08-25 22:35:31,883 - httpx - INFO - HTTP Request: POST http://testserver/api/v1/tasks/task-397263d7/run "HTTP/1.1 200 OK"
2026-08-25 22:35:32,899 - httpx - INFO - HTTP Request: GET http://testserver/api/v1/tasks/task-397263d7 "HTTP/1.1 200 OK"
2026-08-25 22:35:32,943 - httpx - INFO - HTTP Request: GET http://testserver/api/v1/tasks/task-397263d7/artifacts "HTTP/1.1 200 OK"
2026-08-25 22:35:32,963 - httpx - INFO - HTTP Request: GET http://testserver/api/v1/artifacts/art-9071cbca "HTTP/1.1 400 Bad Request"
2026-08-25 22:36:23,736 - httpx - INFO - HTTP Request: GET http://testserver/api/v1/health "HTTP/1.1 200 OK"
2026-08-25 22:36:23,793 - httpx - INFO - HTTP Request: POST http://testserver/api/v1/tasks "HTTP/1.1 200 OK"
2026-08-25 22:36:23,803 - httpx - INFO - HTTP Request: GET http://testserver/api/v1/tasks/task-b6e796d3 "HTTP/1.1 200 OK"
2026-08-25 22:36:23,829 - httpx - INFO - HTTP Request: POST http://testserver/api/v1/tasks "HTTP/1.1 422 Unprocessable Entity"
2026-08-25 22:36:23,850 - httpx - INFO - HTTP Request: GET http://testserver/api/v1/tasks/task-notexist "HTTP/1.1 404 Not Found"
2026-08-25 22:36:23,882 - httpx - INFO - HTTP Request: POST http://testserver/api/v1/tasks/task-fa3a352c/run "HTTP/1.1 400 Bad Request"
2026-08-25 22:36:23,903 - httpx - INFO - HTTP Request: POST http://testserver/api/v1/tasks/task-fa3a352c/run "HTTP/1.1 400 Bad Request"
2026-08-25 22:36:23,921 - httpx - INFO - HTTP Request: POST http://testserver/api/v1/tasks/task-fa3a352c/run "HTTP/1.1 400 Bad Request"
2026-08-25 22:36:23,933 - httpx - INFO - HTTP Request: POST http://testserver/api/v1/tasks/task-fa3a352c/run "HTTP/1.1 400 Bad Request"
2026-08-25 22:36:23,942 - httpx - INFO - HTTP Request: POST http://testserver/api/v1/tasks/task-notexist/run "HTTP/1.1 404 Not Found"
2026-08-25 22:36:23,991 - httpx - INFO - HTTP Request: POST http://testserver/api/v1/tasks/task-2a643422/run "HTTP/1.1 200 OK"
2026-08-25 22:36:23,998 - httpx - INFO - HTTP Request: POST http://testserver/api/v1/tasks/task-2a643422/run "HTTP/1.1 409 Conflict"
2026-08-25 22:36:24,233 - httpx - INFO - HTTP Request: POST http://testserver/api/v1/knowledge/documents "HTTP/1.1 400 Bad Request"
2026-08-25 22:36:24,272 - httpx - INFO - HTTP Request: POST http://testserver/api/v1/knowledge/documents "HTTP/1.1 413 Request Entity Too Large"
2026-08-25 22:36:24,305 - httpx - INFO - HTTP Request: GET http://testserver/api/v1/tasks/task-abc/artifacts "HTTP/1.1 200 OK"
2026-08-25 22:36:24,321 - httpx - INFO - HTTP Request: GET http://testserver/api/v1/artifacts/art-123 "HTTP/1.1 200 OK"
2026-08-25 22:36:24,329 - httpx - INFO - HTTP Request: GET http://testserver/api/v1/artifacts/art-notexist "HTTP/1.1 404 Not Found"
2026-08-25 22:36:24,362 - httpx - INFO - HTTP Request: GET http://testserver/api/v1/artifacts/art-hack "HTTP/1.1 404 Not Found"
2026-08-25 22:36:25,177 - httpx - INFO - HTTP Request: POST http://testserver/api/v1/tasks "HTTP/1.1 200 OK"
2026-08-25 22:36:25,220 - httpx - INFO - HTTP Request: POST http://testserver/api/v1/knowledge/documents "HTTP/1.1 200 OK"
2026-08-25 22:36:25,293 - httpx - INFO - HTTP Request: POST http://testserver/api/v1/tasks/task-314f0483/run "HTTP/1.1 200 OK"
2026-08-25 22:36:26,315 - httpx - INFO - HTTP Request: GET http://testserver/api/v1/tasks/task-314f0483 "HTTP/1.1 200 OK"
2026-08-25 22:36:26,358 - httpx - INFO - HTTP Request: GET http://testserver/api/v1/tasks/task-314f0483/artifacts "HTTP/1.1 200 OK"
2026-08-25 22:36:26,383 - httpx - INFO - HTTP Request: GET http://testserver/api/v1/artifacts/art-687c981b "HTTP/1.1 200 OK"
2026-08-25 22:37:42,777 - httpx - INFO - HTTP Request: GET http://testserver/api/v1/health "HTTP/1.1 200 OK"
2026-08-25 22:37:42,825 - httpx - INFO - HTTP Request: POST http://testserver/api/v1/tasks "HTTP/1.1 200 OK"
2026-08-25 22:37:42,835 - httpx - INFO - HTTP Request: GET http://testserver/api/v1/tasks/task-b855b23d "HTTP/1.1 200 OK"
2026-08-25 22:37:42,852 - httpx - INFO - HTTP Request: POST http://testserver/api/v1/tasks "HTTP/1.1 422 Unprocessable Entity"
2026-08-25 22:37:42,873 - httpx - INFO - HTTP Request: GET http://testserver/api/v1/tasks/task-notexist "HTTP/1.1 404 Not Found"
2026-08-25 22:37:42,907 - httpx - INFO - HTTP Request: POST http://testserver/api/v1/tasks/task-4ab41f4e/run "HTTP/1.1 400 Bad Request"
2026-08-25 22:37:42,931 - httpx - INFO - HTTP Request: POST http://testserver/api/v1/tasks/task-4ab41f4e/run "HTTP/1.1 400 Bad Request"
2026-08-25 22:37:42,947 - httpx - INFO - HTTP Request: POST http://testserver/api/v1/tasks/task-4ab41f4e/run "HTTP/1.1 400 Bad Request"
2026-08-25 22:37:42,974 - httpx - INFO - HTTP Request: POST http://testserver/api/v1/tasks/task-4ab41f4e/run "HTTP/1.1 400 Bad Request"
2026-08-25 22:37:42,984 - httpx - INFO - HTTP Request: POST http://testserver/api/v1/tasks/task-notexist/run "HTTP/1.1 404 Not Found"
2026-08-25 22:37:43,040 - httpx - INFO - HTTP Request: POST http://testserver/api/v1/tasks/task-6e0c79bb/run "HTTP/1.1 200 OK"
2026-08-25 22:37:43,056 - httpx - INFO - HTTP Request: POST http://testserver/api/v1/tasks/task-6e0c79bb/run "HTTP/1.1 409 Conflict"
2026-08-25 22:37:43,411 - httpx - INFO - HTTP Request: POST http://testserver/api/v1/knowledge/documents "HTTP/1.1 400 Bad Request"
2026-08-25 22:37:43,437 - httpx - INFO - HTTP Request: POST http://testserver/api/v1/knowledge/documents "HTTP/1.1 413 Request Entity Too Large"
2026-08-25 22:37:43,462 - httpx - INFO - HTTP Request: GET http://testserver/api/v1/tasks/task-abc/artifacts "HTTP/1.1 200 OK"
2026-08-25 22:37:43,472 - httpx - INFO - HTTP Request: GET http://testserver/api/v1/artifacts/art-123 "HTTP/1.1 200 OK"
2026-08-25 22:37:43,478 - httpx - INFO - HTTP Request: GET http://testserver/api/v1/artifacts/art-notexist "HTTP/1.1 404 Not Found"
2026-08-25 22:37:43,512 - httpx - INFO - HTTP Request: GET http://testserver/api/v1/artifacts/art-hack "HTTP/1.1 404 Not Found"
2026-08-25 22:37:44,050 - httpx - INFO - HTTP Request: POST http://testserver/api/v1/tasks "HTTP/1.1 200 OK"
2026-08-25 22:37:44,090 - httpx - INFO - HTTP Request: POST http://testserver/api/v1/knowledge/documents "HTTP/1.1 200 OK"
2026-08-25 22:37:44,180 - httpx - INFO - HTTP Request: POST http://testserver/api/v1/tasks/task-f04047e8/run "HTTP/1.1 200 OK"
2026-08-25 22:37:45,201 - httpx - INFO - HTTP Request: GET http://testserver/api/v1/tasks/task-f04047e8 "HTTP/1.1 200 OK"
2026-08-25 22:37:45,242 - httpx - INFO - HTTP Request: GET http://testserver/api/v1/tasks/task-f04047e8/artifacts "HTTP/1.1 200 OK"
2026-08-25 22:37:45,272 - httpx - INFO - HTTP Request: GET http://testserver/api/v1/artifacts/art-bd4439bf "HTTP/1.1 200 OK"
2026-08-25 22:39:35,160 - httpx - INFO - HTTP Request: GET http://testserver/api/v1/health "HTTP/1.1 200 OK"
2026-08-25 22:39:35,221 - httpx - INFO - HTTP Request: POST http://testserver/api/v1/tasks "HTTP/1.1 200 OK"
2026-08-25 22:39:35,231 - httpx - INFO - HTTP Request: GET http://testserver/api/v1/tasks/task-570bd58a "HTTP/1.1 200 OK"
2026-08-25 22:39:35,260 - httpx - INFO - HTTP Request: POST http://testserver/api/v1/tasks "HTTP/1.1 422 Unprocessable Entity"
2026-08-25 22:39:35,283 - httpx - INFO - HTTP Request: GET http://testserver/api/v1/tasks/task-notexist "HTTP/1.1 404 Not Found"
2026-08-25 22:39:35,322 - httpx - INFO - HTTP Request: POST http://testserver/api/v1/tasks/task-d37afeea/run "HTTP/1.1 400 Bad Request"
2026-08-25 22:39:35,344 - httpx - INFO - HTTP Request: POST http://testserver/api/v1/tasks/task-d37afeea/run "HTTP/1.1 400 Bad Request"
2026-08-25 22:39:35,373 - httpx - INFO - HTTP Request: POST http://testserver/api/v1/tasks/task-d37afeea/run "HTTP/1.1 400 Bad Request"
2026-08-25 22:39:35,411 - httpx - INFO - HTTP Request: POST http://testserver/api/v1/tasks/task-d37afeea/run "HTTP/1.1 400 Bad Request"
2026-08-25 22:39:35,430 - httpx - INFO - HTTP Request: POST http://testserver/api/v1/tasks/task-notexist/run "HTTP/1.1 404 Not Found"
2026-08-25 22:39:35,512 - httpx - INFO - HTTP Request: POST http://testserver/api/v1/tasks/task-5cd0e45d/run "HTTP/1.1 200 OK"
2026-08-25 22:39:35,513 - httpx - INFO - HTTP Request: POST http://testserver/api/v1/tasks/task-5cd0e45d/run "HTTP/1.1 409 Conflict"
2026-08-25 22:39:35,714 - httpx - INFO - HTTP Request: POST http://testserver/api/v1/knowledge/documents "HTTP/1.1 400 Bad Request"
2026-08-25 22:39:35,745 - httpx - INFO - HTTP Request: POST http://testserver/api/v1/knowledge/documents "HTTP/1.1 413 Request Entity Too Large"
2026-08-25 22:39:35,770 - httpx - INFO - HTTP Request: GET http://testserver/api/v1/tasks/task-abc/artifacts "HTTP/1.1 200 OK"
2026-08-25 22:39:35,781 - httpx - INFO - HTTP Request: GET http://testserver/api/v1/artifacts/art-123 "HTTP/1.1 200 OK"
2026-08-25 22:39:35,788 - httpx - INFO - HTTP Request: GET http://testserver/api/v1/artifacts/art-notexist "HTTP/1.1 404 Not Found"
2026-08-25 22:39:35,812 - httpx - INFO - HTTP Request: GET http://testserver/api/v1/artifacts/art-hack "HTTP/1.1 404 Not Found"
2026-08-25 22:39:36,399 - httpx - INFO - HTTP Request: POST http://testserver/api/v1/tasks "HTTP/1.1 200 OK"
2026-08-25 22:39:36,438 - httpx - INFO - HTTP Request: POST http://testserver/api/v1/knowledge/documents "HTTP/1.1 200 OK"
2026-08-25 22:39:36,529 - httpx - INFO - HTTP Request: POST http://testserver/api/v1/tasks/task-af3e8c88/run "HTTP/1.1 200 OK"
2026-08-25 22:39:37,552 - httpx - INFO - HTTP Request: GET http://testserver/api/v1/tasks/task-af3e8c88 "HTTP/1.1 200 OK"
2026-08-25 22:39:37,588 - httpx - INFO - HTTP Request: GET http://testserver/api/v1/tasks/task-af3e8c88/artifacts "HTTP/1.1 200 OK"
2026-08-25 22:39:37,611 - httpx - INFO - HTTP Request: GET http://testserver/api/v1/artifacts/art-e8ef20a1 "HTTP/1.1 200 OK"
2026-08-26 10:27:41,728 - sovereign.llama_cpp.lifecycle - INFO - Starting llama-server: C:\Users\Dell\AppData\Local\Microsoft\WinGet\Packages\ggml.llamacpp_Microsoft.Winget.Source_8wekyb3d8bbwe\llama-server.exe -m C:\Users\Dell\.cache\huggingface\hub\models--Qwen--Qwen3-8B-GGUF\snapshots\7c41481f57cb95916b40956ab2f0b139b296d974\Qwen3-8B-Q4_K_M.gguf --port 8080 --host 127.0.0.1 -c 8192 -ngl 20
2026-08-26 10:27:56,022 - sovereign.llama_cpp.lifecycle - INFO - llama-server is ready.
2026-08-26 10:29:42,071 - sovereign.llama_cpp.lifecycle - INFO - Starting llama-server: C:\Users\Dell\AppData\Local\Microsoft\WinGet\Packages\ggml.llamacpp_Microsoft.Winget.Source_8wekyb3d8bbwe\llama-server.exe -m C:\Users\Dell\.cache\huggingface\hub\models--Qwen--Qwen3-8B-GGUF\snapshots\7c41481f57cb95916b40956ab2f0b139b296d974\Qwen3-8B-Q4_K_M.gguf --port 8080 --host 127.0.0.1 -c 8192 -ngl 20
2026-08-26 10:29:48,779 - sovereign.llama_cpp.lifecycle - INFO - llama-server is ready.
2026-08-26 10:30:56,092 - sovereign.llama_cpp.lifecycle - INFO - Starting llama-server: C:\Users\Dell\AppData\Local\Microsoft\WinGet\Packages\ggml.llamacpp_Microsoft.Winget.Source_8wekyb3d8bbwe\llama-server.exe -m C:\Users\Dell\.cache\huggingface\hub\models--Qwen--Qwen3-8B-GGUF\snapshots\7c41481f57cb95916b40956ab2f0b139b296d974\Qwen3-8B-Q4_K_M.gguf --port 8080 --host 127.0.0.1 -c 8192 -ngl 20
2026-08-26 10:31:02,318 - sovereign.llama_cpp.lifecycle - INFO - llama-server is ready.
2026-08-26 10:32:31,790 - sovereign.llama_cpp.lifecycle - INFO - Starting llama-server: C:\Users\Dell\AppData\Local\Microsoft\WinGet\Packages\ggml.llamacpp_Microsoft.Winget.Source_8wekyb3d8bbwe\llama-server.exe -m C:\Users\Dell\.cache\huggingface\hub\models--Qwen--Qwen3-8B-GGUF\snapshots\7c41481f57cb95916b40956ab2f0b139b296d974\Qwen3-8B-Q4_K_M.gguf --port 8080 --host 127.0.0.1 -c 8192 -ngl 20
2026-08-26 10:32:38,024 - sovereign.llama_cpp.lifecycle - INFO - llama-server is ready.
2026-08-26 10:32:50,318 - httpx - INFO - HTTP Request: POST http://testserver/api/v1/tasks "HTTP/1.1 200 OK"
2026-08-26 10:33:24,021 - httpx - INFO - HTTP Request: POST http://testserver/api/v1/tasks/task-77a55759/run "HTTP/1.1 200 OK"
2026-08-26 10:33:24,031 - httpx - INFO - HTTP Request: GET http://testserver/api/v1/tasks/task-77a55759 "HTTP/1.1 200 OK"
2026-08-26 10:33:24,138 - httpx - INFO - HTTP Request: POST http://testserver/api/v1/knowledge/documents "HTTP/1.1 200 OK"
2026-08-26 10:33:24,153 - httpx - INFO - HTTP Request: POST http://testserver/api/v1/tasks "HTTP/1.1 200 OK"
2026-08-26 10:33:55,472 - httpx - INFO - HTTP Request: POST http://testserver/api/v1/tasks/task-8864604a/run "HTTP/1.1 200 OK"
2026-08-26 10:33:55,484 - httpx - INFO - HTTP Request: GET http://testserver/api/v1/tasks/task-8864604a "HTTP/1.1 200 OK"
2026-08-26 10:33:55,503 - httpx - INFO - HTTP Request: POST http://testserver/api/v1/tasks "HTTP/1.1 200 OK"
2026-08-26 10:34:28,656 - httpx - INFO - HTTP Request: POST http://testserver/api/v1/tasks/task-c35698bd/run "HTTP/1.1 200 OK"
2026-08-26 10:34:28,666 - httpx - INFO - HTTP Request: GET http://testserver/api/v1/tasks/task-c35698bd "HTTP/1.1 200 OK"
2026-08-26 10:36:49,856 - sovereign.llama_cpp.lifecycle - INFO - Starting llama-server: C:\Users\Dell\AppData\Local\Microsoft\WinGet\Packages\ggml.llamacpp_Microsoft.Winget.Source_8wekyb3d8bbwe\llama-server.exe -m C:\Users\Dell\.cache\huggingface\hub\models--Qwen--Qwen3-8B-GGUF\snapshots\7c41481f57cb95916b40956ab2f0b139b296d974\Qwen3-8B-Q4_K_M.gguf --port 8080 --host 127.0.0.1 -c 8192 -ngl 20
2026-08-26 10:36:56,584 - sovereign.llama_cpp.lifecycle - INFO - llama-server is ready.
2026-08-26 10:37:09,467 - httpx - INFO - HTTP Request: POST http://testserver/api/v1/tasks "HTTP/1.1 200 OK"
2026-08-26 10:37:42,857 - httpx - INFO - HTTP Request: POST http://testserver/api/v1/tasks/task-7e2324ff/run "HTTP/1.1 200 OK"
2026-08-26 10:37:42,867 - httpx - INFO - HTTP Request: GET http://testserver/api/v1/tasks/task-7e2324ff "HTTP/1.1 200 OK"
2026-08-26 10:37:42,982 - httpx - INFO - HTTP Request: POST http://testserver/api/v1/knowledge/documents "HTTP/1.1 200 OK"
2026-08-26 10:37:42,998 - httpx - INFO - HTTP Request: POST http://testserver/api/v1/tasks "HTTP/1.1 200 OK"
2026-08-26 10:38:48,516 - httpx - INFO - HTTP Request: POST http://testserver/api/v1/tasks/task-01fd1b54/run "HTTP/1.1 200 OK"
2026-08-26 10:38:48,528 - httpx - INFO - HTTP Request: GET http://testserver/api/v1/tasks/task-01fd1b54 "HTTP/1.1 200 OK"
2026-08-26 10:38:48,547 - httpx - INFO - HTTP Request: POST http://testserver/api/v1/tasks "HTTP/1.1 200 OK"
2026-08-26 10:39:20,692 - httpx - INFO - HTTP Request: POST http://testserver/api/v1/tasks/task-0c04f539/run "HTTP/1.1 200 OK"
2026-08-26 10:39:20,702 - httpx - INFO - HTTP Request: GET http://testserver/api/v1/tasks/task-0c04f539 "HTTP/1.1 200 OK"
2026-08-26 10:39:20,733 - httpx - INFO - HTTP Request: GET http://testserver/api/v1/artifacts/art-db38514e "HTTP/1.1 200 OK"
2026-08-26 10:39:20,734 - sovereign.llama_cpp.lifecycle - INFO - Stopping llama-server...
2026-08-26 10:39:21,726 - sovereign.llama_cpp.lifecycle - INFO - llama-server stopped.
2026-08-26 10:42:08,942 - httpx - INFO - HTTP Request: GET http://testserver/api/v1/health "HTTP/1.1 200 OK"
2026-08-26 10:42:08,986 - httpx - INFO - HTTP Request: POST http://testserver/api/v1/tasks "HTTP/1.1 200 OK"
2026-08-26 10:42:08,996 - httpx - INFO - HTTP Request: GET http://testserver/api/v1/tasks/task-b520db6d "HTTP/1.1 200 OK"
2026-08-26 10:42:09,015 - httpx - INFO - HTTP Request: POST http://testserver/api/v1/tasks "HTTP/1.1 422 Unprocessable Entity"
2026-08-26 10:42:09,036 - httpx - INFO - HTTP Request: GET http://testserver/api/v1/tasks/task-notexist "HTTP/1.1 404 Not Found"
2026-08-26 10:42:09,070 - httpx - INFO - HTTP Request: POST http://testserver/api/v1/tasks/task-97aecabb/run "HTTP/1.1 400 Bad Request"
2026-08-26 10:42:09,092 - httpx - INFO - HTTP Request: POST http://testserver/api/v1/tasks/task-97aecabb/run "HTTP/1.1 400 Bad Request"
2026-08-26 10:42:09,108 - httpx - INFO - HTTP Request: POST http://testserver/api/v1/tasks/task-97aecabb/run "HTTP/1.1 400 Bad Request"
2026-08-26 10:42:09,123 - httpx - INFO - HTTP Request: POST http://testserver/api/v1/tasks/task-97aecabb/run "HTTP/1.1 400 Bad Request"
2026-08-26 10:42:09,128 - httpx - INFO - HTTP Request: POST http://testserver/api/v1/tasks/task-notexist/run "HTTP/1.1 404 Not Found"
2026-08-26 10:42:09,155 - httpx - INFO - HTTP Request: POST http://testserver/api/v1/tasks/task-4a5f9161/run "HTTP/1.1 200 OK"
2026-08-26 10:42:09,160 - httpx - INFO - HTTP Request: POST http://testserver/api/v1/tasks/task-4a5f9161/run "HTTP/1.1 409 Conflict"
2026-08-26 10:42:09,350 - httpx - INFO - HTTP Request: POST http://testserver/api/v1/knowledge/documents "HTTP/1.1 400 Bad Request"
2026-08-26 10:42:09,366 - httpx - INFO - HTTP Request: POST http://testserver/api/v1/knowledge/documents "HTTP/1.1 413 Request Entity Too Large"
2026-08-26 10:42:09,386 - httpx - INFO - HTTP Request: GET http://testserver/api/v1/tasks/task-abc/artifacts "HTTP/1.1 200 OK"
2026-08-26 10:42:09,392 - httpx - INFO - HTTP Request: GET http://testserver/api/v1/artifacts/art-123 "HTTP/1.1 200 OK"
2026-08-26 10:42:09,397 - httpx - INFO - HTTP Request: GET http://testserver/api/v1/artifacts/art-notexist "HTTP/1.1 404 Not Found"
2026-08-26 10:42:09,415 - httpx - INFO - HTTP Request: GET http://testserver/api/v1/artifacts/art-hack "HTTP/1.1 404 Not Found"
2026-08-26 10:42:09,822 - httpx - INFO - HTTP Request: POST http://testserver/api/v1/tasks "HTTP/1.1 200 OK"
2026-08-26 10:42:09,866 - httpx - INFO - HTTP Request: POST http://testserver/api/v1/knowledge/documents "HTTP/1.1 200 OK"
2026-08-26 10:42:09,933 - httpx - INFO - HTTP Request: POST http://testserver/api/v1/tasks/task-d2b54568/run "HTTP/1.1 200 OK"
2026-08-26 10:42:10,942 - httpx - INFO - HTTP Request: GET http://testserver/api/v1/tasks/task-d2b54568 "HTTP/1.1 200 OK"
2026-08-26 10:42:10,956 - httpx - INFO - HTTP Request: GET http://testserver/api/v1/tasks/task-d2b54568/artifacts "HTTP/1.1 200 OK"
2026-08-26 10:42:10,965 - httpx - INFO - HTTP Request: GET http://testserver/api/v1/artifacts/art-1a694a9e "HTTP/1.1 200 OK"
2026-08-26 10:44:06,399 - sovereign.llama_cpp.lifecycle - INFO - Starting llama-server: C:\Users\Dell\AppData\Local\Microsoft\WinGet\Packages\ggml.llamacpp_Microsoft.Winget.Source_8wekyb3d8bbwe\llama-server.exe -m C:\Users\Dell\.cache\huggingface\hub\models--Qwen--Qwen3-8B-GGUF\snapshots\7c41481f57cb95916b40956ab2f0b139b296d974\Qwen3-8B-Q4_K_M.gguf --port 8080 --host 127.0.0.1 -c 8192 -ngl 20
2026-08-26 10:44:12,633 - sovereign.llama_cpp.lifecycle - INFO - llama-server is ready.
2026-08-26 11:03:10,600 - sovereign.llama_cpp.lifecycle - INFO - Stopping llama-server...
2026-08-26 11:03:11,645 - sovereign.llama_cpp.lifecycle - INFO - llama-server stopped.
2026-08-26 11:03:40,445 - sovereign.llama_cpp.lifecycle - INFO - Starting llama-server: C:\Users\Dell\AppData\Local\Microsoft\WinGet\Packages\ggml.llamacpp_Microsoft.Winget.Source_8wekyb3d8bbwe\llama-server.exe -m C:\Users\Dell\.cache\huggingface\hub\models--Qwen--Qwen3-8B-GGUF\snapshots\7c41481f57cb95916b40956ab2f0b139b296d974\Qwen3-8B-Q4_K_M.gguf --port 8080 --host 127.0.0.1 -c 8192 -ngl 20
2026-08-26 11:03:47,182 - sovereign.llama_cpp.lifecycle - INFO - llama-server is ready.
2026-08-26 11:05:21,412 - sovereign.llama_cpp.lifecycle - INFO - Stopping llama-server...
2026-08-26 11:05:22,489 - sovereign.llama_cpp.lifecycle - INFO - llama-server stopped.
2026-08-26 11:10:56,609 - httpx - INFO - HTTP Request: GET http://testserver/api/v1/health "HTTP/1.1 200 OK"
2026-08-26 11:10:56,653 - httpx - INFO - HTTP Request: POST http://testserver/api/v1/tasks "HTTP/1.1 200 OK"
2026-08-26 11:10:56,659 - httpx - INFO - HTTP Request: GET http://testserver/api/v1/tasks/task-742c61d2 "HTTP/1.1 200 OK"
2026-08-26 11:10:56,672 - httpx - INFO - HTTP Request: POST http://testserver/api/v1/tasks "HTTP/1.1 422 Unprocessable Entity"
2026-08-26 11:10:56,688 - httpx - INFO - HTTP Request: GET http://testserver/api/v1/tasks/task-notexist "HTTP/1.1 404 Not Found"
2026-08-26 11:10:56,715 - httpx - INFO - HTTP Request: POST http://testserver/api/v1/tasks/task-aa317bb9/run "HTTP/1.1 400 Bad Request"
2026-08-26 11:10:56,729 - httpx - INFO - HTTP Request: POST http://testserver/api/v1/tasks/task-aa317bb9/run "HTTP/1.1 400 Bad Request"
2026-08-26 11:10:56,744 - httpx - INFO - HTTP Request: POST http://testserver/api/v1/tasks/task-aa317bb9/run "HTTP/1.1 400 Bad Request"
2026-08-26 11:10:56,760 - httpx - INFO - HTTP Request: POST http://testserver/api/v1/tasks/task-aa317bb9/run "HTTP/1.1 400 Bad Request"
2026-08-26 11:10:56,764 - httpx - INFO - HTTP Request: POST http://testserver/api/v1/tasks/task-notexist/run "HTTP/1.1 404 Not Found"
2026-08-26 11:10:56,790 - httpx - INFO - HTTP Request: POST http://testserver/api/v1/tasks/task-2446dc53/run "HTTP/1.1 200 OK"
2026-08-26 11:10:56,799 - httpx - INFO - HTTP Request: POST http://testserver/api/v1/tasks/task-2446dc53/run "HTTP/1.1 409 Conflict"
2026-08-26 11:10:56,945 - httpx - INFO - HTTP Request: POST http://testserver/api/v1/knowledge/documents "HTTP/1.1 400 Bad Request"
2026-08-26 11:10:56,961 - httpx - INFO - HTTP Request: POST http://testserver/api/v1/knowledge/documents "HTTP/1.1 413 Request Entity Too Large"
2026-08-26 11:10:56,981 - httpx - INFO - HTTP Request: GET http://testserver/api/v1/tasks/task-abc/artifacts "HTTP/1.1 200 OK"
2026-08-26 11:10:56,991 - httpx - INFO - HTTP Request: GET http://testserver/api/v1/artifacts/art-123 "HTTP/1.1 200 OK"
2026-08-26 11:10:56,998 - httpx - INFO - HTTP Request: GET http://testserver/api/v1/artifacts/art-notexist "HTTP/1.1 404 Not Found"
2026-08-26 11:10:57,016 - httpx - INFO - HTTP Request: GET http://testserver/api/v1/artifacts/art-hack "HTTP/1.1 404 Not Found"
2026-08-26 11:10:57,390 - httpx - INFO - HTTP Request: POST http://testserver/api/v1/tasks "HTTP/1.1 200 OK"
2026-08-26 11:10:57,423 - httpx - INFO - HTTP Request: POST http://testserver/api/v1/knowledge/documents "HTTP/1.1 200 OK"
2026-08-26 11:10:57,486 - httpx - INFO - HTTP Request: POST http://testserver/api/v1/tasks/task-ee34cbd0/run "HTTP/1.1 200 OK"
2026-08-26 11:10:58,497 - httpx - INFO - HTTP Request: GET http://testserver/api/v1/tasks/task-ee34cbd0 "HTTP/1.1 200 OK"
2026-08-26 11:10:58,512 - httpx - INFO - HTTP Request: GET http://testserver/api/v1/tasks/task-ee34cbd0/artifacts "HTTP/1.1 200 OK"
2026-08-26 11:10:58,518 - httpx - INFO - HTTP Request: GET http://testserver/api/v1/artifacts/art-c51d24eb "HTTP/1.1 200 OK"
2026-08-26 11:17:30,428 - httpx - INFO - HTTP Request: GET http://testserver/api/v1/health "HTTP/1.1 200 OK"
2026-08-26 11:17:30,462 - httpx - INFO - HTTP Request: POST http://testserver/api/v1/tasks "HTTP/1.1 200 OK"
2026-08-26 11:17:30,469 - httpx - INFO - HTTP Request: GET http://testserver/api/v1/tasks/task-47806c3c "HTTP/1.1 200 OK"
2026-08-26 11:17:30,482 - httpx - INFO - HTTP Request: POST http://testserver/api/v1/tasks "HTTP/1.1 422 Unprocessable Entity"
2026-08-26 11:17:30,497 - httpx - INFO - HTTP Request: GET http://testserver/api/v1/tasks/task-notexist "HTTP/1.1 404 Not Found"
2026-08-26 11:17:30,524 - httpx - INFO - HTTP Request: POST http://testserver/api/v1/tasks/task-a2d5b0ad/run "HTTP/1.1 400 Bad Request"
2026-08-26 11:17:30,542 - httpx - INFO - HTTP Request: POST http://testserver/api/v1/tasks/task-a2d5b0ad/run "HTTP/1.1 400 Bad Request"
2026-08-26 11:17:30,555 - httpx - INFO - HTTP Request: POST http://testserver/api/v1/tasks/task-a2d5b0ad/run "HTTP/1.1 400 Bad Request"
2026-08-26 11:17:30,572 - httpx - INFO - HTTP Request: POST http://testserver/api/v1/tasks/task-a2d5b0ad/run "HTTP/1.1 400 Bad Request"
2026-08-26 11:17:30,579 - httpx - INFO - HTTP Request: POST http://testserver/api/v1/tasks/task-notexist/run "HTTP/1.1 404 Not Found"
2026-08-26 11:17:30,604 - httpx - INFO - HTTP Request: POST http://testserver/api/v1/tasks/task-b5f93989/run "HTTP/1.1 200 OK"
2026-08-26 11:17:30,608 - httpx - INFO - HTTP Request: POST http://testserver/api/v1/tasks/task-b5f93989/run "HTTP/1.1 409 Conflict"
2026-08-26 11:17:30,763 - httpx - INFO - HTTP Request: POST http://testserver/api/v1/knowledge/documents "HTTP/1.1 400 Bad Request"
2026-08-26 11:17:30,782 - httpx - INFO - HTTP Request: POST http://testserver/api/v1/knowledge/documents "HTTP/1.1 413 Request Entity Too Large"
2026-08-26 11:17:30,804 - httpx - INFO - HTTP Request: GET http://testserver/api/v1/tasks/task-abc/artifacts "HTTP/1.1 200 OK"
2026-08-26 11:17:30,812 - httpx - INFO - HTTP Request: GET http://testserver/api/v1/artifacts/art-123 "HTTP/1.1 200 OK"
2026-08-26 11:17:30,820 - httpx - INFO - HTTP Request: GET http://testserver/api/v1/artifacts/art-notexist "HTTP/1.1 404 Not Found"
2026-08-26 11:17:30,841 - httpx - INFO - HTTP Request: GET http://testserver/api/v1/artifacts/art-hack "HTTP/1.1 404 Not Found"
2026-08-26 11:17:31,212 - httpx - INFO - HTTP Request: POST http://testserver/api/v1/tasks "HTTP/1.1 200 OK"
2026-08-26 11:17:31,244 - httpx - INFO - HTTP Request: POST http://testserver/api/v1/knowledge/documents "HTTP/1.1 200 OK"
2026-08-26 11:17:31,305 - httpx - INFO - HTTP Request: POST http://testserver/api/v1/tasks/task-26bab520/run "HTTP/1.1 200 OK"
2026-08-26 11:17:32,313 - httpx - INFO - HTTP Request: GET http://testserver/api/v1/tasks/task-26bab520 "HTTP/1.1 200 OK"
2026-08-26 11:17:32,324 - httpx - INFO - HTTP Request: GET http://testserver/api/v1/tasks/task-26bab520/artifacts "HTTP/1.1 200 OK"
2026-08-26 11:17:32,333 - httpx - INFO - HTTP Request: GET http://testserver/api/v1/artifacts/art-d6b86478 "HTTP/1.1 200 OK"
2026-08-26 11:23:30,147 - httpx - INFO - HTTP Request: GET https://huggingface.co/api/agent-harnesses "HTTP/1.1 200 OK"
2026-08-26 11:23:30,366 - httpx - INFO - HTTP Request: HEAD https://huggingface.co/Qwen/Qwen3-8B-GGUF/resolve/main/Qwen3-8B-Q4_K_M.gguf "HTTP/1.1 302 Found"
2026-08-26 11:23:30,367 - huggingface_hub.utils._http - WARNING - Warning: You are sending unauthenticated requests to the HF Hub. Please set a HF_TOKEN to enable higher rate limits and faster downloads.
2026-08-26 11:23:30,584 - httpx - INFO - HTTP Request: HEAD https://huggingface.co/bartowski/Llama-3.2-3B-Instruct-GGUF/resolve/main/Llama-3.2-3B-Instruct-Q4_K_M.gguf "HTTP/1.1 302 Found"
2026-08-26 11:25:02,556 - httpx - INFO - HTTP Request: HEAD https://huggingface.co/microsoft/Phi-3-mini-4k-instruct-gguf/resolve/main/Phi-3-mini-4k-instruct-q4.gguf "HTTP/1.1 302 Found"
2026-08-26 11:26:54,843 - httpx - INFO - HTTP Request: HEAD https://huggingface.co/Qwen/Qwen2.5-3B-Instruct-GGUF/resolve/main/qwen2.5-3b-instruct-q4_k_m.gguf "HTTP/1.1 302 Found"
2026-08-26 12:00:19,035 - httpx - INFO - HTTP Request: GET http://testserver/api/v1/health "HTTP/1.1 200 OK"
2026-08-26 12:00:19,080 - httpx - INFO - HTTP Request: POST http://testserver/api/v1/tasks "HTTP/1.1 200 OK"
2026-08-26 12:00:19,088 - httpx - INFO - HTTP Request: GET http://testserver/api/v1/tasks/task-54a2d106 "HTTP/1.1 200 OK"
2026-08-26 12:00:19,100 - httpx - INFO - HTTP Request: POST http://testserver/api/v1/tasks "HTTP/1.1 422 Unprocessable Entity"
2026-08-26 12:00:19,115 - httpx - INFO - HTTP Request: GET http://testserver/api/v1/tasks/task-notexist "HTTP/1.1 404 Not Found"
2026-08-26 12:00:19,143 - httpx - INFO - HTTP Request: POST http://testserver/api/v1/tasks/task-7f6b4d11/run "HTTP/1.1 400 Bad Request"
2026-08-26 12:00:19,158 - httpx - INFO - HTTP Request: POST http://testserver/api/v1/tasks/task-7f6b4d11/run "HTTP/1.1 400 Bad Request"
2026-08-26 12:00:19,178 - httpx - INFO - HTTP Request: POST http://testserver/api/v1/tasks/task-7f6b4d11/run "HTTP/1.1 400 Bad Request"
2026-08-26 12:00:19,213 - httpx - INFO - HTTP Request: POST http://testserver/api/v1/tasks/task-7f6b4d11/run "HTTP/1.1 400 Bad Request"
2026-08-26 12:00:19,218 - httpx - INFO - HTTP Request: POST http://testserver/api/v1/tasks/task-notexist/run "HTTP/1.1 404 Not Found"
2026-08-26 12:00:19,246 - httpx - INFO - HTTP Request: POST http://testserver/api/v1/tasks/task-d5816ec8/run "HTTP/1.1 200 OK"
2026-08-26 12:00:19,253 - httpx - INFO - HTTP Request: POST http://testserver/api/v1/tasks/task-d5816ec8/run "HTTP/1.1 409 Conflict"
2026-08-26 12:00:19,461 - httpx - INFO - HTTP Request: POST http://testserver/api/v1/knowledge/documents "HTTP/1.1 400 Bad Request"
2026-08-26 12:00:19,476 - httpx - INFO - HTTP Request: POST http://testserver/api/v1/knowledge/documents "HTTP/1.1 413 Request Entity Too Large"
2026-08-26 12:00:19,493 - httpx - INFO - HTTP Request: GET http://testserver/api/v1/tasks/task-abc/artifacts "HTTP/1.1 200 OK"
2026-08-26 12:00:19,501 - httpx - INFO - HTTP Request: GET http://testserver/api/v1/artifacts/art-123 "HTTP/1.1 200 OK"
2026-08-26 12:00:19,506 - httpx - INFO - HTTP Request: GET http://testserver/api/v1/artifacts/art-notexist "HTTP/1.1 404 Not Found"
2026-08-26 12:00:19,522 - httpx - INFO - HTTP Request: GET http://testserver/api/v1/artifacts/art-hack "HTTP/1.1 404 Not Found"
2026-08-26 12:00:20,048 - httpx - INFO - HTTP Request: POST http://testserver/api/v1/tasks "HTTP/1.1 200 OK"
2026-08-26 12:00:20,082 - httpx - INFO - HTTP Request: POST http://testserver/api/v1/knowledge/documents "HTTP/1.1 200 OK"
2026-08-26 12:00:20,138 - httpx - INFO - HTTP Request: POST http://testserver/api/v1/tasks/task-963510c9/run "HTTP/1.1 200 OK"
2026-08-26 12:00:21,147 - httpx - INFO - HTTP Request: GET http://testserver/api/v1/tasks/task-963510c9 "HTTP/1.1 200 OK"
2026-08-26 12:00:21,162 - httpx - INFO - HTTP Request: GET http://testserver/api/v1/tasks/task-963510c9/artifacts "HTTP/1.1 200 OK"
2026-08-26 12:00:21,168 - httpx - INFO - HTTP Request: GET http://testserver/api/v1/artifacts/art-9632b867 "HTTP/1.1 200 OK"
2026-08-26 12:02:55,544 - httpx - INFO - HTTP Request: HEAD https://huggingface.co/Qwen/Qwen3-8B-GGUF/resolve/main/Qwen3-8B-Q4_K_M.gguf "HTTP/1.1 302 Found"
2026-08-26 12:02:55,545 - huggingface_hub.utils._http - WARNING - Warning: You are sending unauthenticated requests to the HF Hub. Please set a HF_TOKEN to enable higher rate limits and faster downloads.
2026-08-26 12:02:55,767 - httpx - INFO - HTTP Request: HEAD https://huggingface.co/bartowski/Llama-3.2-3B-Instruct-GGUF/resolve/main/Llama-3.2-3B-Instruct-Q4_K_M.gguf "HTTP/1.1 302 Found"
2026-08-26 12:02:55,993 - httpx - INFO - HTTP Request: HEAD https://huggingface.co/microsoft/Phi-3-mini-4k-instruct-gguf/resolve/main/Phi-3-mini-4k-instruct-q4.gguf "HTTP/1.1 302 Found"
2026-08-26 12:02:56,216 - httpx - INFO - HTTP Request: HEAD https://huggingface.co/Qwen/Qwen2.5-3B-Instruct-GGUF/resolve/main/qwen2.5-3b-instruct-q4_k_m.gguf "HTTP/1.1 302 Found"
2026-09-09 10:48:51,332 - httpx - INFO - HTTP Request: GET http://testserver/api/v1/health "HTTP/1.1 200 OK"
2026-09-09 10:48:51,384 - httpx - INFO - HTTP Request: POST http://testserver/api/v1/tasks "HTTP/1.1 200 OK"
2026-09-09 10:48:51,396 - httpx - INFO - HTTP Request: GET http://testserver/api/v1/tasks/task-2d2c9c2e "HTTP/1.1 200 OK"
2026-09-09 10:48:51,415 - httpx - INFO - HTTP Request: POST http://testserver/api/v1/tasks "HTTP/1.1 422 Unprocessable Entity"
2026-09-09 10:48:51,440 - httpx - INFO - HTTP Request: GET http://testserver/api/v1/tasks/task-notexist "HTTP/1.1 404 Not Found"
2026-09-09 10:48:51,476 - httpx - INFO - HTTP Request: POST http://testserver/api/v1/tasks/task-f3357ee3/run "HTTP/1.1 400 Bad Request"
2026-09-09 10:48:51,492 - httpx - INFO - HTTP Request: POST http://testserver/api/v1/tasks/task-f3357ee3/run "HTTP/1.1 400 Bad Request"
2026-09-09 10:48:51,512 - httpx - INFO - HTTP Request: POST http://testserver/api/v1/tasks/task-f3357ee3/run "HTTP/1.1 400 Bad Request"
2026-09-09 10:48:51,531 - httpx - INFO - HTTP Request: POST http://testserver/api/v1/tasks/task-f3357ee3/run "HTTP/1.1 400 Bad Request"
2026-09-09 10:48:51,541 - httpx - INFO - HTTP Request: POST http://testserver/api/v1/tasks/task-notexist/run "HTTP/1.1 404 Not Found"
2026-09-09 10:48:51,584 - httpx - INFO - HTTP Request: POST http://testserver/api/v1/tasks/task-ccbd55d7/run "HTTP/1.1 200 OK"
2026-09-09 10:48:51,594 - httpx - INFO - HTTP Request: POST http://testserver/api/v1/tasks/task-ccbd55d7/run "HTTP/1.1 409 Conflict"
2026-09-09 10:48:51,823 - httpx - INFO - HTTP Request: POST http://testserver/api/v1/knowledge/documents "HTTP/1.1 400 Bad Request"
2026-09-09 10:48:51,847 - httpx - INFO - HTTP Request: POST http://testserver/api/v1/knowledge/documents "HTTP/1.1 413 Request Entity Too Large"
2026-09-09 10:48:51,883 - httpx - INFO - HTTP Request: GET http://testserver/api/v1/tasks/task-abc/artifacts "HTTP/1.1 200 OK"
2026-09-09 10:48:51,897 - httpx - INFO - HTTP Request: GET http://testserver/api/v1/artifacts/art-123 "HTTP/1.1 200 OK"
2026-09-09 10:48:51,911 - httpx - INFO - HTTP Request: GET http://testserver/api/v1/artifacts/art-notexist "HTTP/1.1 404 Not Found"
2026-09-09 10:48:51,949 - httpx - INFO - HTTP Request: GET http://testserver/api/v1/artifacts/art-hack "HTTP/1.1 404 Not Found"
2026-09-09 10:48:52,547 - httpx - INFO - HTTP Request: POST http://testserver/api/v1/tasks "HTTP/1.1 200 OK"
2026-09-09 10:48:52,603 - httpx - INFO - HTTP Request: POST http://testserver/api/v1/knowledge/documents "HTTP/1.1 200 OK"
2026-09-09 10:48:52,707 - httpx - INFO - HTTP Request: POST http://testserver/api/v1/tasks/task-b2926a64/run "HTTP/1.1 200 OK"
2026-09-09 10:48:53,730 - httpx - INFO - HTTP Request: GET http://testserver/api/v1/tasks/task-b2926a64 "HTTP/1.1 200 OK"
2026-09-09 10:48:53,765 - httpx - INFO - HTTP Request: GET http://testserver/api/v1/tasks/task-b2926a64/artifacts "HTTP/1.1 200 OK"
2026-09-09 10:48:53,790 - httpx - INFO - HTTP Request: GET http://testserver/api/v1/artifacts/art-59e8ea3d "HTTP/1.1 200 OK"
2026-09-09 10:53:07,598 - httpx - INFO - HTTP Request: GET https://huggingface.co/api/agent-harnesses "HTTP/1.1 200 OK"
2026-09-09 10:53:08,311 - httpx - INFO - HTTP Request: HEAD https://huggingface.co/Qwen/Qwen3-8B-GGUF/resolve/main/Qwen3-8B-Q4_K_M.gguf "HTTP/1.1 302 Found"
2026-09-09 10:53:08,602 - httpx - INFO - HTTP Request: HEAD https://huggingface.co/bartowski/Llama-3.2-3B-Instruct-GGUF/resolve/main/Llama-3.2-3B-Instruct-Q4_K_M.gguf "HTTP/1.1 302 Found"
2026-09-09 10:53:08,605 - huggingface_hub.utils._http - WARNING - Warning: You are sending unauthenticated requests to the HF Hub. Please set a HF_TOKEN to enable higher rate limits and faster downloads.
2026-09-09 10:53:08,890 - httpx - INFO - HTTP Request: HEAD https://huggingface.co/microsoft/Phi-3-mini-4k-instruct-gguf/resolve/main/Phi-3-mini-4k-instruct-q4.gguf "HTTP/1.1 302 Found"
2026-09-09 10:53:09,191 - httpx - INFO - HTTP Request: HEAD https://huggingface.co/Qwen/Qwen2.5-3B-Instruct-GGUF/resolve/main/qwen2.5-3b-instruct-q4_k_m.gguf "HTTP/1.1 302 Found"
2026-09-09 18:06:57,448 - httpx - INFO - HTTP Request: GET http://testserver/api/v1/health "HTTP/1.1 200 OK"
2026-09-09 18:06:57,488 - httpx - INFO - HTTP Request: POST http://testserver/api/v1/tasks "HTTP/1.1 200 OK"
2026-09-09 18:06:57,495 - httpx - INFO - HTTP Request: GET http://testserver/api/v1/tasks/task-cb074d86 "HTTP/1.1 200 OK"
2026-09-09 18:06:57,512 - httpx - INFO - HTTP Request: POST http://testserver/api/v1/tasks "HTTP/1.1 422 Unprocessable Entity"
2026-09-09 18:06:57,529 - httpx - INFO - HTTP Request: GET http://testserver/api/v1/tasks/task-notexist "HTTP/1.1 404 Not Found"
2026-09-09 18:06:57,559 - httpx - INFO - HTTP Request: POST http://testserver/api/v1/tasks/task-7aae3178/run "HTTP/1.1 400 Bad Request"
2026-09-09 18:06:57,575 - httpx - INFO - HTTP Request: POST http://testserver/api/v1/tasks/task-7aae3178/run "HTTP/1.1 400 Bad Request"
2026-09-09 18:06:57,590 - httpx - INFO - HTTP Request: POST http://testserver/api/v1/tasks/task-7aae3178/run "HTTP/1.1 400 Bad Request"
2026-09-09 18:06:57,605 - httpx - INFO - HTTP Request: POST http://testserver/api/v1/tasks/task-7aae3178/run "HTTP/1.1 400 Bad Request"
2026-09-09 18:06:57,610 - httpx - INFO - HTTP Request: POST http://testserver/api/v1/tasks/task-notexist/run "HTTP/1.1 404 Not Found"
2026-09-09 18:06:57,634 - httpx - INFO - HTTP Request: POST http://testserver/api/v1/tasks/task-6494b169/run "HTTP/1.1 200 OK"
2026-09-09 18:06:57,640 - httpx - INFO - HTTP Request: POST http://testserver/api/v1/tasks/task-6494b169/run "HTTP/1.1 409 Conflict"
2026-09-09 18:06:57,786 - httpx - INFO - HTTP Request: POST http://testserver/api/v1/knowledge/documents "HTTP/1.1 400 Bad Request"
2026-09-09 18:06:57,800 - httpx - INFO - HTTP Request: POST http://testserver/api/v1/knowledge/documents "HTTP/1.1 413 Request Entity Too Large"
2026-09-09 18:06:57,817 - httpx - INFO - HTTP Request: GET http://testserver/api/v1/tasks/task-abc/artifacts "HTTP/1.1 200 OK"
2026-09-09 18:06:57,824 - httpx - INFO - HTTP Request: GET http://testserver/api/v1/artifacts/art-123 "HTTP/1.1 200 OK"
2026-09-09 18:06:57,828 - httpx - INFO - HTTP Request: GET http://testserver/api/v1/artifacts/art-notexist "HTTP/1.1 404 Not Found"
2026-09-09 18:06:57,845 - httpx - INFO - HTTP Request: GET http://testserver/api/v1/artifacts/art-hack "HTTP/1.1 404 Not Found"
2026-09-09 18:06:58,218 - httpx - INFO - HTTP Request: POST http://testserver/api/v1/tasks "HTTP/1.1 200 OK"
2026-09-09 18:06:58,252 - httpx - INFO - HTTP Request: POST http://testserver/api/v1/knowledge/documents "HTTP/1.1 200 OK"
2026-09-09 18:06:58,306 - httpx - INFO - HTTP Request: POST http://testserver/api/v1/tasks/task-14852b7f/run "HTTP/1.1 200 OK"
2026-09-09 18:06:59,312 - httpx - INFO - HTTP Request: GET http://testserver/api/v1/tasks/task-14852b7f "HTTP/1.1 200 OK"
2026-09-09 18:06:59,323 - httpx - INFO - HTTP Request: GET http://testserver/api/v1/tasks/task-14852b7f/artifacts "HTTP/1.1 200 OK"
2026-09-09 18:06:59,327 - httpx - INFO - HTTP Request: GET http://testserver/api/v1/artifacts/art-5c0d9d55 "HTTP/1.1 200 OK"
2026-09-13 10:43:40,707 - httpx - INFO - HTTP Request: GET http://testserver/api/v1/health "HTTP/1.1 200 OK"
2026-09-13 10:43:40,748 - httpx - INFO - HTTP Request: POST http://testserver/api/v1/tasks "HTTP/1.1 200 OK"
2026-09-13 10:43:40,756 - httpx - INFO - HTTP Request: GET http://testserver/api/v1/tasks/task-07f0903b "HTTP/1.1 200 OK"
2026-09-13 10:43:40,774 - httpx - INFO - HTTP Request: POST http://testserver/api/v1/tasks "HTTP/1.1 422 Unprocessable Entity"
2026-09-13 10:43:40,789 - httpx - INFO - HTTP Request: GET http://testserver/api/v1/tasks/task-notexist "HTTP/1.1 404 Not Found"
2026-09-13 10:43:40,821 - httpx - INFO - HTTP Request: POST http://testserver/api/v1/tasks/task-3224d1a6/run "HTTP/1.1 400 Bad Request"
2026-09-13 10:43:40,837 - httpx - INFO - HTTP Request: POST http://testserver/api/v1/tasks/task-3224d1a6/run "HTTP/1.1 400 Bad Request"
2026-09-13 10:43:40,853 - httpx - INFO - HTTP Request: POST http://testserver/api/v1/tasks/task-3224d1a6/run "HTTP/1.1 400 Bad Request"
2026-09-13 10:43:40,869 - httpx - INFO - HTTP Request: POST http://testserver/api/v1/tasks/task-3224d1a6/run "HTTP/1.1 400 Bad Request"
2026-09-13 10:43:40,875 - httpx - INFO - HTTP Request: POST http://testserver/api/v1/tasks/task-notexist/run "HTTP/1.1 404 Not Found"
2026-09-13 10:43:40,901 - httpx - INFO - HTTP Request: POST http://testserver/api/v1/tasks/task-1b272747/run "HTTP/1.1 200 OK"
2026-09-13 10:43:40,905 - httpx - INFO - HTTP Request: POST http://testserver/api/v1/tasks/task-1b272747/run "HTTP/1.1 409 Conflict"
2026-09-13 10:43:41,052 - httpx - INFO - HTTP Request: POST http://testserver/api/v1/knowledge/documents "HTTP/1.1 400 Bad Request"
2026-09-13 10:43:41,068 - httpx - INFO - HTTP Request: POST http://testserver/api/v1/knowledge/documents "HTTP/1.1 413 Request Entity Too Large"
2026-09-13 10:43:41,085 - httpx - INFO - HTTP Request: GET http://testserver/api/v1/tasks/task-abc/artifacts "HTTP/1.1 200 OK"
2026-09-13 10:43:41,091 - httpx - INFO - HTTP Request: GET http://testserver/api/v1/artifacts/art-123 "HTTP/1.1 200 OK"
2026-09-13 10:43:41,096 - httpx - INFO - HTTP Request: GET http://testserver/api/v1/artifacts/art-notexist "HTTP/1.1 404 Not Found"
2026-09-13 10:43:41,115 - httpx - INFO - HTTP Request: GET http://testserver/api/v1/artifacts/art-hack "HTTP/1.1 404 Not Found"
2026-09-13 10:43:41,536 - httpx - INFO - HTTP Request: POST http://testserver/api/v1/tasks "HTTP/1.1 200 OK"
2026-09-13 10:43:41,573 - httpx - INFO - HTTP Request: POST http://testserver/api/v1/knowledge/documents "HTTP/1.1 200 OK"
2026-09-13 10:43:41,639 - httpx - INFO - HTTP Request: POST http://testserver/api/v1/tasks/task-516455c3/run "HTTP/1.1 200 OK"
2026-09-13 10:43:42,646 - httpx - INFO - HTTP Request: GET http://testserver/api/v1/tasks/task-516455c3 "HTTP/1.1 200 OK"
2026-09-13 10:43:42,658 - httpx - INFO - HTTP Request: GET http://testserver/api/v1/tasks/task-516455c3/artifacts "HTTP/1.1 200 OK"
2026-09-13 10:43:42,664 - httpx - INFO - HTTP Request: GET http://testserver/api/v1/artifacts/art-b826b00a "HTTP/1.1 200 OK"
2026-09-13 10:57:10,506 - httpx - INFO - HTTP Request: GET http://testserver/api/v1/health "HTTP/1.1 200 OK"
2026-09-13 10:57:10,536 - httpx - INFO - HTTP Request: POST http://testserver/api/v1/tasks "HTTP/1.1 200 OK"
2026-09-13 10:57:10,536 - httpx - INFO - HTTP Request: GET http://testserver/api/v1/tasks/task-130083c3 "HTTP/1.1 200 OK"
2026-09-13 10:57:10,557 - httpx - INFO - HTTP Request: POST http://testserver/api/v1/tasks "HTTP/1.1 422 Unprocessable Entity"
2026-09-13 10:57:10,572 - httpx - INFO - HTTP Request: GET http://testserver/api/v1/tasks/task-notexist "HTTP/1.1 404 Not Found"
2026-09-13 10:57:10,599 - httpx - INFO - HTTP Request: POST http://testserver/api/v1/tasks/task-b5572e82/run "HTTP/1.1 400 Bad Request"
2026-09-13 10:57:10,599 - httpx - INFO - HTTP Request: POST http://testserver/api/v1/tasks/task-b5572e82/run "HTTP/1.1 400 Bad Request"
2026-09-13 10:57:10,625 - httpx - INFO - HTTP Request: POST http://testserver/api/v1/tasks/task-b5572e82/run "HTTP/1.1 400 Bad Request"
2026-09-13 10:57:10,630 - httpx - INFO - HTTP Request: POST http://testserver/api/v1/tasks/task-b5572e82/run "HTTP/1.1 400 Bad Request"
2026-09-13 10:57:10,647 - httpx - INFO - HTTP Request: POST http://testserver/api/v1/tasks/task-notexist/run "HTTP/1.1 404 Not Found"
2026-09-13 10:57:10,672 - httpx - INFO - HTTP Request: POST http://testserver/api/v1/tasks/task-c03bd38d/run "HTTP/1.1 200 OK"
2026-09-13 10:57:10,677 - httpx - INFO - HTTP Request: POST http://testserver/api/v1/tasks/task-c03bd38d/run "HTTP/1.1 409 Conflict"
2026-09-13 10:57:10,821 - httpx - INFO - HTTP Request: POST http://testserver/api/v1/knowledge/documents "HTTP/1.1 400 Bad Request"
2026-09-13 10:57:10,839 - httpx - INFO - HTTP Request: POST http://testserver/api/v1/knowledge/documents "HTTP/1.1 413 Request Entity Too Large"
2026-09-13 10:57:10,853 - httpx - INFO - HTTP Request: GET http://testserver/api/v1/tasks/task-abc/artifacts "HTTP/1.1 200 OK"
2026-09-13 10:57:10,856 - httpx - INFO - HTTP Request: GET http://testserver/api/v1/artifacts/art-123 "HTTP/1.1 200 OK"
2026-09-13 10:57:10,856 - httpx - INFO - HTTP Request: GET http://testserver/api/v1/artifacts/art-notexist "HTTP/1.1 404 Not Found"
2026-09-13 10:57:10,878 - httpx - INFO - HTTP Request: GET http://testserver/api/v1/artifacts/art-hack "HTTP/1.1 404 Not Found"
2026-09-13 10:57:11,228 - httpx - INFO - HTTP Request: POST http://testserver/api/v1/tasks "HTTP/1.1 200 OK"
2026-09-13 10:57:11,257 - httpx - INFO - HTTP Request: POST http://testserver/api/v1/knowledge/documents "HTTP/1.1 200 OK"
2026-09-13 10:57:11,305 - httpx - INFO - HTTP Request: POST http://testserver/api/v1/tasks/task-94d751db/run "HTTP/1.1 200 OK"
2026-09-13 10:57:12,318 - httpx - INFO - HTTP Request: GET http://testserver/api/v1/tasks/task-94d751db "HTTP/1.1 200 OK"
2026-09-13 10:57:12,339 - httpx - INFO - HTTP Request: GET http://testserver/api/v1/tasks/task-94d751db/artifacts "HTTP/1.1 200 OK"
2026-09-13 10:57:12,340 - httpx - INFO - HTTP Request: GET http://testserver/api/v1/artifacts/art-311daf87 "HTTP/1.1 200 OK"
2026-09-13 11:07:48,344 - httpx - INFO - HTTP Request: GET http://testserver/api/v1/health "HTTP/1.1 200 OK"
2026-09-13 11:07:48,372 - httpx - INFO - HTTP Request: POST http://testserver/api/v1/tasks "HTTP/1.1 200 OK"
2026-09-13 11:07:48,378 - httpx - INFO - HTTP Request: GET http://testserver/api/v1/tasks/task-4b8cbf6b "HTTP/1.1 200 OK"
2026-09-13 11:07:48,395 - httpx - INFO - HTTP Request: POST http://testserver/api/v1/tasks "HTTP/1.1 422 Unprocessable Entity"
2026-09-13 11:07:48,415 - httpx - INFO - HTTP Request: GET http://testserver/api/v1/tasks/task-notexist "HTTP/1.1 404 Not Found"
2026-09-13 11:07:48,445 - httpx - INFO - HTTP Request: POST http://testserver/api/v1/tasks/task-a85c11bd/run "HTTP/1.1 400 Bad Request"
2026-09-13 11:07:48,463 - httpx - INFO - HTTP Request: POST http://testserver/api/v1/tasks/task-a85c11bd/run "HTTP/1.1 400 Bad Request"
2026-09-13 11:07:48,496 - httpx - INFO - HTTP Request: POST http://testserver/api/v1/tasks/task-a85c11bd/run "HTTP/1.1 400 Bad Request"
2026-09-13 11:07:48,517 - httpx - INFO - HTTP Request: POST http://testserver/api/v1/tasks/task-a85c11bd/run "HTTP/1.1 400 Bad Request"
2026-09-13 11:07:48,528 - httpx - INFO - HTTP Request: POST http://testserver/api/v1/tasks/task-notexist/run "HTTP/1.1 404 Not Found"
2026-09-13 11:07:48,570 - httpx - INFO - HTTP Request: POST http://testserver/api/v1/tasks/task-da0abf67/run "HTTP/1.1 200 OK"
2026-09-13 11:07:48,576 - httpx - INFO - HTTP Request: POST http://testserver/api/v1/tasks/task-da0abf67/run "HTTP/1.1 409 Conflict"
2026-09-13 11:07:48,740 - httpx - INFO - HTTP Request: POST http://testserver/api/v1/knowledge/documents "HTTP/1.1 400 Bad Request"
2026-09-13 11:07:48,760 - httpx - INFO - HTTP Request: POST http://testserver/api/v1/knowledge/documents "HTTP/1.1 413 Request Entity Too Large"
2026-09-13 11:07:48,777 - httpx - INFO - HTTP Request: GET http://testserver/api/v1/tasks/task-abc/artifacts "HTTP/1.1 200 OK"
2026-09-13 11:07:48,788 - httpx - INFO - HTTP Request: GET http://testserver/api/v1/artifacts/art-123 "HTTP/1.1 200 OK"
2026-09-13 11:07:48,792 - httpx - INFO - HTTP Request: GET http://testserver/api/v1/artifacts/art-notexist "HTTP/1.1 404 Not Found"
2026-09-13 11:07:48,813 - httpx - INFO - HTTP Request: GET http://testserver/api/v1/artifacts/art-hack "HTTP/1.1 404 Not Found"
2026-09-13 11:07:49,226 - httpx - INFO - HTTP Request: POST http://testserver/api/v1/tasks "HTTP/1.1 200 OK"
2026-09-13 11:07:49,258 - httpx - INFO - HTTP Request: POST http://testserver/api/v1/knowledge/documents "HTTP/1.1 200 OK"
2026-09-13 11:07:49,350 - httpx - INFO - HTTP Request: POST http://testserver/api/v1/tasks/task-15c3776a/run "HTTP/1.1 200 OK"
2026-09-13 11:07:50,358 - httpx - INFO - HTTP Request: GET http://testserver/api/v1/tasks/task-15c3776a "HTTP/1.1 200 OK"
2026-09-13 11:07:50,370 - httpx - INFO - HTTP Request: GET http://testserver/api/v1/tasks/task-15c3776a/artifacts "HTTP/1.1 200 OK"
2026-09-13 11:07:50,377 - httpx - INFO - HTTP Request: GET http://testserver/api/v1/artifacts/art-2a7e67c3 "HTTP/1.1 200 OK"
2026-09-13 11:25:50,100 - httpx - INFO - HTTP Request: GET http://testserver/api/v1/health "HTTP/1.1 200 OK"
2026-09-13 11:25:50,129 - httpx - INFO - HTTP Request: POST http://testserver/api/v1/tasks "HTTP/1.1 200 OK"
2026-09-13 11:25:50,136 - httpx - INFO - HTTP Request: GET http://testserver/api/v1/tasks/task-cf9b30f4 "HTTP/1.1 200 OK"
2026-09-13 11:25:50,151 - httpx - INFO - HTTP Request: POST http://testserver/api/v1/tasks "HTTP/1.1 422 Unprocessable Entity"
2026-09-13 11:25:50,166 - httpx - INFO - HTTP Request: GET http://testserver/api/v1/tasks/task-notexist "HTTP/1.1 404 Not Found"
2026-09-13 11:25:50,199 - httpx - INFO - HTTP Request: POST http://testserver/api/v1/tasks/task-2362ac27/run "HTTP/1.1 400 Bad Request"
2026-09-13 11:25:50,217 - httpx - INFO - HTTP Request: POST http://testserver/api/v1/tasks/task-2362ac27/run "HTTP/1.1 400 Bad Request"
2026-09-13 11:25:50,233 - httpx - INFO - HTTP Request: POST http://testserver/api/v1/tasks/task-2362ac27/run "HTTP/1.1 400 Bad Request"
2026-09-13 11:25:50,250 - httpx - INFO - HTTP Request: POST http://testserver/api/v1/tasks/task-2362ac27/run "HTTP/1.1 400 Bad Request"
2026-09-13 11:25:50,253 - httpx - INFO - HTTP Request: POST http://testserver/api/v1/tasks/task-notexist/run "HTTP/1.1 404 Not Found"
2026-09-13 11:25:50,284 - httpx - INFO - HTTP Request: POST http://testserver/api/v1/tasks/task-9d6e7986/run "HTTP/1.1 200 OK"
2026-09-13 11:25:50,288 - httpx - INFO - HTTP Request: POST http://testserver/api/v1/tasks/task-9d6e7986/run "HTTP/1.1 409 Conflict"
2026-09-13 11:25:50,465 - httpx - INFO - HTTP Request: POST http://testserver/api/v1/knowledge/documents "HTTP/1.1 400 Bad Request"
2026-09-13 11:25:50,494 - httpx - INFO - HTTP Request: POST http://testserver/api/v1/knowledge/documents "HTTP/1.1 413 Request Entity Too Large"
2026-09-13 11:25:50,516 - httpx - INFO - HTTP Request: GET http://testserver/api/v1/tasks/task-abc/artifacts "HTTP/1.1 200 OK"
2026-09-13 11:25:50,525 - httpx - INFO - HTTP Request: GET http://testserver/api/v1/artifacts/art-123 "HTTP/1.1 200 OK"
2026-09-13 11:25:50,531 - httpx - INFO - HTTP Request: GET http://testserver/api/v1/artifacts/art-notexist "HTTP/1.1 404 Not Found"
2026-09-13 11:25:50,555 - httpx - INFO - HTTP Request: GET http://testserver/api/v1/artifacts/art-hack "HTTP/1.1 404 Not Found"
2026-09-13 11:25:50,913 - httpx - INFO - HTTP Request: POST http://testserver/api/v1/tasks "HTTP/1.1 200 OK"
2026-09-13 11:25:50,950 - httpx - INFO - HTTP Request: POST http://testserver/api/v1/knowledge/documents "HTTP/1.1 200 OK"
2026-09-13 11:25:51,007 - httpx - INFO - HTTP Request: POST http://testserver/api/v1/tasks/task-26e75d29/run "HTTP/1.1 200 OK"
2026-09-13 11:25:52,016 - httpx - INFO - HTTP Request: GET http://testserver/api/v1/tasks/task-26e75d29 "HTTP/1.1 200 OK"
2026-09-13 11:25:52,030 - httpx - INFO - HTTP Request: GET http://testserver/api/v1/tasks/task-26e75d29/artifacts "HTTP/1.1 200 OK"
2026-09-13 11:25:52,036 - httpx - INFO - HTTP Request: GET http://testserver/api/v1/artifacts/art-e2b26e6b "HTTP/1.1 200 OK"
2026-09-13 11:26:46,579 - sovereign.llama_cpp.lifecycle - INFO - Starting llama-server: C:\Users\Dell\AppData\Local\Microsoft\WinGet\Packages\ggml.llamacpp_Microsoft.Winget.Source_8wekyb3d8bbwe\llama-server.exe -m C:\Users\Dell\.cache\huggingface\hub\models--Qwen--Qwen3-8B-GGUF\snapshots\7c41481f57cb95916b40956ab2f0b139b296d974\Qwen3-8B-Q4_K_M.gguf --port 8080 --host 127.0.0.1 -c 8192 -ngl 20
2026-09-13 11:26:57,377 - sovereign.llama_cpp.lifecycle - INFO - llama-server is ready.
2026-09-13 11:29:48,322 - sovereign.llama_cpp.lifecycle - INFO - Starting llama-server: C:\Users\Dell\AppData\Local\Microsoft\WinGet\Packages\ggml.llamacpp_Microsoft.Winget.Source_8wekyb3d8bbwe\llama-server.exe -m C:\Users\Dell\.cache\huggingface\hub\models--Qwen--Qwen3-8B-GGUF\snapshots\7c41481f57cb95916b40956ab2f0b139b296d974\Qwen3-8B-Q4_K_M.gguf --port 8080 --host 127.0.0.1 -c 8192 -ngl 20
2026-09-13 11:29:56,573 - sovereign.llama_cpp.lifecycle - INFO - llama-server is ready.
2026-09-13 11:30:27,703 - sovereign.llama_cpp.lifecycle - INFO - Starting llama-server: C:\Users\Dell\AppData\Local\Microsoft\WinGet\Packages\ggml.llamacpp_Microsoft.Winget.Source_8wekyb3d8bbwe\llama-server.exe -m C:\Users\Dell\.cache\huggingface\hub\models--bartowski--Llama-3.2-3B-Instruct-GGUF\snapshots\5ab33fa94d1d04e903623ae72c95d1696f09f9e8\Llama-3.2-3B-Instruct-Q4_K_M.gguf --port 8080 --host 127.0.0.1 -c 4096 -ngl 33
2026-09-13 11:30:34,905 - sovereign.llama_cpp.lifecycle - INFO - llama-server is ready.
2026-09-13 11:31:01,339 - httpx - INFO - HTTP Request: GET http://testserver/api/v1/health "HTTP/1.1 200 OK"
2026-09-13 11:31:01,371 - httpx - INFO - HTTP Request: POST http://testserver/api/v1/tasks "HTTP/1.1 200 OK"
2026-09-13 11:31:01,371 - httpx - INFO - HTTP Request: GET http://testserver/api/v1/tasks/task-17b6c96c "HTTP/1.1 200 OK"
2026-09-13 11:31:01,389 - httpx - INFO - HTTP Request: POST http://testserver/api/v1/tasks "HTTP/1.1 422 Unprocessable Entity"
2026-09-13 11:31:01,402 - httpx - INFO - HTTP Request: GET http://testserver/api/v1/tasks/task-notexist "HTTP/1.1 404 Not Found"
2026-09-13 11:31:01,434 - httpx - INFO - HTTP Request: POST http://testserver/api/v1/tasks/task-22b8222b/run "HTTP/1.1 400 Bad Request"
2026-09-13 11:31:01,452 - httpx - INFO - HTTP Request: POST http://testserver/api/v1/tasks/task-22b8222b/run "HTTP/1.1 400 Bad Request"
2026-09-13 11:31:01,461 - httpx - INFO - HTTP Request: POST http://testserver/api/v1/tasks/task-22b8222b/run "HTTP/1.1 400 Bad Request"
2026-09-13 11:31:01,476 - httpx - INFO - HTTP Request: POST http://testserver/api/v1/tasks/task-22b8222b/run "HTTP/1.1 400 Bad Request"
2026-09-13 11:31:01,476 - httpx - INFO - HTTP Request: POST http://testserver/api/v1/tasks/task-notexist/run "HTTP/1.1 404 Not Found"
2026-09-13 11:31:01,508 - httpx - INFO - HTTP Request: POST http://testserver/api/v1/tasks/task-d877334e/run "HTTP/1.1 200 OK"
2026-09-13 11:31:01,508 - httpx - INFO - HTTP Request: POST http://testserver/api/v1/tasks/task-d877334e/run "HTTP/1.1 409 Conflict"
2026-09-13 11:31:01,683 - httpx - INFO - HTTP Request: POST http://testserver/api/v1/knowledge/documents "HTTP/1.1 400 Bad Request"
2026-09-13 11:31:01,697 - httpx - INFO - HTTP Request: POST http://testserver/api/v1/knowledge/documents "HTTP/1.1 413 Request Entity Too Large"
2026-09-13 11:31:01,711 - httpx - INFO - HTTP Request: GET http://testserver/api/v1/tasks/task-abc/artifacts "HTTP/1.1 200 OK"
2026-09-13 11:31:01,711 - httpx - INFO - HTTP Request: GET http://testserver/api/v1/artifacts/art-123 "HTTP/1.1 200 OK"
2026-09-13 11:31:01,711 - httpx - INFO - HTTP Request: GET http://testserver/api/v1/artifacts/art-notexist "HTTP/1.1 404 Not Found"
2026-09-13 11:31:01,737 - httpx - INFO - HTTP Request: GET http://testserver/api/v1/artifacts/art-hack "HTTP/1.1 404 Not Found"
2026-09-13 11:31:02,131 - httpx - INFO - HTTP Request: POST http://testserver/api/v1/tasks "HTTP/1.1 200 OK"
2026-09-13 11:31:02,177 - httpx - INFO - HTTP Request: POST http://testserver/api/v1/knowledge/documents "HTTP/1.1 200 OK"
2026-09-13 11:31:02,247 - httpx - INFO - HTTP Request: POST http://testserver/api/v1/tasks/task-4ffb8dfd/run "HTTP/1.1 200 OK"
2026-09-13 11:31:03,252 - httpx - INFO - HTTP Request: GET http://testserver/api/v1/tasks/task-4ffb8dfd "HTTP/1.1 200 OK"
2026-09-13 11:31:03,261 - httpx - INFO - HTTP Request: GET http://testserver/api/v1/tasks/task-4ffb8dfd/artifacts "HTTP/1.1 200 OK"
2026-09-13 11:31:03,261 - httpx - INFO - HTTP Request: GET http://testserver/api/v1/artifacts/art-ad593d35 "HTTP/1.1 200 OK"
2026-09-13 12:28:53,512 - httpx2 - INFO - HTTP Request: GET http://testserver/api/v1/health "HTTP/1.1 200 OK"
2026-09-13 12:30:21,837 - httpx2 - INFO - HTTP Request: GET http://testserver/api/v1/health "HTTP/1.1 200 OK"
2026-09-13 12:30:21,924 - httpx2 - INFO - HTTP Request: POST http://testserver/api/v1/tasks "HTTP/1.1 200 OK"
2026-09-13 12:30:21,930 - httpx2 - INFO - HTTP Request: GET http://testserver/api/v1/tasks/task-3c7fa340 "HTTP/1.1 200 OK"
2026-09-13 12:30:21,945 - httpx2 - INFO - HTTP Request: POST http://testserver/api/v1/tasks "HTTP/1.1 422 Unprocessable Entity"
2026-09-13 12:30:21,961 - httpx2 - INFO - HTTP Request: GET http://testserver/api/v1/tasks/task-notexist "HTTP/1.1 404 Not Found"
2026-09-13 12:30:21,991 - httpx2 - INFO - HTTP Request: POST http://testserver/api/v1/tasks/task-cafaa64d/run "HTTP/1.1 400 Bad Request"
2026-09-13 12:30:22,007 - httpx2 - INFO - HTTP Request: POST http://testserver/api/v1/tasks/task-cafaa64d/run "HTTP/1.1 400 Bad Request"
2026-09-13 12:30:22,026 - httpx2 - INFO - HTTP Request: POST http://testserver/api/v1/tasks/task-cafaa64d/run "HTTP/1.1 400 Bad Request"
2026-09-13 12:30:22,043 - httpx2 - INFO - HTTP Request: POST http://testserver/api/v1/tasks/task-cafaa64d/run "HTTP/1.1 400 Bad Request"
2026-09-13 12:30:22,047 - httpx2 - INFO - HTTP Request: POST http://testserver/api/v1/tasks/task-notexist/run "HTTP/1.1 404 Not Found"
2026-09-13 12:30:22,074 - httpx2 - INFO - HTTP Request: POST http://testserver/api/v1/tasks/task-0e475304/run "HTTP/1.1 200 OK"
2026-09-13 12:30:22,079 - httpx2 - INFO - HTTP Request: POST http://testserver/api/v1/tasks/task-0e475304/run "HTTP/1.1 409 Conflict"
2026-09-13 12:30:22,231 - httpx2 - INFO - HTTP Request: POST http://testserver/api/v1/knowledge/documents "HTTP/1.1 400 Bad Request"
2026-09-13 12:30:22,254 - httpx2 - INFO - HTTP Request: POST http://testserver/api/v1/knowledge/documents "HTTP/1.1 413 Request Entity Too Large"
2026-09-13 12:30:22,269 - httpx2 - INFO - HTTP Request: GET http://testserver/api/v1/tasks/task-abc/artifacts "HTTP/1.1 200 OK"
2026-09-13 12:30:22,275 - httpx2 - INFO - HTTP Request: GET http://testserver/api/v1/artifacts/art-123 "HTTP/1.1 200 OK"
2026-09-13 12:30:22,279 - httpx2 - INFO - HTTP Request: GET http://testserver/api/v1/artifacts/art-notexist "HTTP/1.1 404 Not Found"
2026-09-13 12:30:22,296 - httpx2 - INFO - HTTP Request: GET http://testserver/api/v1/artifacts/art-hack "HTTP/1.1 404 Not Found"
2026-09-13 12:30:22,861 - httpx2 - INFO - HTTP Request: POST http://testserver/api/v1/tasks "HTTP/1.1 200 OK"
2026-09-13 12:30:22,927 - httpx2 - INFO - HTTP Request: POST http://testserver/api/v1/knowledge/documents "HTTP/1.1 200 OK"
2026-09-13 12:30:22,999 - httpx2 - INFO - HTTP Request: POST http://testserver/api/v1/tasks/task-d90f490a/run "HTTP/1.1 200 OK"
2026-09-13 12:30:24,006 - httpx2 - INFO - HTTP Request: GET http://testserver/api/v1/tasks/task-d90f490a "HTTP/1.1 200 OK"
2026-09-13 12:30:24,017 - httpx2 - INFO - HTTP Request: GET http://testserver/api/v1/tasks/task-d90f490a/artifacts "HTTP/1.1 200 OK"
2026-09-13 12:30:24,025 - httpx2 - INFO - HTTP Request: GET http://testserver/api/v1/artifacts/art-2e9a456c "HTTP/1.1 200 OK"
2026-09-13 12:38:24,031 - httpx2 - INFO - HTTP Request: GET http://testserver/api/v1/health "HTTP/1.1 200 OK"
2026-09-13 12:38:24,062 - httpx2 - INFO - HTTP Request: POST http://testserver/api/v1/tasks "HTTP/1.1 200 OK"
2026-09-13 12:38:24,068 - httpx2 - INFO - HTTP Request: GET http://testserver/api/v1/tasks/task-cde3046d "HTTP/1.1 200 OK"
2026-09-13 12:38:24,087 - httpx2 - INFO - HTTP Request: POST http://testserver/api/v1/tasks "HTTP/1.1 422 Unprocessable Entity"
2026-09-13 12:38:24,103 - httpx2 - INFO - HTTP Request: GET http://testserver/api/v1/tasks/task-notexist "HTTP/1.1 404 Not Found"
2026-09-13 12:38:24,132 - httpx2 - INFO - HTTP Request: POST http://testserver/api/v1/tasks/task-693e93e9/run "HTTP/1.1 400 Bad Request"
2026-09-13 12:38:24,150 - httpx2 - INFO - HTTP Request: POST http://testserver/api/v1/tasks/task-693e93e9/run "HTTP/1.1 400 Bad Request"
2026-09-13 12:38:24,170 - httpx2 - INFO - HTTP Request: POST http://testserver/api/v1/tasks/task-693e93e9/run "HTTP/1.1 400 Bad Request"
2026-09-13 12:38:24,191 - httpx2 - INFO - HTTP Request: POST http://testserver/api/v1/tasks/task-693e93e9/run "HTTP/1.1 400 Bad Request"
2026-09-13 12:38:24,197 - httpx2 - INFO - HTTP Request: POST http://testserver/api/v1/tasks/task-notexist/run "HTTP/1.1 404 Not Found"
2026-09-13 12:38:24,231 - httpx2 - INFO - HTTP Request: POST http://testserver/api/v1/tasks/task-4e8e5035/run "HTTP/1.1 200 OK"
2026-09-13 12:38:24,237 - httpx2 - INFO - HTTP Request: POST http://testserver/api/v1/tasks/task-4e8e5035/run "HTTP/1.1 409 Conflict"
2026-09-13 12:38:24,377 - httpx2 - INFO - HTTP Request: POST http://testserver/api/v1/knowledge/documents "HTTP/1.1 400 Bad Request"
2026-09-13 12:38:24,391 - httpx2 - INFO - HTTP Request: POST http://testserver/api/v1/knowledge/documents "HTTP/1.1 413 Request Entity Too Large"
2026-09-13 12:38:24,408 - httpx2 - INFO - HTTP Request: GET http://testserver/api/v1/tasks/task-abc/artifacts "HTTP/1.1 200 OK"
2026-09-13 12:38:24,414 - httpx2 - INFO - HTTP Request: GET http://testserver/api/v1/artifacts/art-123 "HTTP/1.1 200 OK"
2026-09-13 12:38:24,419 - httpx2 - INFO - HTTP Request: GET http://testserver/api/v1/artifacts/art-notexist "HTTP/1.1 404 Not Found"
2026-09-13 12:38:24,435 - httpx2 - INFO - HTTP Request: GET http://testserver/api/v1/artifacts/art-hack "HTTP/1.1 404 Not Found"
2026-09-13 12:38:24,898 - httpx2 - INFO - HTTP Request: POST http://testserver/api/v1/tasks "HTTP/1.1 200 OK"
2026-09-13 12:38:24,930 - httpx2 - INFO - HTTP Request: POST http://testserver/api/v1/knowledge/documents "HTTP/1.1 200 OK"
2026-09-13 12:38:24,987 - httpx2 - INFO - HTTP Request: POST http://testserver/api/v1/tasks/task-49880da3/run "HTTP/1.1 200 OK"
2026-09-13 12:38:25,994 - httpx2 - INFO - HTTP Request: GET http://testserver/api/v1/tasks/task-49880da3 "HTTP/1.1 200 OK"
2026-09-13 12:38:26,006 - httpx2 - INFO - HTTP Request: GET http://testserver/api/v1/tasks/task-49880da3/artifacts "HTTP/1.1 200 OK"
2026-09-13 12:38:26,011 - httpx2 - INFO - HTTP Request: GET http://testserver/api/v1/artifacts/art-4de3b906 "HTTP/1.1 200 OK"
2026-09-13 12:43:37,666 - httpx2 - INFO - HTTP Request: GET http://testserver/api/v1/health "HTTP/1.1 200 OK"
2026-09-13 12:43:37,696 - httpx2 - INFO - HTTP Request: POST http://testserver/api/v1/tasks "HTTP/1.1 200 OK"
2026-09-13 12:43:37,702 - httpx2 - INFO - HTTP Request: GET http://testserver/api/v1/tasks/task-dee1a710 "HTTP/1.1 200 OK"
2026-09-13 12:43:37,717 - httpx2 - INFO - HTTP Request: POST http://testserver/api/v1/tasks "HTTP/1.1 422 Unprocessable Entity"
2026-09-13 12:43:37,736 - httpx2 - INFO - HTTP Request: GET http://testserver/api/v1/tasks/task-notexist "HTTP/1.1 404 Not Found"
2026-09-13 12:43:37,765 - httpx2 - INFO - HTTP Request: POST http://testserver/api/v1/tasks/task-06717fdf/run "HTTP/1.1 400 Bad Request"
2026-09-13 12:43:37,780 - httpx2 - INFO - HTTP Request: POST http://testserver/api/v1/tasks/task-06717fdf/run "HTTP/1.1 400 Bad Request"
2026-09-13 12:43:37,795 - httpx2 - INFO - HTTP Request: POST http://testserver/api/v1/tasks/task-06717fdf/run "HTTP/1.1 400 Bad Request"
2026-09-13 12:43:37,811 - httpx2 - INFO - HTTP Request: POST http://testserver/api/v1/tasks/task-06717fdf/run "HTTP/1.1 400 Bad Request"
2026-09-13 12:43:37,815 - httpx2 - INFO - HTTP Request: POST http://testserver/api/v1/tasks/task-notexist/run "HTTP/1.1 404 Not Found"
2026-09-13 12:43:37,844 - httpx2 - INFO - HTTP Request: POST http://testserver/api/v1/tasks/task-6583bd48/run "HTTP/1.1 200 OK"
2026-09-13 12:43:37,848 - httpx2 - INFO - HTTP Request: POST http://testserver/api/v1/tasks/task-6583bd48/run "HTTP/1.1 409 Conflict"
2026-09-13 12:43:37,990 - httpx2 - INFO - HTTP Request: POST http://testserver/api/v1/knowledge/documents "HTTP/1.1 400 Bad Request"
2026-09-13 12:43:38,004 - httpx2 - INFO - HTTP Request: POST http://testserver/api/v1/knowledge/documents "HTTP/1.1 413 Request Entity Too Large"
2026-09-13 12:43:38,021 - httpx2 - INFO - HTTP Request: GET http://testserver/api/v1/tasks/task-abc/artifacts "HTTP/1.1 200 OK"
2026-09-13 12:43:38,029 - httpx2 - INFO - HTTP Request: GET http://testserver/api/v1/artifacts/art-123 "HTTP/1.1 200 OK"
2026-09-13 12:43:38,033 - httpx2 - INFO - HTTP Request: GET http://testserver/api/v1/artifacts/art-notexist "HTTP/1.1 404 Not Found"
2026-09-13 12:43:38,062 - httpx2 - INFO - HTTP Request: GET http://testserver/api/v1/artifacts/art-hack "HTTP/1.1 404 Not Found"
2026-09-13 12:43:38,575 - httpx2 - INFO - HTTP Request: POST http://testserver/api/v1/tasks "HTTP/1.1 200 OK"
2026-09-13 12:43:38,620 - httpx2 - INFO - HTTP Request: POST http://testserver/api/v1/knowledge/documents "HTTP/1.1 200 OK"
2026-09-13 12:43:38,679 - httpx2 - INFO - HTTP Request: POST http://testserver/api/v1/tasks/task-b095fa11/run "HTTP/1.1 200 OK"
2026-09-13 12:43:39,685 - httpx2 - INFO - HTTP Request: GET http://testserver/api/v1/tasks/task-b095fa11 "HTTP/1.1 200 OK"
2026-09-13 12:43:39,698 - httpx2 - INFO - HTTP Request: GET http://testserver/api/v1/tasks/task-b095fa11/artifacts "HTTP/1.1 200 OK"
2026-09-13 12:43:39,704 - httpx2 - INFO - HTTP Request: GET http://testserver/api/v1/artifacts/art-6e9fbc09 "HTTP/1.1 200 OK"
2026-09-13 12:44:41,750 - httpx2 - INFO - HTTP Request: GET http://testserver/api/v1/health "HTTP/1.1 200 OK"
2026-09-13 12:44:41,783 - httpx2 - INFO - HTTP Request: POST http://testserver/api/v1/tasks "HTTP/1.1 200 OK"
2026-09-13 12:44:41,793 - httpx2 - INFO - HTTP Request: GET http://testserver/api/v1/tasks/task-40c8e4e6 "HTTP/1.1 200 OK"
2026-09-13 12:44:41,809 - httpx2 - INFO - HTTP Request: POST http://testserver/api/v1/tasks "HTTP/1.1 422 Unprocessable Entity"
2026-09-13 12:44:41,826 - httpx2 - INFO - HTTP Request: GET http://testserver/api/v1/tasks/task-notexist "HTTP/1.1 404 Not Found"
2026-09-13 12:44:41,854 - httpx2 - INFO - HTTP Request: POST http://testserver/api/v1/tasks/task-086c10ba/run "HTTP/1.1 400 Bad Request"
2026-09-13 12:44:41,870 - httpx2 - INFO - HTTP Request: POST http://testserver/api/v1/tasks/task-086c10ba/run "HTTP/1.1 400 Bad Request"
2026-09-13 12:44:41,886 - httpx2 - INFO - HTTP Request: POST http://testserver/api/v1/tasks/task-086c10ba/run "HTTP/1.1 400 Bad Request"
2026-09-13 12:44:41,902 - httpx2 - INFO - HTTP Request: POST http://testserver/api/v1/tasks/task-086c10ba/run "HTTP/1.1 400 Bad Request"
2026-09-13 12:44:41,907 - httpx2 - INFO - HTTP Request: POST http://testserver/api/v1/tasks/task-notexist/run "HTTP/1.1 404 Not Found"
2026-09-13 12:44:41,931 - httpx2 - INFO - HTTP Request: POST http://testserver/api/v1/tasks/task-8dd7880c/run "HTTP/1.1 200 OK"
2026-09-13 12:44:41,936 - httpx2 - INFO - HTTP Request: POST http://testserver/api/v1/tasks/task-8dd7880c/run "HTTP/1.1 409 Conflict"
2026-09-13 12:44:42,069 - httpx2 - INFO - HTTP Request: POST http://testserver/api/v1/knowledge/documents "HTTP/1.1 400 Bad Request"
2026-09-13 12:44:42,083 - httpx2 - INFO - HTTP Request: POST http://testserver/api/v1/knowledge/documents "HTTP/1.1 413 Request Entity Too Large"
2026-09-13 12:44:42,099 - httpx2 - INFO - HTTP Request: GET http://testserver/api/v1/tasks/task-abc/artifacts "HTTP/1.1 200 OK"
2026-09-13 12:44:42,107 - httpx2 - INFO - HTTP Request: GET http://testserver/api/v1/artifacts/art-123 "HTTP/1.1 200 OK"
2026-09-13 12:44:42,111 - httpx2 - INFO - HTTP Request: GET http://testserver/api/v1/artifacts/art-notexist "HTTP/1.1 404 Not Found"
2026-09-13 12:44:42,127 - httpx2 - INFO - HTTP Request: GET http://testserver/api/v1/artifacts/art-hack "HTTP/1.1 404 Not Found"
2026-09-13 12:44:42,638 - httpx2 - INFO - HTTP Request: POST http://testserver/api/v1/tasks "HTTP/1.1 200 OK"
2026-09-13 12:44:42,675 - httpx2 - INFO - HTTP Request: POST http://testserver/api/v1/knowledge/documents "HTTP/1.1 200 OK"
2026-09-13 12:44:42,736 - httpx2 - INFO - HTTP Request: POST http://testserver/api/v1/tasks/task-b7caf3a1/run "HTTP/1.1 200 OK"
2026-09-13 12:44:43,747 - httpx2 - INFO - HTTP Request: GET http://testserver/api/v1/tasks/task-b7caf3a1 "HTTP/1.1 200 OK"
2026-09-13 12:44:43,762 - httpx2 - INFO - HTTP Request: GET http://testserver/api/v1/tasks/task-b7caf3a1/artifacts "HTTP/1.1 200 OK"
2026-09-13 12:44:43,771 - httpx2 - INFO - HTTP Request: GET http://testserver/api/v1/artifacts/art-58f8d757 "HTTP/1.1 200 OK"
2026-09-13 12:44:44,770 - sovereign.llama_cpp.lifecycle - INFO - Loading deployment 'Model1' with command: C:\Users\Dell\AppData\Local\Microsoft\WinGet\Packages\ggml.llamacpp_Microsoft.Winget.Source_8wekyb3d8bbwe\llama-server.exe -m C:\Users\Dell\AppData\Local\Temp\pytest-of-Dell\pytest-11\test_llama_cpp_adapter_and_lif0\model1.gguf --port 8080 --host 127.0.0.1 -c 2048 -ngl 10
2026-09-13 12:44:44,770 - sovereign.llama_cpp.lifecycle - INFO - Deployment 'Model1' loaded successfully and is ready.
2026-09-13 12:44:44,771 - sovereign.llama_cpp.lifecycle - INFO - Switching deployment to 'Model2'...
2026-09-13 12:44:44,772 - sovereign.llama_cpp.lifecycle - INFO - Stopping active llama-server deployment...
2026-09-13 12:44:44,772 - sovereign.llama_cpp.lifecycle - INFO - llama-server stopped.
2026-09-13 12:44:44,773 - sovereign.llama_cpp.lifecycle - INFO - Loading deployment 'Model2' with command: C:\Users\Dell\AppData\Local\Microsoft\WinGet\Packages\ggml.llamacpp_Microsoft.Winget.Source_8wekyb3d8bbwe\llama-server.exe -m C:\Users\Dell\AppData\Local\Temp\pytest-of-Dell\pytest-11\test_llama_cpp_adapter_and_lif0\model2.gguf --port 8081 --host 127.0.0.1 -c 4096 -ngl 20
2026-09-13 12:44:44,773 - sovereign.llama_cpp.lifecycle - INFO - Deployment 'Model2' loaded successfully and is ready.
2026-09-13 12:44:44,773 - sovereign.llama_cpp.lifecycle - INFO - Stopping active llama-server deployment...
2026-09-13 12:44:44,774 - sovereign.llama_cpp.lifecycle - INFO - llama-server stopped.
2026-09-13 12:45:04,084 - sovereign.llama_cpp.lifecycle - INFO - Loading deployment 'Llama-3.2-3B-Instruct' with command: C:\Users\Dell\AppData\Local\Microsoft\WinGet\Packages\ggml.llamacpp_Microsoft.Winget.Source_8wekyb3d8bbwe\llama-server.exe -m C:\Users\Dell\.cache\huggingface\hub\models--bartowski--Llama-3.2-3B-Instruct-GGUF\snapshots\5ab33fa94d1d04e903623ae72c95d1696f09f9e8\Llama-3.2-3B-Instruct-Q4_K_M.gguf --port 8080 --host 127.0.0.1 -c 4096 -ngl 20
2026-09-13 12:45:09,259 - sovereign.llama_cpp.lifecycle - INFO - Deployment 'Llama-3.2-3B-Instruct' loaded successfully and is ready.
2026-09-13 12:45:13,998 - sovereign.llama_cpp.lifecycle - INFO - Stopping active llama-server deployment...
2026-09-13 12:45:14,484 - sovereign.llama_cpp.lifecycle - INFO - llama-server stopped.
2026-09-13 12:45:15,501 - sovereign.llama_cpp.lifecycle - INFO - Loading deployment 'Qwen2.5-3B-Instruct' with command: C:\Users\Dell\AppData\Local\Microsoft\WinGet\Packages\ggml.llamacpp_Microsoft.Winget.Source_8wekyb3d8bbwe\llama-server.exe -m C:\Users\Dell\.cache\huggingface\hub\models--Qwen--Qwen2.5-3B-Instruct-GGUF\snapshots\7dabda4d13d513e3e842b20f0d435c732f172cbe\qwen2.5-3b-instruct-q4_k_m.gguf --port 8080 --host 127.0.0.1 -c 4096 -ngl 20
2026-09-13 12:45:21,651 - sovereign.llama_cpp.lifecycle - INFO - Deployment 'Qwen2.5-3B-Instruct' loaded successfully and is ready.
2026-09-13 12:45:24,353 - sovereign.llama_cpp.lifecycle - INFO - Stopping active llama-server deployment...
2026-09-13 12:45:24,804 - sovereign.llama_cpp.lifecycle - INFO - llama-server stopped.
2026-09-13 12:45:25,817 - sovereign.llama_cpp.lifecycle - INFO - Switching deployment to 'Llama-3.2-3B-Instruct'...
2026-09-13 12:45:25,817 - sovereign.llama_cpp.lifecycle - INFO - Loading deployment 'Llama-3.2-3B-Instruct' with command: C:\Users\Dell\AppData\Local\Microsoft\WinGet\Packages\ggml.llamacpp_Microsoft.Winget.Source_8wekyb3d8bbwe\llama-server.exe -m C:\Users\Dell\.cache\huggingface\hub\models--bartowski--Llama-3.2-3B-Instruct-GGUF\snapshots\5ab33fa94d1d04e903623ae72c95d1696f09f9e8\Llama-3.2-3B-Instruct-Q4_K_M.gguf --port 8080 --host 127.0.0.1 -c 4096 -ngl 20
2026-09-13 12:45:30,483 - sovereign.llama_cpp.lifecycle - INFO - Deployment 'Llama-3.2-3B-Instruct' loaded successfully and is ready.
2026-09-13 12:45:33,087 - sovereign.llama_cpp.lifecycle - INFO - Stopping active llama-server deployment...
2026-09-13 12:45:33,597 - sovereign.llama_cpp.lifecycle - INFO - llama-server stopped.
2026-09-13 12:45:50,825 - httpx2 - INFO - HTTP Request: GET http://testserver/api/v1/health "HTTP/1.1 200 OK"
2026-09-13 12:45:50,863 - httpx2 - INFO - HTTP Request: POST http://testserver/api/v1/tasks "HTTP/1.1 200 OK"
2026-09-13 12:45:50,873 - httpx2 - INFO - HTTP Request: GET http://testserver/api/v1/tasks/task-347e9bed "HTTP/1.1 200 OK"
2026-09-13 12:45:50,893 - httpx2 - INFO - HTTP Request: POST http://testserver/api/v1/tasks "HTTP/1.1 422 Unprocessable Entity"
2026-09-13 12:45:50,920 - httpx2 - INFO - HTTP Request: GET http://testserver/api/v1/tasks/task-notexist "HTTP/1.1 404 Not Found"
2026-09-13 12:45:50,950 - httpx2 - INFO - HTTP Request: POST http://testserver/api/v1/tasks/task-6866485b/run "HTTP/1.1 400 Bad Request"
2026-09-13 12:45:50,969 - httpx2 - INFO - HTTP Request: POST http://testserver/api/v1/tasks/task-6866485b/run "HTTP/1.1 400 Bad Request"
2026-09-13 12:45:50,986 - httpx2 - INFO - HTTP Request: POST http://testserver/api/v1/tasks/task-6866485b/run "HTTP/1.1 400 Bad Request"
2026-09-13 12:45:50,999 - httpx2 - INFO - HTTP Request: POST http://testserver/api/v1/tasks/task-6866485b/run "HTTP/1.1 400 Bad Request"
2026-09-13 12:45:51,003 - httpx2 - INFO - HTTP Request: POST http://testserver/api/v1/tasks/task-notexist/run "HTTP/1.1 404 Not Found"
2026-09-13 12:45:51,028 - httpx2 - INFO - HTTP Request: POST http://testserver/api/v1/tasks/task-0b246a32/run "HTTP/1.1 200 OK"
2026-09-13 12:45:51,033 - httpx2 - INFO - HTTP Request: POST http://testserver/api/v1/tasks/task-0b246a32/run "HTTP/1.1 409 Conflict"
2026-09-13 12:45:51,175 - httpx2 - INFO - HTTP Request: POST http://testserver/api/v1/knowledge/documents "HTTP/1.1 400 Bad Request"
2026-09-13 12:45:51,190 - httpx2 - INFO - HTTP Request: POST http://testserver/api/v1/knowledge/documents "HTTP/1.1 413 Request Entity Too Large"
2026-09-13 12:45:51,206 - httpx2 - INFO - HTTP Request: GET http://testserver/api/v1/tasks/task-abc/artifacts "HTTP/1.1 200 OK"
2026-09-13 12:45:51,212 - httpx2 - INFO - HTTP Request: GET http://testserver/api/v1/artifacts/art-123 "HTTP/1.1 200 OK"
2026-09-13 12:45:51,217 - httpx2 - INFO - HTTP Request: GET http://testserver/api/v1/artifacts/art-notexist "HTTP/1.1 404 Not Found"
2026-09-13 12:45:51,232 - httpx2 - INFO - HTTP Request: GET http://testserver/api/v1/artifacts/art-hack "HTTP/1.1 404 Not Found"
2026-09-13 12:45:51,715 - httpx2 - INFO - HTTP Request: POST http://testserver/api/v1/tasks "HTTP/1.1 200 OK"
2026-09-13 12:45:51,798 - httpx2 - INFO - HTTP Request: POST http://testserver/api/v1/knowledge/documents "HTTP/1.1 200 OK"
2026-09-13 12:45:51,857 - httpx2 - INFO - HTTP Request: POST http://testserver/api/v1/tasks/task-d69a65d4/run "HTTP/1.1 200 OK"
2026-09-13 12:45:52,866 - httpx2 - INFO - HTTP Request: GET http://testserver/api/v1/tasks/task-d69a65d4 "HTTP/1.1 200 OK"
2026-09-13 12:45:52,874 - httpx2 - INFO - HTTP Request: GET http://testserver/api/v1/tasks/task-d69a65d4/artifacts "HTTP/1.1 200 OK"
2026-09-13 12:45:52,880 - httpx2 - INFO - HTTP Request: GET http://testserver/api/v1/artifacts/art-94194f2d "HTTP/1.1 200 OK"
2026-09-13 12:45:53,674 - sovereign.llama_cpp.lifecycle - INFO - Loading deployment 'Model1' with command: C:\Users\Dell\AppData\Local\Microsoft\WinGet\Packages\ggml.llamacpp_Microsoft.Winget.Source_8wekyb3d8bbwe\llama-server.exe -m C:\Users\Dell\AppData\Local\Temp\pytest-of-Dell\pytest-12\test_llama_cpp_adapter_and_lif0\model1.gguf --port 8080 --host 127.0.0.1 -c 2048 -ngl 10
2026-09-13 12:45:53,674 - sovereign.llama_cpp.lifecycle - INFO - Deployment 'Model1' loaded successfully and is ready.
2026-09-13 12:45:53,675 - sovereign.llama_cpp.lifecycle - INFO - Switching deployment to 'Model2'...
2026-09-13 12:45:53,675 - sovereign.llama_cpp.lifecycle - INFO - Stopping active llama-server deployment...
2026-09-13 12:45:53,676 - sovereign.llama_cpp.lifecycle - INFO - llama-server stopped.
2026-09-13 12:45:53,676 - sovereign.llama_cpp.lifecycle - INFO - Loading deployment 'Model2' with command: C:\Users\Dell\AppData\Local\Microsoft\WinGet\Packages\ggml.llamacpp_Microsoft.Winget.Source_8wekyb3d8bbwe\llama-server.exe -m C:\Users\Dell\AppData\Local\Temp\pytest-of-Dell\pytest-12\test_llama_cpp_adapter_and_lif0\model2.gguf --port 8081 --host 127.0.0.1 -c 4096 -ngl 20
2026-09-13 12:45:53,676 - sovereign.llama_cpp.lifecycle - INFO - Deployment 'Model2' loaded successfully and is ready.
2026-09-13 12:45:53,676 - sovereign.llama_cpp.lifecycle - INFO - Stopping active llama-server deployment...
2026-09-13 12:45:53,677 - sovereign.llama_cpp.lifecycle - INFO - llama-server stopped.
2026-09-13 12:50:10,691 - httpx2 - INFO - HTTP Request: GET http://testserver/api/v1/health "HTTP/1.1 200 OK"
2026-09-13 12:50:10,744 - httpx2 - INFO - HTTP Request: POST http://testserver/api/v1/tasks "HTTP/1.1 200 OK"
2026-09-13 12:50:10,752 - httpx2 - INFO - HTTP Request: GET http://testserver/api/v1/tasks/task-fbee6f13 "HTTP/1.1 200 OK"
2026-09-13 12:50:10,767 - httpx2 - INFO - HTTP Request: POST http://testserver/api/v1/tasks "HTTP/1.1 422 Unprocessable Entity"
2026-09-13 12:50:10,783 - httpx2 - INFO - HTTP Request: GET http://testserver/api/v1/tasks/task-notexist "HTTP/1.1 404 Not Found"
2026-09-13 12:50:10,799 - httpx2 - INFO - HTTP Request: POST http://testserver/api/v1/tasks/task-bc235a2f/run "HTTP/1.1 400 Bad Request"
2026-09-13 12:50:10,815 - httpx2 - INFO - HTTP Request: POST http://testserver/api/v1/tasks/task-bc235a2f/run "HTTP/1.1 400 Bad Request"
2026-09-13 12:50:10,831 - httpx2 - INFO - HTTP Request: POST http://testserver/api/v1/tasks/task-bc235a2f/run "HTTP/1.1 400 Bad Request"
2026-09-13 12:50:10,849 - httpx2 - INFO - HTTP Request: POST http://testserver/api/v1/tasks/task-bc235a2f/run "HTTP/1.1 400 Bad Request"
2026-09-13 12:50:10,849 - httpx2 - INFO - HTTP Request: POST http://testserver/api/v1/tasks/task-notexist/run "HTTP/1.1 404 Not Found"
2026-09-13 12:50:10,878 - httpx2 - INFO - HTTP Request: POST http://testserver/api/v1/tasks/task-0e8e8079/run "HTTP/1.1 200 OK"
2026-09-13 12:50:10,878 - httpx2 - INFO - HTTP Request: POST http://testserver/api/v1/tasks/task-0e8e8079/run "HTTP/1.1 409 Conflict"
2026-09-13 12:50:11,032 - httpx2 - INFO - HTTP Request: POST http://testserver/api/v1/knowledge/documents "HTTP/1.1 400 Bad Request"
2026-09-13 12:50:11,058 - httpx2 - INFO - HTTP Request: POST http://testserver/api/v1/knowledge/documents "HTTP/1.1 413 Request Entity Too Large"
2026-09-13 12:50:11,074 - httpx2 - INFO - HTTP Request: GET http://testserver/api/v1/tasks/task-abc/artifacts "HTTP/1.1 200 OK"
2026-09-13 12:50:11,078 - httpx2 - INFO - HTTP Request: GET http://testserver/api/v1/artifacts/art-123 "HTTP/1.1 200 OK"
2026-09-13 12:50:11,078 - httpx2 - INFO - HTTP Request: GET http://testserver/api/v1/artifacts/art-notexist "HTTP/1.1 404 Not Found"
2026-09-13 12:50:11,099 - httpx2 - INFO - HTTP Request: GET http://testserver/api/v1/artifacts/art-hack "HTTP/1.1 404 Not Found"
2026-09-13 12:50:11,582 - httpx2 - INFO - HTTP Request: POST http://testserver/api/v1/tasks "HTTP/1.1 200 OK"
2026-09-13 12:50:11,617 - httpx2 - INFO - HTTP Request: POST http://testserver/api/v1/knowledge/documents "HTTP/1.1 200 OK"
2026-09-13 12:50:11,687 - httpx2 - INFO - HTTP Request: POST http://testserver/api/v1/tasks/task-f85e23bd/run "HTTP/1.1 200 OK"
2026-09-13 12:50:12,689 - httpx2 - INFO - HTTP Request: GET http://testserver/api/v1/tasks/task-f85e23bd "HTTP/1.1 200 OK"
2026-09-13 12:50:12,697 - httpx2 - INFO - HTTP Request: GET http://testserver/api/v1/tasks/task-f85e23bd/artifacts "HTTP/1.1 200 OK"
2026-09-13 12:50:12,709 - httpx2 - INFO - HTTP Request: GET http://testserver/api/v1/artifacts/art-0eb76852 "HTTP/1.1 200 OK"
2026-09-13 12:50:13,482 - sovereign.llama_cpp.lifecycle - INFO - Loading deployment 'Model1' with command: C:\Users\Dell\AppData\Local\Microsoft\WinGet\Packages\ggml.llamacpp_Microsoft.Winget.Source_8wekyb3d8bbwe\llama-server.exe -m C:\Users\Dell\AppData\Local\Temp\pytest-of-Dell\pytest-13\test_llama_cpp_adapter_and_lif0\model1.gguf --port 8080 --host 127.0.0.1 -c 2048 -ngl 10
2026-09-13 12:50:13,482 - sovereign.llama_cpp.lifecycle - INFO - Deployment 'Model1' loaded successfully and is ready.
2026-09-13 12:50:13,483 - sovereign.llama_cpp.lifecycle - INFO - Switching deployment to 'Model2'...
2026-09-13 12:50:13,483 - sovereign.llama_cpp.lifecycle - INFO - Stopping active llama-server deployment...
2026-09-13 12:50:13,483 - sovereign.llama_cpp.lifecycle - INFO - llama-server stopped.
2026-09-13 12:50:13,484 - sovereign.llama_cpp.lifecycle - INFO - Loading deployment 'Model2' with command: C:\Users\Dell\AppData\Local\Microsoft\WinGet\Packages\ggml.llamacpp_Microsoft.Winget.Source_8wekyb3d8bbwe\llama-server.exe -m C:\Users\Dell\AppData\Local\Temp\pytest-of-Dell\pytest-13\test_llama_cpp_adapter_and_lif0\model2.gguf --port 8081 --host 127.0.0.1 -c 4096 -ngl 20
2026-09-13 12:50:13,485 - sovereign.llama_cpp.lifecycle - INFO - Deployment 'Model2' loaded successfully and is ready.
2026-09-13 12:50:13,485 - sovereign.llama_cpp.lifecycle - INFO - Stopping active llama-server deployment...
2026-09-13 12:50:13,485 - sovereign.llama_cpp.lifecycle - INFO - llama-server stopped.
2026-09-13 12:53:48,327 - httpx2 - INFO - HTTP Request: GET http://testserver/api/v1/health "HTTP/1.1 200 OK"
2026-09-13 12:53:48,358 - httpx2 - INFO - HTTP Request: POST http://testserver/api/v1/tasks "HTTP/1.1 200 OK"
2026-09-13 12:53:48,364 - httpx2 - INFO - HTTP Request: GET http://testserver/api/v1/tasks/task-996b3081 "HTTP/1.1 200 OK"
2026-09-13 12:53:48,377 - httpx2 - INFO - HTTP Request: POST http://testserver/api/v1/tasks "HTTP/1.1 422 Unprocessable Entity"
2026-09-13 12:53:48,391 - httpx2 - INFO - HTTP Request: GET http://testserver/api/v1/tasks/task-notexist "HTTP/1.1 404 Not Found"
2026-09-13 12:53:48,418 - httpx2 - INFO - HTTP Request: POST http://testserver/api/v1/tasks/task-4103a82d/run "HTTP/1.1 400 Bad Request"
2026-09-13 12:53:48,433 - httpx2 - INFO - HTTP Request: POST http://testserver/api/v1/tasks/task-4103a82d/run "HTTP/1.1 400 Bad Request"
2026-09-13 12:53:48,449 - httpx2 - INFO - HTTP Request: POST http://testserver/api/v1/tasks/task-4103a82d/run "HTTP/1.1 400 Bad Request"
2026-09-13 12:53:48,464 - httpx2 - INFO - HTTP Request: POST http://testserver/api/v1/tasks/task-4103a82d/run "HTTP/1.1 400 Bad Request"
2026-09-13 12:53:48,468 - httpx2 - INFO - HTTP Request: POST http://testserver/api/v1/tasks/task-notexist/run "HTTP/1.1 404 Not Found"
2026-09-13 12:53:48,494 - httpx2 - INFO - HTTP Request: POST http://testserver/api/v1/tasks/task-714bb633/run "HTTP/1.1 200 OK"
2026-09-13 12:53:48,498 - httpx2 - INFO - HTTP Request: POST http://testserver/api/v1/tasks/task-714bb633/run "HTTP/1.1 409 Conflict"
2026-09-13 12:53:48,638 - httpx2 - INFO - HTTP Request: POST http://testserver/api/v1/knowledge/documents "HTTP/1.1 400 Bad Request"
2026-09-13 12:53:48,652 - httpx2 - INFO - HTTP Request: POST http://testserver/api/v1/knowledge/documents "HTTP/1.1 413 Request Entity Too Large"
2026-09-13 12:53:48,668 - httpx2 - INFO - HTTP Request: GET http://testserver/api/v1/tasks/task-abc/artifacts "HTTP/1.1 200 OK"
2026-09-13 12:53:48,675 - httpx2 - INFO - HTTP Request: GET http://testserver/api/v1/artifacts/art-123 "HTTP/1.1 200 OK"
2026-09-13 12:53:48,679 - httpx2 - INFO - HTTP Request: GET http://testserver/api/v1/artifacts/art-notexist "HTTP/1.1 404 Not Found"
2026-09-13 12:53:48,711 - httpx2 - INFO - HTTP Request: GET http://testserver/api/v1/artifacts/art-hack "HTTP/1.1 404 Not Found"
2026-09-13 12:53:49,184 - httpx2 - INFO - HTTP Request: POST http://testserver/api/v1/tasks "HTTP/1.1 200 OK"
2026-09-13 12:53:49,230 - httpx2 - INFO - HTTP Request: POST http://testserver/api/v1/knowledge/documents "HTTP/1.1 200 OK"
2026-09-13 12:53:49,292 - httpx2 - INFO - HTTP Request: POST http://testserver/api/v1/tasks/task-4e7f2e4a/run "HTTP/1.1 200 OK"
2026-09-13 12:53:50,299 - httpx2 - INFO - HTTP Request: GET http://testserver/api/v1/tasks/task-4e7f2e4a "HTTP/1.1 200 OK"
2026-09-13 12:53:50,311 - httpx2 - INFO - HTTP Request: GET http://testserver/api/v1/tasks/task-4e7f2e4a/artifacts "HTTP/1.1 200 OK"
2026-09-13 12:53:50,318 - httpx2 - INFO - HTTP Request: GET http://testserver/api/v1/artifacts/art-9ce93bc2 "HTTP/1.1 200 OK"
2026-09-13 12:53:51,079 - sovereign.llama_cpp.lifecycle - INFO - Loading deployment 'Model1' with command: C:\Users\Dell\AppData\Local\Microsoft\WinGet\Packages\ggml.llamacpp_Microsoft.Winget.Source_8wekyb3d8bbwe\llama-server.exe -m C:\Users\Dell\AppData\Local\Temp\pytest-of-Dell\pytest-16\test_llama_cpp_adapter_and_lif0\model1.gguf --port 8080 --host 127.0.0.1 -c 2048 -ngl 10
2026-09-13 12:53:51,080 - sovereign.llama_cpp.lifecycle - INFO - Deployment 'Model1' loaded successfully and is ready.
2026-09-13 12:53:51,081 - sovereign.llama_cpp.lifecycle - INFO - Switching deployment to 'Model2'...
2026-09-13 12:53:51,081 - sovereign.llama_cpp.lifecycle - INFO - Stopping active llama-server deployment...
2026-09-13 12:53:51,081 - sovereign.llama_cpp.lifecycle - INFO - llama-server stopped.
2026-09-13 12:53:51,081 - sovereign.llama_cpp.lifecycle - INFO - Loading deployment 'Model2' with command: C:\Users\Dell\AppData\Local\Microsoft\WinGet\Packages\ggml.llamacpp_Microsoft.Winget.Source_8wekyb3d8bbwe\llama-server.exe -m C:\Users\Dell\AppData\Local\Temp\pytest-of-Dell\pytest-16\test_llama_cpp_adapter_and_lif0\model2.gguf --port 8081 --host 127.0.0.1 -c 4096 -ngl 20
2026-09-13 12:53:51,082 - sovereign.llama_cpp.lifecycle - INFO - Deployment 'Model2' loaded successfully and is ready.
2026-09-13 12:53:51,083 - sovereign.llama_cpp.lifecycle - INFO - Stopping active llama-server deployment...
2026-09-13 12:53:51,083 - sovereign.llama_cpp.lifecycle - INFO - llama-server stopped.
2026-09-13 13:05:07,032 - httpx2 - INFO - HTTP Request: GET http://testserver/api/v1/health "HTTP/1.1 200 OK"
2026-09-13 13:05:07,065 - httpx2 - INFO - HTTP Request: POST http://testserver/api/v1/tasks "HTTP/1.1 200 OK"
2026-09-13 13:05:07,075 - httpx2 - INFO - HTTP Request: GET http://testserver/api/v1/tasks/task-b2298d49 "HTTP/1.1 200 OK"
2026-09-13 13:05:07,091 - httpx2 - INFO - HTTP Request: POST http://testserver/api/v1/tasks "HTTP/1.1 422 Unprocessable Entity"
2026-09-13 13:05:07,107 - httpx2 - INFO - HTTP Request: GET http://testserver/api/v1/tasks/task-notexist "HTTP/1.1 404 Not Found"
2026-09-13 13:05:07,137 - httpx2 - INFO - HTTP Request: POST http://testserver/api/v1/tasks/task-a4a5ac3c/run "HTTP/1.1 400 Bad Request"
2026-09-13 13:05:07,156 - httpx2 - INFO - HTTP Request: POST http://testserver/api/v1/tasks/task-a4a5ac3c/run "HTTP/1.1 400 Bad Request"
2026-09-13 13:05:07,170 - httpx2 - INFO - HTTP Request: POST http://testserver/api/v1/tasks/task-a4a5ac3c/run "HTTP/1.1 400 Bad Request"
2026-09-13 13:05:07,187 - httpx2 - INFO - HTTP Request: POST http://testserver/api/v1/tasks/task-a4a5ac3c/run "HTTP/1.1 400 Bad Request"
2026-09-13 13:05:07,191 - httpx2 - INFO - HTTP Request: POST http://testserver/api/v1/tasks/task-notexist/run "HTTP/1.1 404 Not Found"
2026-09-13 13:05:07,218 - httpx2 - INFO - HTTP Request: POST http://testserver/api/v1/tasks/task-1a0db43d/run "HTTP/1.1 200 OK"
2026-09-13 13:05:07,224 - httpx2 - INFO - HTTP Request: POST http://testserver/api/v1/tasks/task-1a0db43d/run "HTTP/1.1 409 Conflict"
2026-09-13 13:05:07,417 - httpx2 - INFO - HTTP Request: POST http://testserver/api/v1/knowledge/documents "HTTP/1.1 400 Bad Request"
2026-09-13 13:05:07,435 - httpx2 - INFO - HTTP Request: POST http://testserver/api/v1/knowledge/documents "HTTP/1.1 413 Request Entity Too Large"
2026-09-13 13:05:07,454 - httpx2 - INFO - HTTP Request: GET http://testserver/api/v1/tasks/task-abc/artifacts "HTTP/1.1 200 OK"
2026-09-13 13:05:07,463 - httpx2 - INFO - HTTP Request: GET http://testserver/api/v1/artifacts/art-123 "HTTP/1.1 200 OK"
2026-09-13 13:05:07,467 - httpx2 - INFO - HTTP Request: GET http://testserver/api/v1/artifacts/art-notexist "HTTP/1.1 404 Not Found"
2026-09-13 13:05:07,489 - httpx2 - INFO - HTTP Request: GET http://testserver/api/v1/artifacts/art-hack "HTTP/1.1 404 Not Found"
2026-09-13 13:05:08,203 - httpx2 - INFO - HTTP Request: POST http://testserver/api/v1/tasks "HTTP/1.1 200 OK"
2026-09-13 13:05:08,237 - httpx2 - INFO - HTTP Request: POST http://testserver/api/v1/knowledge/documents "HTTP/1.1 200 OK"
2026-09-13 13:05:08,300 - httpx2 - INFO - HTTP Request: POST http://testserver/api/v1/tasks/task-db491904/run "HTTP/1.1 200 OK"
2026-09-13 13:05:09,307 - httpx2 - INFO - HTTP Request: GET http://testserver/api/v1/tasks/task-db491904 "HTTP/1.1 200 OK"
2026-09-13 13:05:09,317 - httpx2 - INFO - HTTP Request: GET http://testserver/api/v1/tasks/task-db491904/artifacts "HTTP/1.1 200 OK"
2026-09-13 13:05:09,323 - httpx2 - INFO - HTTP Request: GET http://testserver/api/v1/artifacts/art-2864fa5b "HTTP/1.1 200 OK"
2026-09-13 13:05:10,169 - sovereign.llama_cpp.lifecycle - INFO - Loading deployment 'Model1' with command: C:\Users\Dell\AppData\Local\Microsoft\WinGet\Packages\ggml.llamacpp_Microsoft.Winget.Source_8wekyb3d8bbwe\llama-server.exe -m C:\Users\Dell\AppData\Local\Temp\pytest-of-Dell\pytest-20\test_llama_cpp_adapter_and_lif0\model1.gguf --port 8080 --host 127.0.0.1 -c 2048 -ngl 10
2026-09-13 13:05:10,169 - sovereign.llama_cpp.lifecycle - INFO - Deployment 'Model1' loaded successfully and is ready.
2026-09-13 13:05:10,171 - sovereign.llama_cpp.lifecycle - INFO - Switching deployment to 'Model2'...
2026-09-13 13:05:10,172 - sovereign.llama_cpp.lifecycle - INFO - Stopping active llama-server deployment...
2026-09-13 13:05:10,173 - sovereign.llama_cpp.lifecycle - INFO - llama-server stopped.
2026-09-13 13:05:10,173 - sovereign.llama_cpp.lifecycle - INFO - Loading deployment 'Model2' with command: C:\Users\Dell\AppData\Local\Microsoft\WinGet\Packages\ggml.llamacpp_Microsoft.Winget.Source_8wekyb3d8bbwe\llama-server.exe -m C:\Users\Dell\AppData\Local\Temp\pytest-of-Dell\pytest-20\test_llama_cpp_adapter_and_lif0\model2.gguf --port 8081 --host 127.0.0.1 -c 4096 -ngl 20
2026-09-13 13:05:10,174 - sovereign.llama_cpp.lifecycle - INFO - Deployment 'Model2' loaded successfully and is ready.
2026-09-13 13:05:10,175 - sovereign.llama_cpp.lifecycle - INFO - Stopping active llama-server deployment...
2026-09-13 13:05:10,175 - sovereign.llama_cpp.lifecycle - INFO - llama-server stopped.
2026-09-13 13:20:07,408 - httpx2 - INFO - HTTP Request: GET http://testserver/api/v1/health "HTTP/1.1 200 OK"
2026-09-13 13:20:07,441 - httpx2 - INFO - HTTP Request: POST http://testserver/api/v1/tasks "HTTP/1.1 200 OK"
2026-09-13 13:20:07,447 - httpx2 - INFO - HTTP Request: GET http://testserver/api/v1/tasks/task-2ebba5fd "HTTP/1.1 200 OK"
2026-09-13 13:20:07,464 - httpx2 - INFO - HTTP Request: POST http://testserver/api/v1/tasks "HTTP/1.1 422 Unprocessable Entity"
2026-09-13 13:20:07,482 - httpx2 - INFO - HTTP Request: GET http://testserver/api/v1/tasks/task-notexist "HTTP/1.1 404 Not Found"
2026-09-13 13:20:07,511 - httpx2 - INFO - HTTP Request: POST http://testserver/api/v1/tasks/task-8fcf10e7/run "HTTP/1.1 400 Bad Request"
2026-09-13 13:20:07,530 - httpx2 - INFO - HTTP Request: POST http://testserver/api/v1/tasks/task-8fcf10e7/run "HTTP/1.1 400 Bad Request"
2026-09-13 13:20:07,552 - httpx2 - INFO - HTTP Request: POST http://testserver/api/v1/tasks/task-8fcf10e7/run "HTTP/1.1 400 Bad Request"
2026-09-13 13:20:07,569 - httpx2 - INFO - HTTP Request: POST http://testserver/api/v1/tasks/task-8fcf10e7/run "HTTP/1.1 400 Bad Request"
2026-09-13 13:20:07,573 - httpx2 - INFO - HTTP Request: POST http://testserver/api/v1/tasks/task-notexist/run "HTTP/1.1 404 Not Found"
2026-09-13 13:20:07,602 - httpx2 - INFO - HTTP Request: POST http://testserver/api/v1/tasks/task-1a89393b/run "HTTP/1.1 200 OK"
2026-09-13 13:20:07,606 - httpx2 - INFO - HTTP Request: POST http://testserver/api/v1/tasks/task-1a89393b/run "HTTP/1.1 409 Conflict"
2026-09-13 13:20:07,781 - httpx2 - INFO - HTTP Request: POST http://testserver/api/v1/knowledge/documents "HTTP/1.1 400 Bad Request"
2026-09-13 13:20:07,799 - httpx2 - INFO - HTTP Request: POST http://testserver/api/v1/knowledge/documents "HTTP/1.1 413 Request Entity Too Large"
2026-09-13 13:20:07,818 - httpx2 - INFO - HTTP Request: GET http://testserver/api/v1/tasks/task-abc/artifacts "HTTP/1.1 200 OK"
2026-09-13 13:20:07,826 - httpx2 - INFO - HTTP Request: GET http://testserver/api/v1/artifacts/art-123 "HTTP/1.1 200 OK"
2026-09-13 13:20:07,832 - httpx2 - INFO - HTTP Request: GET http://testserver/api/v1/artifacts/art-notexist "HTTP/1.1 404 Not Found"
2026-09-13 13:20:07,851 - httpx2 - INFO - HTTP Request: GET http://testserver/api/v1/artifacts/art-hack "HTTP/1.1 404 Not Found"
2026-09-13 13:20:08,442 - httpx2 - INFO - HTTP Request: POST http://testserver/api/v1/tasks "HTTP/1.1 200 OK"
2026-09-13 13:20:08,477 - httpx2 - INFO - HTTP Request: POST http://testserver/api/v1/knowledge/documents "HTTP/1.1 200 OK"
2026-09-13 13:20:08,537 - httpx2 - INFO - HTTP Request: POST http://testserver/api/v1/tasks/task-0e950de7/run "HTTP/1.1 200 OK"
2026-09-13 13:20:09,549 - httpx2 - INFO - HTTP Request: GET http://testserver/api/v1/tasks/task-0e950de7 "HTTP/1.1 200 OK"
2026-09-13 13:20:09,564 - httpx2 - INFO - HTTP Request: GET http://testserver/api/v1/tasks/task-0e950de7/artifacts "HTTP/1.1 200 OK"
2026-09-13 13:20:09,570 - httpx2 - INFO - HTTP Request: GET http://testserver/api/v1/artifacts/art-f40d1a46 "HTTP/1.1 200 OK"
2026-09-13 13:20:10,440 - sovereign.llama_cpp.lifecycle - INFO - Loading deployment 'Model1' with command: C:\Users\Dell\AppData\Local\Microsoft\WinGet\Packages\ggml.llamacpp_Microsoft.Winget.Source_8wekyb3d8bbwe\llama-server.exe -m C:\Users\Dell\AppData\Local\Temp\pytest-of-Dell\pytest-24\test_llama_cpp_adapter_and_lif0\model1.gguf --port 8080 --host 127.0.0.1 -c 2048 -ngl 10
2026-09-13 13:20:10,441 - sovereign.llama_cpp.lifecycle - INFO - Deployment 'Model1' loaded successfully and is ready.
2026-09-13 13:20:10,443 - sovereign.llama_cpp.lifecycle - INFO - Switching deployment to 'Model2'...
2026-09-13 13:20:10,444 - sovereign.llama_cpp.lifecycle - INFO - Stopping active llama-server deployment...
2026-09-13 13:20:10,444 - sovereign.llama_cpp.lifecycle - INFO - llama-server stopped.
2026-09-13 13:20:10,444 - sovereign.llama_cpp.lifecycle - INFO - Loading deployment 'Model2' with command: C:\Users\Dell\AppData\Local\Microsoft\WinGet\Packages\ggml.llamacpp_Microsoft.Winget.Source_8wekyb3d8bbwe\llama-server.exe -m C:\Users\Dell\AppData\Local\Temp\pytest-of-Dell\pytest-24\test_llama_cpp_adapter_and_lif0\model2.gguf --port 8081 --host 127.0.0.1 -c 4096 -ngl 20
2026-09-13 13:20:10,445 - sovereign.llama_cpp.lifecycle - INFO - Deployment 'Model2' loaded successfully and is ready.
2026-09-13 13:20:10,445 - sovereign.llama_cpp.lifecycle - INFO - Stopping active llama-server deployment...
2026-09-13 13:20:10,445 - sovereign.llama_cpp.lifecycle - INFO - llama-server stopped.
2026-09-13 13:24:13,400 - httpx2 - INFO - HTTP Request: GET http://testserver/api/v1/health "HTTP/1.1 200 OK"
2026-09-13 13:24:13,432 - httpx2 - INFO - HTTP Request: POST http://testserver/api/v1/tasks "HTTP/1.1 200 OK"
2026-09-13 13:24:13,439 - httpx2 - INFO - HTTP Request: GET http://testserver/api/v1/tasks/task-4d519627 "HTTP/1.1 200 OK"
2026-09-13 13:24:13,455 - httpx2 - INFO - HTTP Request: POST http://testserver/api/v1/tasks "HTTP/1.1 422 Unprocessable Entity"
2026-09-13 13:24:13,472 - httpx2 - INFO - HTTP Request: GET http://testserver/api/v1/tasks/task-notexist "HTTP/1.1 404 Not Found"
2026-09-13 13:24:13,499 - httpx2 - INFO - HTTP Request: POST http://testserver/api/v1/tasks/task-17f06880/run "HTTP/1.1 400 Bad Request"
2026-09-13 13:24:13,515 - httpx2 - INFO - HTTP Request: POST http://testserver/api/v1/tasks/task-17f06880/run "HTTP/1.1 400 Bad Request"
2026-09-13 13:24:13,530 - httpx2 - INFO - HTTP Request: POST http://testserver/api/v1/tasks/task-17f06880/run "HTTP/1.1 400 Bad Request"
2026-09-13 13:24:13,545 - httpx2 - INFO - HTTP Request: POST http://testserver/api/v1/tasks/task-17f06880/run "HTTP/1.1 400 Bad Request"
2026-09-13 13:24:13,549 - httpx2 - INFO - HTTP Request: POST http://testserver/api/v1/tasks/task-notexist/run "HTTP/1.1 404 Not Found"
2026-09-13 13:24:13,573 - httpx2 - INFO - HTTP Request: POST http://testserver/api/v1/tasks/task-ef982a1a/run "HTTP/1.1 200 OK"
2026-09-13 13:24:13,578 - httpx2 - INFO - HTTP Request: POST http://testserver/api/v1/tasks/task-ef982a1a/run "HTTP/1.1 409 Conflict"
2026-09-13 13:24:13,750 - httpx2 - INFO - HTTP Request: POST http://testserver/api/v1/knowledge/documents "HTTP/1.1 400 Bad Request"
2026-09-13 13:24:13,769 - httpx2 - INFO - HTTP Request: POST http://testserver/api/v1/knowledge/documents "HTTP/1.1 413 Request Entity Too Large"
2026-09-13 13:24:13,789 - httpx2 - INFO - HTTP Request: GET http://testserver/api/v1/tasks/task-abc/artifacts "HTTP/1.1 200 OK"
2026-09-13 13:24:13,795 - httpx2 - INFO - HTTP Request: GET http://testserver/api/v1/artifacts/art-123 "HTTP/1.1 200 OK"
2026-09-13 13:24:13,799 - httpx2 - INFO - HTTP Request: GET http://testserver/api/v1/artifacts/art-notexist "HTTP/1.1 404 Not Found"
2026-09-13 13:24:13,820 - httpx2 - INFO - HTTP Request: GET http://testserver/api/v1/artifacts/art-hack "HTTP/1.1 404 Not Found"
2026-09-13 13:24:14,298 - httpx2 - INFO - HTTP Request: POST http://testserver/api/v1/tasks "HTTP/1.1 200 OK"
2026-09-13 13:24:14,329 - httpx2 - INFO - HTTP Request: POST http://testserver/api/v1/knowledge/documents "HTTP/1.1 200 OK"
2026-09-13 13:24:14,388 - httpx2 - INFO - HTTP Request: POST http://testserver/api/v1/tasks/task-a57bcbdd/run "HTTP/1.1 200 OK"
2026-09-13 13:24:15,398 - httpx2 - INFO - HTTP Request: GET http://testserver/api/v1/tasks/task-a57bcbdd "HTTP/1.1 200 OK"
2026-09-13 13:24:15,414 - httpx2 - INFO - HTTP Request: GET http://testserver/api/v1/tasks/task-a57bcbdd/artifacts "HTTP/1.1 200 OK"
2026-09-13 13:24:15,422 - httpx2 - INFO - HTTP Request: GET http://testserver/api/v1/artifacts/art-19f97fac "HTTP/1.1 200 OK"
2026-09-13 13:24:16,177 - sovereign.llama_cpp.lifecycle - INFO - Loading deployment 'Model1' with command: C:\Users\Dell\AppData\Local\Microsoft\WinGet\Packages\ggml.llamacpp_Microsoft.Winget.Source_8wekyb3d8bbwe\llama-server.exe -m C:\Users\Dell\AppData\Local\Temp\pytest-of-Dell\pytest-26\test_llama_cpp_adapter_and_lif0\model1.gguf --port 8080 --host 127.0.0.1 -c 2048 -ngl 10
2026-09-13 13:24:16,178 - sovereign.llama_cpp.lifecycle - INFO - Deployment 'Model1' loaded successfully and is ready.
2026-09-13 13:24:16,178 - sovereign.llama_cpp.lifecycle - INFO - Switching deployment to 'Model2'...
2026-09-13 13:24:16,179 - sovereign.llama_cpp.lifecycle - INFO - Stopping active llama-server deployment...
2026-09-13 13:24:16,179 - sovereign.llama_cpp.lifecycle - INFO - llama-server stopped.
2026-09-13 13:24:16,179 - sovereign.llama_cpp.lifecycle - INFO - Loading deployment 'Model2' with command: C:\Users\Dell\AppData\Local\Microsoft\WinGet\Packages\ggml.llamacpp_Microsoft.Winget.Source_8wekyb3d8bbwe\llama-server.exe -m C:\Users\Dell\AppData\Local\Temp\pytest-of-Dell\pytest-26\test_llama_cpp_adapter_and_lif0\model2.gguf --port 8081 --host 127.0.0.1 -c 4096 -ngl 20
2026-09-13 13:24:16,179 - sovereign.llama_cpp.lifecycle - INFO - Deployment 'Model2' loaded successfully and is ready.
2026-09-13 13:24:16,179 - sovereign.llama_cpp.lifecycle - INFO - Stopping active llama-server deployment...
2026-09-13 13:24:16,180 - sovereign.llama_cpp.lifecycle - INFO - llama-server stopped.
2026-09-13 13:28:11,627 - httpx2 - INFO - HTTP Request: GET http://testserver/api/v1/health "HTTP/1.1 200 OK"
2026-09-13 13:28:11,668 - httpx2 - INFO - HTTP Request: POST http://testserver/api/v1/tasks "HTTP/1.1 200 OK"
2026-09-13 13:28:11,676 - httpx2 - INFO - HTTP Request: GET http://testserver/api/v1/tasks/task-ff7ff308 "HTTP/1.1 200 OK"
2026-09-13 13:28:11,692 - httpx2 - INFO - HTTP Request: POST http://testserver/api/v1/tasks "HTTP/1.1 422 Unprocessable Entity"
2026-09-13 13:28:11,715 - httpx2 - INFO - HTTP Request: GET http://testserver/api/v1/tasks/task-notexist "HTTP/1.1 404 Not Found"
2026-09-13 13:28:11,748 - httpx2 - INFO - HTTP Request: POST http://testserver/api/v1/tasks/task-2d07542b/run "HTTP/1.1 400 Bad Request"
2026-09-13 13:28:11,764 - httpx2 - INFO - HTTP Request: POST http://testserver/api/v1/tasks/task-2d07542b/run "HTTP/1.1 400 Bad Request"
2026-09-13 13:28:11,788 - httpx2 - INFO - HTTP Request: POST http://testserver/api/v1/tasks/task-2d07542b/run "HTTP/1.1 400 Bad Request"
2026-09-13 13:28:11,818 - httpx2 - INFO - HTTP Request: POST http://testserver/api/v1/tasks/task-2d07542b/run "HTTP/1.1 400 Bad Request"
2026-09-13 13:28:11,832 - httpx2 - INFO - HTTP Request: POST http://testserver/api/v1/tasks/task-notexist/run "HTTP/1.1 404 Not Found"
2026-09-13 13:28:11,880 - httpx2 - INFO - HTTP Request: POST http://testserver/api/v1/tasks/task-dc9f2779/run "HTTP/1.1 200 OK"
2026-09-13 13:28:11,888 - httpx2 - INFO - HTTP Request: POST http://testserver/api/v1/tasks/task-dc9f2779/run "HTTP/1.1 409 Conflict"
2026-09-13 13:28:12,048 - httpx2 - INFO - HTTP Request: POST http://testserver/api/v1/knowledge/documents "HTTP/1.1 400 Bad Request"
2026-09-13 13:28:12,073 - httpx2 - INFO - HTTP Request: POST http://testserver/api/v1/knowledge/documents "HTTP/1.1 413 Request Entity Too Large"
2026-09-13 13:28:12,091 - httpx2 - INFO - HTTP Request: GET http://testserver/api/v1/tasks/task-abc/artifacts "HTTP/1.1 200 OK"
2026-09-13 13:28:12,097 - httpx2 - INFO - HTTP Request: GET http://testserver/api/v1/artifacts/art-123 "HTTP/1.1 200 OK"
2026-09-13 13:28:12,097 - httpx2 - INFO - HTTP Request: GET http://testserver/api/v1/artifacts/art-notexist "HTTP/1.1 404 Not Found"
2026-09-13 13:28:12,126 - httpx2 - INFO - HTTP Request: GET http://testserver/api/v1/artifacts/art-hack "HTTP/1.1 404 Not Found"
2026-09-13 13:28:12,698 - httpx2 - INFO - HTTP Request: POST http://testserver/api/v1/tasks "HTTP/1.1 200 OK"
2026-09-13 13:28:12,740 - httpx2 - INFO - HTTP Request: POST http://testserver/api/v1/knowledge/documents "HTTP/1.1 200 OK"
2026-09-13 13:28:12,821 - httpx2 - INFO - HTTP Request: POST http://testserver/api/v1/tasks/task-d3388c39/run "HTTP/1.1 200 OK"
2026-09-13 13:28:13,844 - httpx2 - INFO - HTTP Request: GET http://testserver/api/v1/tasks/task-d3388c39 "HTTP/1.1 200 OK"
2026-09-13 13:28:13,869 - httpx2 - INFO - HTTP Request: GET http://testserver/api/v1/tasks/task-d3388c39/artifacts "HTTP/1.1 200 OK"
2026-09-13 13:28:13,885 - httpx2 - INFO - HTTP Request: GET http://testserver/api/v1/artifacts/art-12ebd7c3 "HTTP/1.1 200 OK"
2026-09-13 13:28:14,819 - sovereign.llama_cpp.lifecycle - INFO - Loading deployment 'Model1' with command: C:\Users\Dell\AppData\Local\Microsoft\WinGet\Packages\ggml.llamacpp_Microsoft.Winget.Source_8wekyb3d8bbwe\llama-server.exe -m C:\Users\Dell\AppData\Local\Temp\pytest-of-Dell\pytest-28\test_llama_cpp_adapter_and_lif0\model1.gguf --port 8080 --host 127.0.0.1 -c 2048 -ngl 10
2026-09-13 13:28:14,820 - sovereign.llama_cpp.lifecycle - INFO - Deployment 'Model1' loaded successfully and is ready.
2026-09-13 13:28:14,822 - sovereign.llama_cpp.lifecycle - INFO - Switching deployment to 'Model2'...
2026-09-13 13:28:14,822 - sovereign.llama_cpp.lifecycle - INFO - Stopping active llama-server deployment...
2026-09-13 13:28:14,822 - sovereign.llama_cpp.lifecycle - INFO - llama-server stopped.
2026-09-13 13:28:14,824 - sovereign.llama_cpp.lifecycle - INFO - Loading deployment 'Model2' with command: C:\Users\Dell\AppData\Local\Microsoft\WinGet\Packages\ggml.llamacpp_Microsoft.Winget.Source_8wekyb3d8bbwe\llama-server.exe -m C:\Users\Dell\AppData\Local\Temp\pytest-of-Dell\pytest-28\test_llama_cpp_adapter_and_lif0\model2.gguf --port 8081 --host 127.0.0.1 -c 4096 -ngl 20
2026-09-13 13:28:14,824 - sovereign.llama_cpp.lifecycle - INFO - Deployment 'Model2' loaded successfully and is ready.
2026-09-13 13:28:14,824 - sovereign.llama_cpp.lifecycle - INFO - Stopping active llama-server deployment...
2026-09-13 13:28:14,824 - sovereign.llama_cpp.lifecycle - INFO - llama-server stopped.
2026-09-13 13:31:18,380 - httpx2 - INFO - HTTP Request: GET http://testserver/api/v1/health "HTTP/1.1 200 OK"
2026-09-13 13:31:18,412 - httpx2 - INFO - HTTP Request: POST http://testserver/api/v1/tasks "HTTP/1.1 200 OK"
2026-09-13 13:31:18,421 - httpx2 - INFO - HTTP Request: GET http://testserver/api/v1/tasks/task-1b9e1ef8 "HTTP/1.1 200 OK"
2026-09-13 13:31:18,439 - httpx2 - INFO - HTTP Request: POST http://testserver/api/v1/tasks "HTTP/1.1 422 Unprocessable Entity"
2026-09-13 13:31:18,460 - httpx2 - INFO - HTTP Request: GET http://testserver/api/v1/tasks/task-notexist "HTTP/1.1 404 Not Found"
2026-09-13 13:31:18,491 - httpx2 - INFO - HTTP Request: POST http://testserver/api/v1/tasks/task-c7021dbb/run "HTTP/1.1 400 Bad Request"
2026-09-13 13:31:18,509 - httpx2 - INFO - HTTP Request: POST http://testserver/api/v1/tasks/task-c7021dbb/run "HTTP/1.1 400 Bad Request"
2026-09-13 13:31:18,525 - httpx2 - INFO - HTTP Request: POST http://testserver/api/v1/tasks/task-c7021dbb/run "HTTP/1.1 400 Bad Request"
2026-09-13 13:31:18,545 - httpx2 - INFO - HTTP Request: POST http://testserver/api/v1/tasks/task-c7021dbb/run "HTTP/1.1 400 Bad Request"
2026-09-13 13:31:18,554 - httpx2 - INFO - HTTP Request: POST http://testserver/api/v1/tasks/task-notexist/run "HTTP/1.1 404 Not Found"
2026-09-13 13:31:18,584 - httpx2 - INFO - HTTP Request: POST http://testserver/api/v1/tasks/task-2df2c5b1/run "HTTP/1.1 200 OK"
2026-09-13 13:31:18,591 - httpx2 - INFO - HTTP Request: POST http://testserver/api/v1/tasks/task-2df2c5b1/run "HTTP/1.1 409 Conflict"
2026-09-13 13:31:18,781 - httpx2 - INFO - HTTP Request: POST http://testserver/api/v1/knowledge/documents "HTTP/1.1 400 Bad Request"
2026-09-13 13:31:18,800 - httpx2 - INFO - HTTP Request: POST http://testserver/api/v1/knowledge/documents "HTTP/1.1 413 Request Entity Too Large"
2026-09-13 13:31:18,823 - httpx2 - INFO - HTTP Request: GET http://testserver/api/v1/tasks/task-abc/artifacts "HTTP/1.1 200 OK"
2026-09-13 13:31:18,831 - httpx2 - INFO - HTTP Request: GET http://testserver/api/v1/artifacts/art-123 "HTTP/1.1 200 OK"
2026-09-13 13:31:18,840 - httpx2 - INFO - HTTP Request: GET http://testserver/api/v1/artifacts/art-notexist "HTTP/1.1 404 Not Found"
2026-09-13 13:31:18,859 - httpx2 - INFO - HTTP Request: GET http://testserver/api/v1/artifacts/art-hack "HTTP/1.1 404 Not Found"
2026-09-13 13:31:19,420 - httpx2 - INFO - HTTP Request: POST http://testserver/api/v1/tasks "HTTP/1.1 200 OK"
2026-09-13 13:31:19,460 - httpx2 - INFO - HTTP Request: POST http://testserver/api/v1/knowledge/documents "HTTP/1.1 200 OK"
2026-09-13 13:31:19,523 - httpx2 - INFO - HTTP Request: POST http://testserver/api/v1/tasks/task-34e65aa7/run "HTTP/1.1 200 OK"
2026-09-13 13:31:20,542 - httpx2 - INFO - HTTP Request: GET http://testserver/api/v1/tasks/task-34e65aa7 "HTTP/1.1 200 OK"
2026-09-13 13:31:20,570 - httpx2 - INFO - HTTP Request: GET http://testserver/api/v1/tasks/task-34e65aa7/artifacts "HTTP/1.1 200 OK"
2026-09-13 13:31:20,587 - httpx2 - INFO - HTTP Request: GET http://testserver/api/v1/artifacts/art-70252710 "HTTP/1.1 200 OK"
2026-09-13 13:31:21,523 - sovereign.llama_cpp.lifecycle - INFO - Loading deployment 'Model1' with command: C:\Users\Dell\AppData\Local\Microsoft\WinGet\Packages\ggml.llamacpp_Microsoft.Winget.Source_8wekyb3d8bbwe\llama-server.exe -m C:\Users\Dell\AppData\Local\Temp\pytest-of-Dell\pytest-30\test_llama_cpp_adapter_and_lif0\model1.gguf --port 8080 --host 127.0.0.1 -c 2048 -ngl 10
2026-09-13 13:31:21,524 - sovereign.llama_cpp.lifecycle - INFO - Deployment 'Model1' loaded successfully and is ready.
2026-09-13 13:31:21,526 - sovereign.llama_cpp.lifecycle - INFO - Switching deployment to 'Model2'...
2026-09-13 13:31:21,527 - sovereign.llama_cpp.lifecycle - INFO - Stopping active llama-server deployment...
2026-09-13 13:31:21,528 - sovereign.llama_cpp.lifecycle - INFO - llama-server stopped.
2026-09-13 13:31:21,528 - sovereign.llama_cpp.lifecycle - INFO - Loading deployment 'Model2' with command: C:\Users\Dell\AppData\Local\Microsoft\WinGet\Packages\ggml.llamacpp_Microsoft.Winget.Source_8wekyb3d8bbwe\llama-server.exe -m C:\Users\Dell\AppData\Local\Temp\pytest-of-Dell\pytest-30\test_llama_cpp_adapter_and_lif0\model2.gguf --port 8081 --host 127.0.0.1 -c 4096 -ngl 20
2026-09-13 13:31:21,528 - sovereign.llama_cpp.lifecycle - INFO - Deployment 'Model2' loaded successfully and is ready.
2026-09-13 13:31:21,528 - sovereign.llama_cpp.lifecycle - INFO - Stopping active llama-server deployment...
2026-09-13 13:31:21,531 - sovereign.llama_cpp.lifecycle - INFO - llama-server stopped.
2026-09-13 13:36:06,665 - httpx2 - INFO - HTTP Request: GET http://testserver/api/v1/health "HTTP/1.1 200 OK"
2026-09-13 13:36:06,703 - httpx2 - INFO - HTTP Request: POST http://testserver/api/v1/tasks "HTTP/1.1 200 OK"
2026-09-13 13:36:06,709 - httpx2 - INFO - HTTP Request: GET http://testserver/api/v1/tasks/task-6cb9e381 "HTTP/1.1 200 OK"
2026-09-13 13:36:06,729 - httpx2 - INFO - HTTP Request: POST http://testserver/api/v1/tasks "HTTP/1.1 422 Unprocessable Entity"
2026-09-13 13:36:06,746 - httpx2 - INFO - HTTP Request: GET http://testserver/api/v1/tasks/task-notexist "HTTP/1.1 404 Not Found"
2026-09-13 13:36:06,784 - httpx2 - INFO - HTTP Request: POST http://testserver/api/v1/tasks/task-799c1ddf/run "HTTP/1.1 400 Bad Request"
2026-09-13 13:36:06,802 - httpx2 - INFO - HTTP Request: POST http://testserver/api/v1/tasks/task-799c1ddf/run "HTTP/1.1 400 Bad Request"
2026-09-13 13:36:06,820 - httpx2 - INFO - HTTP Request: POST http://testserver/api/v1/tasks/task-799c1ddf/run "HTTP/1.1 400 Bad Request"
2026-09-13 13:36:06,836 - httpx2 - INFO - HTTP Request: POST http://testserver/api/v1/tasks/task-799c1ddf/run "HTTP/1.1 400 Bad Request"
2026-09-13 13:36:06,836 - httpx2 - INFO - HTTP Request: POST http://testserver/api/v1/tasks/task-notexist/run "HTTP/1.1 404 Not Found"
2026-09-13 13:36:06,868 - httpx2 - INFO - HTTP Request: POST http://testserver/api/v1/tasks/task-acbe36b2/run "HTTP/1.1 200 OK"
2026-09-13 13:36:06,877 - httpx2 - INFO - HTTP Request: POST http://testserver/api/v1/tasks/task-acbe36b2/run "HTTP/1.1 409 Conflict"
2026-09-13 13:36:07,039 - httpx2 - INFO - HTTP Request: POST http://testserver/api/v1/knowledge/documents "HTTP/1.1 400 Bad Request"
2026-09-13 13:36:07,054 - httpx2 - INFO - HTTP Request: POST http://testserver/api/v1/knowledge/documents "HTTP/1.1 413 Request Entity Too Large"
2026-09-13 13:36:07,077 - httpx2 - INFO - HTTP Request: GET http://testserver/api/v1/tasks/task-abc/artifacts "HTTP/1.1 200 OK"
2026-09-13 13:36:07,091 - httpx2 - INFO - HTTP Request: GET http://testserver/api/v1/artifacts/art-123 "HTTP/1.1 200 OK"
2026-09-13 13:36:07,093 - httpx2 - INFO - HTTP Request: GET http://testserver/api/v1/artifacts/art-notexist "HTTP/1.1 404 Not Found"
2026-09-13 13:36:07,116 - httpx2 - INFO - HTTP Request: GET http://testserver/api/v1/artifacts/art-hack "HTTP/1.1 404 Not Found"
2026-09-13 13:36:07,719 - httpx2 - INFO - HTTP Request: POST http://testserver/api/v1/tasks "HTTP/1.1 200 OK"
2026-09-13 13:36:07,757 - httpx2 - INFO - HTTP Request: POST http://testserver/api/v1/knowledge/documents "HTTP/1.1 200 OK"
2026-09-13 13:36:07,817 - httpx2 - INFO - HTTP Request: POST http://testserver/api/v1/tasks/task-ff80e816/run "HTTP/1.1 200 OK"
2026-09-13 13:36:08,830 - httpx2 - INFO - HTTP Request: GET http://testserver/api/v1/tasks/task-ff80e816 "HTTP/1.1 200 OK"
2026-09-13 13:36:08,847 - httpx2 - INFO - HTTP Request: GET http://testserver/api/v1/tasks/task-ff80e816/artifacts "HTTP/1.1 200 OK"
2026-09-13 13:36:08,855 - httpx2 - INFO - HTTP Request: GET http://testserver/api/v1/artifacts/art-f1f4bb93 "HTTP/1.1 200 OK"
2026-09-13 13:36:09,799 - sovereign.llama_cpp.lifecycle - INFO - Loading deployment 'Model1' with command: C:\Users\Dell\AppData\Local\Microsoft\WinGet\Packages\ggml.llamacpp_Microsoft.Winget.Source_8wekyb3d8bbwe\llama-server.exe -m C:\Users\Dell\AppData\Local\Temp\pytest-of-Dell\pytest-31\test_llama_cpp_adapter_and_lif0\model1.gguf --port 8080 --host 127.0.0.1 -c 2048 -ngl 10
2026-09-13 13:36:09,800 - sovereign.llama_cpp.lifecycle - INFO - Deployment 'Model1' loaded successfully and is ready.
2026-09-13 13:36:09,801 - sovereign.llama_cpp.lifecycle - INFO - Switching deployment to 'Model2'...
2026-09-13 13:36:09,802 - sovereign.llama_cpp.lifecycle - INFO - Stopping active llama-server deployment...
2026-09-13 13:36:09,803 - sovereign.llama_cpp.lifecycle - INFO - llama-server stopped.
2026-09-13 13:36:09,803 - sovereign.llama_cpp.lifecycle - INFO - Loading deployment 'Model2' with command: C:\Users\Dell\AppData\Local\Microsoft\WinGet\Packages\ggml.llamacpp_Microsoft.Winget.Source_8wekyb3d8bbwe\llama-server.exe -m C:\Users\Dell\AppData\Local\Temp\pytest-of-Dell\pytest-31\test_llama_cpp_adapter_and_lif0\model2.gguf --port 8081 --host 127.0.0.1 -c 4096 -ngl 20
2026-09-13 13:36:09,804 - sovereign.llama_cpp.lifecycle - INFO - Deployment 'Model2' loaded successfully and is ready.
2026-09-13 13:36:09,804 - sovereign.llama_cpp.lifecycle - INFO - Stopping active llama-server deployment...
2026-09-13 13:36:09,804 - sovereign.llama_cpp.lifecycle - INFO - llama-server stopped.
2026-09-13 13:46:17,139 - sovereign.llama_cpp.lifecycle - INFO - Loading deployment 'test-model' with command: mock-server.exe -m /fake/model.gguf --port 8080 --host 127.0.0.1 -c 8192 -ngl 20
2026-09-13 13:46:17,139 - sovereign.llama_cpp.lifecycle - INFO - Deployment 'test-model' loaded successfully and is ready.
2026-09-13 13:46:17,141 - sovereign.llama_cpp.lifecycle - INFO - Stopping active llama-server deployment...
2026-09-13 13:46:17,142 - sovereign.llama_cpp.lifecycle - INFO - llama-server stopped.
2026-09-13 13:46:17,142 - sovereign.llama_cpp.lifecycle - INFO - Loading deployment 'test-vision-model' with command: mock-server.exe -m /fake/model.gguf --port 8080 --host 127.0.0.1 -c 8192 -ngl 20 --mmproj /fake/projector.gguf
2026-09-13 13:46:17,142 - sovereign.llama_cpp.lifecycle - INFO - Deployment 'test-vision-model' loaded successfully and is ready.
2026-09-13 13:46:40,180 - httpx2 - INFO - HTTP Request: GET http://testserver/api/v1/health "HTTP/1.1 200 OK"
2026-09-13 13:46:40,221 - httpx2 - INFO - HTTP Request: POST http://testserver/api/v1/tasks "HTTP/1.1 200 OK"
2026-09-13 13:46:40,229 - httpx2 - INFO - HTTP Request: GET http://testserver/api/v1/tasks/task-399732a9 "HTTP/1.1 200 OK"
2026-09-13 13:46:40,246 - httpx2 - INFO - HTTP Request: POST http://testserver/api/v1/tasks "HTTP/1.1 422 Unprocessable Entity"
2026-09-13 13:46:40,269 - httpx2 - INFO - HTTP Request: GET http://testserver/api/v1/tasks/task-notexist "HTTP/1.1 404 Not Found"
2026-09-13 13:46:40,300 - httpx2 - INFO - HTTP Request: POST http://testserver/api/v1/tasks/task-1e3a1744/run "HTTP/1.1 400 Bad Request"
2026-09-13 13:46:40,318 - httpx2 - INFO - HTTP Request: POST http://testserver/api/v1/tasks/task-1e3a1744/run "HTTP/1.1 400 Bad Request"
2026-09-13 13:46:40,336 - httpx2 - INFO - HTTP Request: POST http://testserver/api/v1/tasks/task-1e3a1744/run "HTTP/1.1 400 Bad Request"
2026-09-13 13:46:40,352 - httpx2 - INFO - HTTP Request: POST http://testserver/api/v1/tasks/task-1e3a1744/run "HTTP/1.1 400 Bad Request"
2026-09-13 13:46:40,357 - httpx2 - INFO - HTTP Request: POST http://testserver/api/v1/tasks/task-notexist/run "HTTP/1.1 404 Not Found"
2026-09-13 13:46:40,391 - httpx2 - INFO - HTTP Request: POST http://testserver/api/v1/tasks/task-31e00d70/run "HTTP/1.1 200 OK"
2026-09-13 13:46:40,400 - httpx2 - INFO - HTTP Request: POST http://testserver/api/v1/tasks/task-31e00d70/run "HTTP/1.1 409 Conflict"
2026-09-13 13:46:40,595 - httpx2 - INFO - HTTP Request: POST http://testserver/api/v1/knowledge/documents "HTTP/1.1 400 Bad Request"
2026-09-13 13:46:40,630 - httpx2 - INFO - HTTP Request: POST http://testserver/api/v1/knowledge/documents "HTTP/1.1 413 Request Entity Too Large"
2026-09-13 13:46:40,655 - httpx2 - INFO - HTTP Request: GET http://testserver/api/v1/tasks/task-abc/artifacts "HTTP/1.1 200 OK"
2026-09-13 13:46:40,663 - httpx2 - INFO - HTTP Request: GET http://testserver/api/v1/artifacts/art-123 "HTTP/1.1 200 OK"
2026-09-13 13:46:40,673 - httpx2 - INFO - HTTP Request: GET http://testserver/api/v1/artifacts/art-notexist "HTTP/1.1 404 Not Found"
2026-09-13 13:46:40,691 - httpx2 - INFO - HTTP Request: GET http://testserver/api/v1/artifacts/art-hack "HTTP/1.1 404 Not Found"
2026-09-13 13:46:41,233 - httpx2 - INFO - HTTP Request: POST http://testserver/api/v1/tasks "HTTP/1.1 200 OK"
2026-09-13 13:46:41,265 - httpx2 - INFO - HTTP Request: POST http://testserver/api/v1/knowledge/documents "HTTP/1.1 200 OK"
2026-09-13 13:46:41,330 - httpx2 - INFO - HTTP Request: POST http://testserver/api/v1/tasks/task-ee1c7921/run "HTTP/1.1 200 OK"
2026-09-13 13:46:42,338 - httpx2 - INFO - HTTP Request: GET http://testserver/api/v1/tasks/task-ee1c7921 "HTTP/1.1 200 OK"
2026-09-13 13:46:42,367 - httpx2 - INFO - HTTP Request: GET http://testserver/api/v1/tasks/task-ee1c7921/artifacts "HTTP/1.1 200 OK"
2026-09-13 13:46:42,368 - httpx2 - INFO - HTTP Request: GET http://testserver/api/v1/artifacts/art-38c985d0 "HTTP/1.1 200 OK"
2026-09-13 13:46:43,194 - sovereign.llama_cpp.lifecycle - INFO - Loading deployment 'Model1' with command: C:\Users\Dell\AppData\Local\Microsoft\WinGet\Packages\ggml.llamacpp_Microsoft.Winget.Source_8wekyb3d8bbwe\llama-server.exe -m C:\Users\Dell\AppData\Local\Temp\pytest-of-Dell\pytest-32\test_llama_cpp_adapter_and_lif0\model1.gguf --port 8080 --host 127.0.0.1 -c 2048 -ngl 10
2026-09-13 13:46:43,196 - sovereign.llama_cpp.lifecycle - INFO - Deployment 'Model1' loaded successfully and is ready.
2026-09-13 13:46:43,197 - sovereign.llama_cpp.lifecycle - INFO - Switching deployment to 'Model2'...
2026-09-13 13:46:43,199 - sovereign.llama_cpp.lifecycle - INFO - Stopping active llama-server deployment...
2026-09-13 13:46:43,200 - sovereign.llama_cpp.lifecycle - INFO - llama-server stopped.
2026-09-13 13:46:43,200 - sovereign.llama_cpp.lifecycle - INFO - Loading deployment 'Model2' with command: C:\Users\Dell\AppData\Local\Microsoft\WinGet\Packages\ggml.llamacpp_Microsoft.Winget.Source_8wekyb3d8bbwe\llama-server.exe -m C:\Users\Dell\AppData\Local\Temp\pytest-of-Dell\pytest-32\test_llama_cpp_adapter_and_lif0\model2.gguf --port 8081 --host 127.0.0.1 -c 4096 -ngl 20
2026-09-13 13:46:43,200 - sovereign.llama_cpp.lifecycle - INFO - Deployment 'Model2' loaded successfully and is ready.
2026-09-13 13:46:43,200 - sovereign.llama_cpp.lifecycle - INFO - Stopping active llama-server deployment...
2026-09-13 13:46:43,204 - sovereign.llama_cpp.lifecycle - INFO - llama-server stopped.
2026-09-13 13:46:48,731 - sovereign.llama_cpp.lifecycle - INFO - Loading deployment 'test-model' with command: mock-server.exe -m /fake/model.gguf --port 8080 --host 127.0.0.1 -c 8192 -ngl 20
2026-09-13 13:46:48,732 - sovereign.llama_cpp.lifecycle - INFO - Deployment 'test-model' loaded successfully and is ready.
2026-09-13 13:46:48,732 - sovereign.llama_cpp.lifecycle - INFO - Stopping active llama-server deployment...
2026-09-13 13:46:48,733 - sovereign.llama_cpp.lifecycle - INFO - llama-server stopped.
2026-09-13 13:46:48,734 - sovereign.llama_cpp.lifecycle - INFO - Loading deployment 'test-vision-model' with command: mock-server.exe -m /fake/model.gguf --port 8080 --host 127.0.0.1 -c 8192 -ngl 20 --mmproj /fake/projector.gguf
2026-09-13 13:46:48,734 - sovereign.llama_cpp.lifecycle - INFO - Deployment 'test-vision-model' loaded successfully and is ready.
2026-09-13 13:56:07,183 - httpx2 - INFO - HTTP Request: POST http://testserver/api/v1/knowledge/documents "HTTP/1.1 400 Bad Request"
2026-09-13 13:56:45,483 - httpx2 - INFO - HTTP Request: POST http://testserver/api/v1/knowledge/documents "HTTP/1.1 400 Bad Request"
2026-09-13 13:57:27,058 - httpx2 - INFO - HTTP Request: POST http://testserver/api/v1/knowledge/documents "HTTP/1.1 400 Bad Request"
2026-09-13 13:57:27,073 - httpx2 - INFO - HTTP Request: POST http://testserver/api/v1/knowledge/documents "HTTP/1.1 500 Internal Server Error"
2026-09-13 13:59:00,483 - httpx2 - INFO - HTTP Request: POST http://testserver/api/v1/knowledge/documents "HTTP/1.1 400 Bad Request"
2026-09-13 13:59:00,504 - httpx2 - INFO - HTTP Request: POST http://testserver/api/v1/knowledge/documents "HTTP/1.1 500 Internal Server Error"
2026-09-13 14:00:38,068 - httpx2 - INFO - HTTP Request: POST http://testserver/api/v1/knowledge/documents "HTTP/1.1 400 Bad Request"
2026-09-13 14:00:38,081 - httpx2 - INFO - HTTP Request: POST http://testserver/api/v1/knowledge/documents "HTTP/1.1 200 OK"
2026-09-13 14:04:36,710 - httpx2 - INFO - HTTP Request: GET http://testserver/api/v1/health "HTTP/1.1 200 OK"
2026-09-13 14:04:36,747 - httpx2 - INFO - HTTP Request: POST http://testserver/api/v1/tasks "HTTP/1.1 200 OK"
2026-09-13 14:04:36,756 - httpx2 - INFO - HTTP Request: GET http://testserver/api/v1/tasks/task-280b0d38 "HTTP/1.1 200 OK"
2026-09-13 14:04:36,775 - httpx2 - INFO - HTTP Request: POST http://testserver/api/v1/tasks "HTTP/1.1 422 Unprocessable Entity"
2026-09-13 14:04:36,792 - httpx2 - INFO - HTTP Request: GET http://testserver/api/v1/tasks/task-notexist "HTTP/1.1 404 Not Found"
2026-09-13 14:04:36,820 - httpx2 - INFO - HTTP Request: POST http://testserver/api/v1/tasks/task-582c2fbe/run "HTTP/1.1 400 Bad Request"
2026-09-13 14:04:36,846 - httpx2 - INFO - HTTP Request: POST http://testserver/api/v1/tasks/task-582c2fbe/run "HTTP/1.1 400 Bad Request"
2026-09-13 14:04:36,860 - httpx2 - INFO - HTTP Request: POST http://testserver/api/v1/tasks/task-582c2fbe/run "HTTP/1.1 400 Bad Request"
2026-09-13 14:04:36,876 - httpx2 - INFO - HTTP Request: POST http://testserver/api/v1/tasks/task-582c2fbe/run "HTTP/1.1 400 Bad Request"
2026-09-13 14:04:36,885 - httpx2 - INFO - HTTP Request: POST http://testserver/api/v1/tasks/task-notexist/run "HTTP/1.1 404 Not Found"
2026-09-13 14:04:36,915 - httpx2 - INFO - HTTP Request: POST http://testserver/api/v1/tasks/task-9033fab9/run "HTTP/1.1 200 OK"
2026-09-13 14:04:36,920 - httpx2 - INFO - HTTP Request: POST http://testserver/api/v1/tasks/task-9033fab9/run "HTTP/1.1 409 Conflict"
2026-09-13 14:04:39,152 - sovereign.llama_cpp.lifecycle - INFO - Loading deployment 'Qwen3-8B' with command: C:\Users\Dell\AppData\Local\Microsoft\WinGet\Packages\ggml.llamacpp_Microsoft.Winget.Source_8wekyb3d8bbwe\llama-server.exe -m C:\Users\Dell\.cache\huggingface\hub\models--Qwen--Qwen3-8B-GGUF\snapshots\7c41481f57cb95916b40956ab2f0b139b296d974\Qwen3-8B-Q4_K_M.gguf --port 8080 --host 127.0.0.1 -c 8192 -ngl 20
2026-09-13 14:04:49,426 - sovereign.llama_cpp.lifecycle - INFO - Deployment 'Qwen3-8B' loaded successfully and is ready.
2026-09-13 14:04:49,457 - httpx2 - INFO - HTTP Request: POST http://testserver/api/v1/knowledge/documents "HTTP/1.1 500 Internal Server Error"
2026-09-13 14:04:49,868 - httpx2 - INFO - HTTP Request: POST http://testserver/api/v1/knowledge/documents "HTTP/1.1 413 Request Entity Too Large"
2026-09-13 14:04:49,892 - httpx2 - INFO - HTTP Request: GET http://testserver/api/v1/tasks/task-abc/artifacts "HTTP/1.1 200 OK"
2026-09-13 14:04:49,900 - httpx2 - INFO - HTTP Request: GET http://testserver/api/v1/artifacts/art-123 "HTTP/1.1 200 OK"
2026-09-13 14:04:49,907 - httpx2 - INFO - HTTP Request: GET http://testserver/api/v1/artifacts/art-notexist "HTTP/1.1 404 Not Found"
2026-09-13 14:04:49,928 - httpx2 - INFO - HTTP Request: GET http://testserver/api/v1/artifacts/art-hack "HTTP/1.1 404 Not Found"
2026-09-13 14:04:50,547 - httpx2 - INFO - HTTP Request: POST http://testserver/api/v1/tasks "HTTP/1.1 200 OK"
2026-09-13 14:04:50,588 - httpx2 - INFO - HTTP Request: POST http://testserver/api/v1/knowledge/documents "HTTP/1.1 200 OK"
2026-09-13 14:04:50,658 - httpx2 - INFO - HTTP Request: POST http://testserver/api/v1/tasks/task-b4b24652/run "HTTP/1.1 200 OK"
2026-09-13 14:04:51,671 - httpx2 - INFO - HTTP Request: GET http://testserver/api/v1/tasks/task-b4b24652 "HTTP/1.1 200 OK"
2026-09-13 14:04:51,684 - httpx2 - INFO - HTTP Request: GET http://testserver/api/v1/tasks/task-b4b24652/artifacts "HTTP/1.1 200 OK"
2026-09-13 14:04:51,694 - httpx2 - INFO - HTTP Request: GET http://testserver/api/v1/artifacts/art-87de0605 "HTTP/1.1 200 OK"
2026-09-13 14:04:52,046 - httpx2 - INFO - HTTP Request: POST http://testserver/api/v1/knowledge/documents "HTTP/1.1 400 Bad Request"
2026-09-13 14:04:52,061 - httpx2 - INFO - HTTP Request: POST http://testserver/api/v1/knowledge/documents "HTTP/1.1 200 OK"
2026-09-13 14:04:52,620 - sovereign.llama_cpp.lifecycle - INFO - Loading deployment 'Model1' with command: C:\Users\Dell\AppData\Local\Microsoft\WinGet\Packages\ggml.llamacpp_Microsoft.Winget.Source_8wekyb3d8bbwe\llama-server.exe -m C:\Users\Dell\AppData\Local\Temp\pytest-of-Dell\pytest-33\test_llama_cpp_adapter_and_lif0\model1.gguf --port 8080 --host 127.0.0.1 -c 2048 -ngl 10
2026-09-13 14:04:52,621 - sovereign.llama_cpp.lifecycle - INFO - Deployment 'Model1' loaded successfully and is ready.
2026-09-13 14:04:52,622 - sovereign.llama_cpp.lifecycle - INFO - Switching deployment to 'Model2'...
2026-09-13 14:04:52,623 - sovereign.llama_cpp.lifecycle - INFO - Stopping active llama-server deployment...
2026-09-13 14:04:52,624 - sovereign.llama_cpp.lifecycle - INFO - llama-server stopped.
2026-09-13 14:04:52,624 - sovereign.llama_cpp.lifecycle - INFO - Loading deployment 'Model2' with command: C:\Users\Dell\AppData\Local\Microsoft\WinGet\Packages\ggml.llamacpp_Microsoft.Winget.Source_8wekyb3d8bbwe\llama-server.exe -m C:\Users\Dell\AppData\Local\Temp\pytest-of-Dell\pytest-33\test_llama_cpp_adapter_and_lif0\model2.gguf --port 8081 --host 127.0.0.1 -c 4096 -ngl 20
2026-09-13 14:04:52,625 - sovereign.llama_cpp.lifecycle - INFO - Deployment 'Model2' loaded successfully and is ready.
2026-09-13 14:04:52,626 - sovereign.llama_cpp.lifecycle - INFO - Stopping active llama-server deployment...
2026-09-13 14:04:52,626 - sovereign.llama_cpp.lifecycle - INFO - llama-server stopped.
2026-09-13 14:04:58,102 - sovereign.llama_cpp.lifecycle - INFO - Loading deployment 'test-model' with command: mock-server.exe -m /fake/model.gguf --port 8080 --host 127.0.0.1 -c 8192 -ngl 20
2026-09-13 14:04:58,104 - sovereign.llama_cpp.lifecycle - INFO - Deployment 'test-model' loaded successfully and is ready.
2026-09-13 14:04:58,104 - sovereign.llama_cpp.lifecycle - INFO - Stopping active llama-server deployment...
2026-09-13 14:04:58,105 - sovereign.llama_cpp.lifecycle - INFO - llama-server stopped.
2026-09-13 14:04:58,105 - sovereign.llama_cpp.lifecycle - INFO - Loading deployment 'test-vision-model' with command: mock-server.exe -m /fake/model.gguf --port 8080 --host 127.0.0.1 -c 8192 -ngl 20 --mmproj /fake/projector.gguf
2026-09-13 14:04:58,106 - sovereign.llama_cpp.lifecycle - INFO - Deployment 'test-vision-model' loaded successfully and is ready.
2026-09-13 14:05:50,321 - httpx2 - INFO - HTTP Request: GET http://testserver/api/v1/health "HTTP/1.1 200 OK"
2026-09-13 14:05:50,360 - httpx2 - INFO - HTTP Request: POST http://testserver/api/v1/tasks "HTTP/1.1 200 OK"
2026-09-13 14:05:50,370 - httpx2 - INFO - HTTP Request: GET http://testserver/api/v1/tasks/task-ab73c337 "HTTP/1.1 200 OK"
2026-09-13 14:05:50,387 - httpx2 - INFO - HTTP Request: POST http://testserver/api/v1/tasks "HTTP/1.1 422 Unprocessable Entity"
2026-09-13 14:05:50,408 - httpx2 - INFO - HTTP Request: GET http://testserver/api/v1/tasks/task-notexist "HTTP/1.1 404 Not Found"
2026-09-13 14:05:50,441 - httpx2 - INFO - HTTP Request: POST http://testserver/api/v1/tasks/task-678426cc/run "HTTP/1.1 400 Bad Request"
2026-09-13 14:05:50,462 - httpx2 - INFO - HTTP Request: POST http://testserver/api/v1/tasks/task-678426cc/run "HTTP/1.1 400 Bad Request"
2026-09-13 14:05:50,474 - httpx2 - INFO - HTTP Request: POST http://testserver/api/v1/tasks/task-678426cc/run "HTTP/1.1 400 Bad Request"
2026-09-13 14:05:50,499 - httpx2 - INFO - HTTP Request: POST http://testserver/api/v1/tasks/task-678426cc/run "HTTP/1.1 400 Bad Request"
2026-09-13 14:05:50,499 - httpx2 - INFO - HTTP Request: POST http://testserver/api/v1/tasks/task-notexist/run "HTTP/1.1 404 Not Found"
2026-09-13 14:05:50,539 - httpx2 - INFO - HTTP Request: POST http://testserver/api/v1/tasks/task-aef46df1/run "HTTP/1.1 200 OK"
2026-09-13 14:05:50,539 - httpx2 - INFO - HTTP Request: POST http://testserver/api/v1/tasks/task-aef46df1/run "HTTP/1.1 409 Conflict"
2026-09-13 14:05:50,725 - httpx2 - INFO - HTTP Request: POST http://testserver/api/v1/knowledge/documents "HTTP/1.1 400 Bad Request"
2026-09-13 14:05:50,749 - httpx2 - INFO - HTTP Request: POST http://testserver/api/v1/knowledge/documents "HTTP/1.1 413 Request Entity Too Large"
2026-09-13 14:05:50,773 - httpx2 - INFO - HTTP Request: GET http://testserver/api/v1/tasks/task-abc/artifacts "HTTP/1.1 200 OK"
2026-09-13 14:05:50,783 - httpx2 - INFO - HTTP Request: GET http://testserver/api/v1/artifacts/art-123 "HTTP/1.1 200 OK"
2026-09-13 14:05:50,791 - httpx2 - INFO - HTTP Request: GET http://testserver/api/v1/artifacts/art-notexist "HTTP/1.1 404 Not Found"
2026-09-13 14:05:50,808 - httpx2 - INFO - HTTP Request: GET http://testserver/api/v1/artifacts/art-hack "HTTP/1.1 404 Not Found"
2026-09-13 14:11:58,261 - httpx2 - INFO - HTTP Request: GET http://testserver/api/v1/health "HTTP/1.1 200 OK"
2026-09-13 14:11:58,301 - httpx2 - INFO - HTTP Request: POST http://testserver/api/v1/tasks "HTTP/1.1 200 OK"
2026-09-13 14:11:58,309 - httpx2 - INFO - HTTP Request: GET http://testserver/api/v1/tasks/task-f4e6eca0 "HTTP/1.1 200 OK"
2026-09-13 14:11:58,327 - httpx2 - INFO - HTTP Request: POST http://testserver/api/v1/tasks "HTTP/1.1 422 Unprocessable Entity"
2026-09-13 14:11:58,349 - httpx2 - INFO - HTTP Request: GET http://testserver/api/v1/tasks/task-notexist "HTTP/1.1 404 Not Found"
2026-09-13 14:11:58,381 - httpx2 - INFO - HTTP Request: POST http://testserver/api/v1/tasks/task-7adbe64c/run "HTTP/1.1 400 Bad Request"
2026-09-13 14:11:58,437 - httpx2 - INFO - HTTP Request: POST http://testserver/api/v1/tasks/task-7adbe64c/run "HTTP/1.1 400 Bad Request"
2026-09-13 14:11:58,461 - httpx2 - INFO - HTTP Request: POST http://testserver/api/v1/tasks/task-7adbe64c/run "HTTP/1.1 400 Bad Request"
2026-09-13 14:11:58,511 - httpx2 - INFO - HTTP Request: POST http://testserver/api/v1/tasks/task-7adbe64c/run "HTTP/1.1 400 Bad Request"
2026-09-13 14:11:58,517 - httpx2 - INFO - HTTP Request: POST http://testserver/api/v1/tasks/task-notexist/run "HTTP/1.1 404 Not Found"
2026-09-13 14:11:58,544 - httpx2 - INFO - HTTP Request: POST http://testserver/api/v1/tasks/task-c85bc02a/run "HTTP/1.1 200 OK"
2026-09-13 14:11:58,552 - httpx2 - INFO - HTTP Request: POST http://testserver/api/v1/tasks/task-c85bc02a/run "HTTP/1.1 409 Conflict"
2026-09-13 14:11:58,747 - httpx2 - INFO - HTTP Request: POST http://testserver/api/v1/knowledge/documents "HTTP/1.1 400 Bad Request"
2026-09-13 14:11:58,771 - httpx2 - INFO - HTTP Request: POST http://testserver/api/v1/knowledge/documents "HTTP/1.1 413 Request Entity Too Large"
2026-09-13 14:11:58,790 - httpx2 - INFO - HTTP Request: GET http://testserver/api/v1/tasks/task-abc/artifacts "HTTP/1.1 200 OK"
2026-09-13 14:11:58,795 - httpx2 - INFO - HTTP Request: GET http://testserver/api/v1/artifacts/art-123 "HTTP/1.1 200 OK"
2026-09-13 14:11:58,803 - httpx2 - INFO - HTTP Request: GET http://testserver/api/v1/artifacts/art-notexist "HTTP/1.1 404 Not Found"
2026-09-13 14:11:58,827 - httpx2 - INFO - HTTP Request: GET http://testserver/api/v1/artifacts/art-hack "HTTP/1.1 404 Not Found"
2026-09-13 14:11:59,460 - httpx2 - INFO - HTTP Request: POST http://testserver/api/v1/tasks "HTTP/1.1 200 OK"
2026-09-13 14:11:59,498 - httpx2 - INFO - HTTP Request: POST http://testserver/api/v1/knowledge/documents "HTTP/1.1 200 OK"
2026-09-13 14:11:59,564 - httpx2 - INFO - HTTP Request: POST http://testserver/api/v1/tasks/task-d6788452/run "HTTP/1.1 200 OK"
2026-09-13 14:12:00,582 - httpx2 - INFO - HTTP Request: GET http://testserver/api/v1/tasks/task-d6788452 "HTTP/1.1 200 OK"
2026-09-13 14:12:00,604 - httpx2 - INFO - HTTP Request: GET http://testserver/api/v1/tasks/task-d6788452/artifacts "HTTP/1.1 200 OK"
2026-09-13 14:12:00,613 - httpx2 - INFO - HTTP Request: GET http://testserver/api/v1/artifacts/art-8ffd96cb "HTTP/1.1 200 OK"
2026-09-13 14:12:00,961 - httpx2 - INFO - HTTP Request: POST http://testserver/api/v1/knowledge/documents "HTTP/1.1 400 Bad Request"
2026-09-13 14:12:00,974 - httpx2 - INFO - HTTP Request: POST http://testserver/api/v1/knowledge/documents "HTTP/1.1 200 OK"
2026-09-13 14:12:01,546 - sovereign.llama_cpp.lifecycle - INFO - Loading deployment 'Model1' with command: C:\Users\Dell\AppData\Local\Microsoft\WinGet\Packages\ggml.llamacpp_Microsoft.Winget.Source_8wekyb3d8bbwe\llama-server.exe -m C:\Users\Dell\AppData\Local\Temp\pytest-of-Dell\pytest-35\test_llama_cpp_adapter_and_lif0\model1.gguf --port 8080 --host 127.0.0.1 -c 2048 -ngl 10
2026-09-13 14:12:01,548 - sovereign.llama_cpp.lifecycle - INFO - Deployment 'Model1' loaded successfully and is ready.
2026-09-13 14:12:01,550 - sovereign.llama_cpp.lifecycle - INFO - Switching deployment to 'Model2'...
2026-09-13 14:12:01,552 - sovereign.llama_cpp.lifecycle - INFO - Stopping active llama-server deployment...
2026-09-13 14:12:01,552 - sovereign.llama_cpp.lifecycle - INFO - llama-server stopped.
2026-09-13 14:12:01,552 - sovereign.llama_cpp.lifecycle - INFO - Loading deployment 'Model2' with command: C:\Users\Dell\AppData\Local\Microsoft\WinGet\Packages\ggml.llamacpp_Microsoft.Winget.Source_8wekyb3d8bbwe\llama-server.exe -m C:\Users\Dell\AppData\Local\Temp\pytest-of-Dell\pytest-35\test_llama_cpp_adapter_and_lif0\model2.gguf --port 8081 --host 127.0.0.1 -c 4096 -ngl 20
2026-09-13 14:12:01,552 - sovereign.llama_cpp.lifecycle - INFO - Deployment 'Model2' loaded successfully and is ready.
2026-09-13 14:12:01,552 - sovereign.llama_cpp.lifecycle - INFO - Stopping active llama-server deployment...
2026-09-13 14:12:01,552 - sovereign.llama_cpp.lifecycle - INFO - llama-server stopped.
2026-09-13 14:12:07,123 - sovereign.llama_cpp.lifecycle - INFO - Loading deployment 'test-model' with command: mock-server.exe -m /fake/model.gguf --port 8080 --host 127.0.0.1 -c 8192 -ngl 20
2026-09-13 14:12:07,124 - sovereign.llama_cpp.lifecycle - INFO - Deployment 'test-model' loaded successfully and is ready.
2026-09-13 14:12:07,124 - sovereign.llama_cpp.lifecycle - INFO - Stopping active llama-server deployment...
2026-09-13 14:12:07,124 - sovereign.llama_cpp.lifecycle - INFO - llama-server stopped.
2026-09-13 14:12:07,125 - sovereign.llama_cpp.lifecycle - INFO - Loading deployment 'test-vision-model' with command: mock-server.exe -m /fake/model.gguf --port 8080 --host 127.0.0.1 -c 8192 -ngl 20 --mmproj /fake/projector.gguf
2026-09-13 14:12:07,125 - sovereign.llama_cpp.lifecycle - INFO - Deployment 'test-vision-model' loaded successfully and is ready.
2026-09-13 14:36:54,556 - httpx2 - INFO - HTTP Request: GET http://testserver/api/v1/health "HTTP/1.1 200 OK"
2026-09-13 14:37:17,897 - httpx2 - INFO - HTTP Request: GET http://testserver/api/v1/health "HTTP/1.1 200 OK"
2026-09-13 14:37:17,937 - httpx2 - INFO - HTTP Request: POST http://testserver/api/v1/tasks "HTTP/1.1 200 OK"
2026-09-13 14:37:17,944 - httpx2 - INFO - HTTP Request: GET http://testserver/api/v1/tasks/task-9250898f "HTTP/1.1 200 OK"
2026-09-13 14:37:17,970 - httpx2 - INFO - HTTP Request: POST http://testserver/api/v1/tasks "HTTP/1.1 422 Unprocessable Entity"
2026-09-13 14:37:17,993 - httpx2 - INFO - HTTP Request: GET http://testserver/api/v1/tasks/task-notexist "HTTP/1.1 404 Not Found"
2026-09-13 14:37:18,024 - httpx2 - INFO - HTTP Request: POST http://testserver/api/v1/tasks/task-56913f64/run "HTTP/1.1 400 Bad Request"
2026-09-13 14:37:18,041 - httpx2 - INFO - HTTP Request: POST http://testserver/api/v1/tasks/task-56913f64/run "HTTP/1.1 400 Bad Request"
2026-09-13 14:37:18,065 - httpx2 - INFO - HTTP Request: POST http://testserver/api/v1/tasks/task-56913f64/run "HTTP/1.1 400 Bad Request"
2026-09-13 14:37:18,083 - httpx2 - INFO - HTTP Request: POST http://testserver/api/v1/tasks/task-56913f64/run "HTTP/1.1 400 Bad Request"
2026-09-13 14:37:18,090 - httpx2 - INFO - HTTP Request: POST http://testserver/api/v1/tasks/task-notexist/run "HTTP/1.1 404 Not Found"
2026-09-13 14:37:18,122 - httpx2 - INFO - HTTP Request: POST http://testserver/api/v1/tasks/task-af6424b9/run "HTTP/1.1 200 OK"
2026-09-13 14:37:18,130 - httpx2 - INFO - HTTP Request: POST http://testserver/api/v1/tasks/task-af6424b9/run "HTTP/1.1 409 Conflict"
2026-09-13 14:37:20,130 - httpx2 - INFO - HTTP Request: GET http://testserver/api/v1/tasks/task-abc/artifacts "HTTP/1.1 200 OK"
2026-09-13 14:37:20,141 - httpx2 - INFO - HTTP Request: GET http://testserver/api/v1/artifacts/art-123 "HTTP/1.1 200 OK"
2026-09-13 14:37:20,151 - httpx2 - INFO - HTTP Request: GET http://testserver/api/v1/artifacts/art-notexist "HTTP/1.1 404 Not Found"
2026-09-13 14:37:20,182 - httpx2 - INFO - HTTP Request: GET http://testserver/api/v1/artifacts/art-hack "HTTP/1.1 404 Not Found"
2026-09-13 14:38:00,503 - httpx2 - INFO - HTTP Request: GET http://testserver/api/v1/health "HTTP/1.1 200 OK"
2026-09-13 14:38:00,546 - httpx2 - INFO - HTTP Request: POST http://testserver/api/v1/tasks "HTTP/1.1 200 OK"
2026-09-13 14:38:00,551 - httpx2 - INFO - HTTP Request: GET http://testserver/api/v1/tasks/task-bb429758 "HTTP/1.1 200 OK"
2026-09-13 14:38:00,575 - httpx2 - INFO - HTTP Request: POST http://testserver/api/v1/tasks "HTTP/1.1 422 Unprocessable Entity"
2026-09-13 14:38:00,592 - httpx2 - INFO - HTTP Request: GET http://testserver/api/v1/tasks/task-notexist "HTTP/1.1 404 Not Found"
2026-09-13 14:38:00,631 - httpx2 - INFO - HTTP Request: POST http://testserver/api/v1/tasks/task-c6795186/run "HTTP/1.1 400 Bad Request"
2026-09-13 14:38:00,648 - httpx2 - INFO - HTTP Request: POST http://testserver/api/v1/tasks/task-c6795186/run "HTTP/1.1 400 Bad Request"
2026-09-13 14:38:00,657 - httpx2 - INFO - HTTP Request: POST http://testserver/api/v1/tasks/task-c6795186/run "HTTP/1.1 400 Bad Request"
2026-09-13 14:38:00,676 - httpx2 - INFO - HTTP Request: POST http://testserver/api/v1/tasks/task-c6795186/run "HTTP/1.1 400 Bad Request"
2026-09-13 14:38:00,681 - httpx2 - INFO - HTTP Request: POST http://testserver/api/v1/tasks/task-notexist/run "HTTP/1.1 404 Not Found"
2026-09-13 14:38:00,715 - httpx2 - INFO - HTTP Request: POST http://testserver/api/v1/tasks/task-f70d2014/run "HTTP/1.1 200 OK"
2026-09-13 14:38:00,722 - httpx2 - INFO - HTTP Request: POST http://testserver/api/v1/tasks/task-f70d2014/run "HTTP/1.1 409 Conflict"
2026-09-13 14:38:00,893 - httpx2 - INFO - HTTP Request: POST http://testserver/api/v1/knowledge/documents "HTTP/1.1 400 Bad Request"
2026-09-13 14:38:00,917 - httpx2 - INFO - HTTP Request: POST http://testserver/api/v1/knowledge/documents "HTTP/1.1 413 Request Entity Too Large"
2026-09-13 14:38:00,940 - httpx2 - INFO - HTTP Request: GET http://testserver/api/v1/tasks/task-abc/artifacts "HTTP/1.1 200 OK"
2026-09-13 14:38:00,949 - httpx2 - INFO - HTTP Request: GET http://testserver/api/v1/artifacts/art-123 "HTTP/1.1 200 OK"
2026-09-13 14:38:00,955 - httpx2 - INFO - HTTP Request: GET http://testserver/api/v1/artifacts/art-notexist "HTTP/1.1 404 Not Found"
2026-09-13 14:38:00,976 - httpx2 - INFO - HTTP Request: GET http://testserver/api/v1/artifacts/art-hack "HTTP/1.1 404 Not Found"
2026-09-13 14:38:11,430 - httpx2 - INFO - HTTP Request: POST http://testserver/api/v1/knowledge/documents "HTTP/1.1 400 Bad Request"
2026-09-13 14:38:11,447 - sovereign.llama_cpp.lifecycle - INFO - Switching deployment to 'Qwen3-8B'...
2026-09-13 14:38:11,447 - sovereign.llama_cpp.lifecycle - INFO - Loading deployment 'Qwen3-8B' with command: C:\Users\Dell\AppData\Local\Microsoft\WinGet\Packages\ggml.llamacpp_Microsoft.Winget.Source_8wekyb3d8bbwe\llama-server.exe -m C:\Users\Dell\.cache\huggingface\hub\models--Qwen--Qwen3-8B-GGUF\snapshots\7c41481f57cb95916b40956ab2f0b139b296d974\Qwen3-8B-Q4_K_M.gguf --port 8080 --host 127.0.0.1 -c 8192 -ngl 20
2026-09-13 14:38:19,624 - sovereign.llama_cpp.lifecycle - INFO - Deployment 'Qwen3-8B' loaded successfully and is ready.
2026-09-13 14:38:19,629 - httpx2 - INFO - HTTP Request: POST http://testserver/api/v1/knowledge/documents "HTTP/1.1 200 OK"
2026-09-13 14:38:50,520 - httpx2 - INFO - HTTP Request: GET http://testserver/api/v1/health "HTTP/1.1 200 OK"
2026-09-13 14:38:50,563 - httpx2 - INFO - HTTP Request: POST http://testserver/api/v1/tasks "HTTP/1.1 200 OK"
2026-09-13 14:38:50,569 - httpx2 - INFO - HTTP Request: GET http://testserver/api/v1/tasks/task-3ed3fe4f "HTTP/1.1 200 OK"
2026-09-13 14:38:50,591 - httpx2 - INFO - HTTP Request: POST http://testserver/api/v1/tasks "HTTP/1.1 422 Unprocessable Entity"
2026-09-13 14:38:50,609 - httpx2 - INFO - HTTP Request: GET http://testserver/api/v1/tasks/task-notexist "HTTP/1.1 404 Not Found"
2026-09-13 14:38:50,647 - httpx2 - INFO - HTTP Request: POST http://testserver/api/v1/tasks/task-caf0f2a2/run "HTTP/1.1 400 Bad Request"
2026-09-13 14:38:50,665 - httpx2 - INFO - HTTP Request: POST http://testserver/api/v1/tasks/task-caf0f2a2/run "HTTP/1.1 400 Bad Request"
2026-09-13 14:38:50,675 - httpx2 - INFO - HTTP Request: POST http://testserver/api/v1/tasks/task-caf0f2a2/run "HTTP/1.1 400 Bad Request"
2026-09-13 14:38:50,698 - httpx2 - INFO - HTTP Request: POST http://testserver/api/v1/tasks/task-caf0f2a2/run "HTTP/1.1 400 Bad Request"
2026-09-13 14:38:50,707 - httpx2 - INFO - HTTP Request: POST http://testserver/api/v1/tasks/task-notexist/run "HTTP/1.1 404 Not Found"
2026-09-13 14:38:50,739 - httpx2 - INFO - HTTP Request: POST http://testserver/api/v1/tasks/task-810c36d3/run "HTTP/1.1 200 OK"
2026-09-13 14:38:50,746 - httpx2 - INFO - HTTP Request: POST http://testserver/api/v1/tasks/task-810c36d3/run "HTTP/1.1 409 Conflict"
2026-09-13 14:38:50,909 - httpx2 - INFO - HTTP Request: POST http://testserver/api/v1/knowledge/documents "HTTP/1.1 400 Bad Request"
2026-09-13 14:38:50,931 - httpx2 - INFO - HTTP Request: POST http://testserver/api/v1/knowledge/documents "HTTP/1.1 413 Request Entity Too Large"
2026-09-13 14:38:50,953 - httpx2 - INFO - HTTP Request: GET http://testserver/api/v1/tasks/task-abc/artifacts "HTTP/1.1 200 OK"
2026-09-13 14:38:50,961 - httpx2 - INFO - HTTP Request: GET http://testserver/api/v1/artifacts/art-123 "HTTP/1.1 200 OK"
2026-09-13 14:38:50,970 - httpx2 - INFO - HTTP Request: GET http://testserver/api/v1/artifacts/art-notexist "HTTP/1.1 404 Not Found"
2026-09-13 14:38:50,989 - httpx2 - INFO - HTTP Request: GET http://testserver/api/v1/artifacts/art-hack "HTTP/1.1 404 Not Found"
2026-09-13 14:38:51,551 - httpx2 - INFO - HTTP Request: POST http://testserver/api/v1/tasks "HTTP/1.1 200 OK"
2026-09-13 14:38:51,585 - httpx2 - INFO - HTTP Request: POST http://testserver/api/v1/knowledge/documents "HTTP/1.1 200 OK"
2026-09-13 14:38:51,598 - sovereign.llama_cpp.lifecycle - INFO - Switching deployment to 'Qwen3-8B'...
2026-09-13 14:38:51,598 - sovereign.llama_cpp.lifecycle - INFO - Loading deployment 'Qwen3-8B' with command: C:\Users\Dell\AppData\Local\Microsoft\WinGet\Packages\ggml.llamacpp_Microsoft.Winget.Source_8wekyb3d8bbwe\llama-server.exe -m C:\Users\Dell\.cache\huggingface\hub\models--Qwen--Qwen3-8B-GGUF\snapshots\7c41481f57cb95916b40956ab2f0b139b296d974\Qwen3-8B-Q4_K_M.gguf --port 8080 --host 127.0.0.1 -c 8192 -ngl 20
2026-09-13 14:38:59,338 - sovereign.llama_cpp.lifecycle - INFO - Deployment 'Qwen3-8B' loaded successfully and is ready.
2026-09-13 14:38:59,425 - httpx2 - INFO - HTTP Request: POST http://testserver/api/v1/tasks/task-d26dbd4f/run "HTTP/1.1 200 OK"
2026-09-13 14:39:00,436 - httpx2 - INFO - HTTP Request: GET http://testserver/api/v1/tasks/task-d26dbd4f "HTTP/1.1 200 OK"
2026-09-13 14:39:00,458 - httpx2 - INFO - HTTP Request: GET http://testserver/api/v1/tasks/task-d26dbd4f/artifacts "HTTP/1.1 200 OK"
2026-09-13 14:39:00,473 - httpx2 - INFO - HTTP Request: GET http://testserver/api/v1/artifacts/art-9c33968d "HTTP/1.1 200 OK"
2026-09-13 14:39:00,833 - httpx2 - INFO - HTTP Request: POST http://testserver/api/v1/knowledge/documents "HTTP/1.1 400 Bad Request"
2026-09-13 14:39:00,847 - sovereign.llama_cpp.lifecycle - INFO - Switching deployment to 'Qwen3-8B'...
2026-09-13 14:39:00,847 - sovereign.llama_cpp.lifecycle - INFO - Loading deployment 'Qwen3-8B' with command: C:\Users\Dell\AppData\Local\Microsoft\WinGet\Packages\ggml.llamacpp_Microsoft.Winget.Source_8wekyb3d8bbwe\llama-server.exe -m C:\Users\Dell\.cache\huggingface\hub\models--Qwen--Qwen3-8B-GGUF\snapshots\7c41481f57cb95916b40956ab2f0b139b296d974\Qwen3-8B-Q4_K_M.gguf --port 8080 --host 127.0.0.1 -c 8192 -ngl 20
2026-09-13 14:39:00,854 - sovereign.llama_cpp.lifecycle - INFO - Deployment 'Qwen3-8B' loaded successfully and is ready.
2026-09-13 14:39:00,858 - httpx2 - INFO - HTTP Request: POST http://testserver/api/v1/knowledge/documents "HTTP/1.1 200 OK"
2026-09-13 14:39:01,373 - sovereign.llama_cpp.lifecycle - INFO - Loading deployment 'Model1' with command: C:\Users\Dell\AppData\Local\Microsoft\WinGet\Packages\ggml.llamacpp_Microsoft.Winget.Source_8wekyb3d8bbwe\llama-server.exe -m C:\Users\Dell\AppData\Local\Temp\pytest-of-Dell\pytest-40\test_llama_cpp_adapter_and_lif0\model1.gguf --port 8080 --host 127.0.0.1 -c 2048 -ngl 10
2026-09-13 14:39:01,374 - sovereign.llama_cpp.lifecycle - INFO - Deployment 'Model1' loaded successfully and is ready.
2026-09-13 14:39:01,375 - sovereign.llama_cpp.lifecycle - INFO - Switching deployment to 'Model2'...
2026-09-13 14:39:01,376 - sovereign.llama_cpp.lifecycle - INFO - Stopping active llama-server deployment...
2026-09-13 14:39:01,376 - sovereign.llama_cpp.lifecycle - INFO - llama-server stopped.
2026-09-13 14:39:01,376 - sovereign.llama_cpp.lifecycle - INFO - Loading deployment 'Model2' with command: C:\Users\Dell\AppData\Local\Microsoft\WinGet\Packages\ggml.llamacpp_Microsoft.Winget.Source_8wekyb3d8bbwe\llama-server.exe -m C:\Users\Dell\AppData\Local\Temp\pytest-of-Dell\pytest-40\test_llama_cpp_adapter_and_lif0\model2.gguf --port 8081 --host 127.0.0.1 -c 4096 -ngl 20
2026-09-13 14:39:01,377 - sovereign.llama_cpp.lifecycle - INFO - Deployment 'Model2' loaded successfully and is ready.
2026-09-13 14:39:01,377 - sovereign.llama_cpp.lifecycle - INFO - Stopping active llama-server deployment...
2026-09-13 14:39:01,378 - sovereign.llama_cpp.lifecycle - INFO - llama-server stopped.
2026-09-13 14:39:07,855 - sovereign.llama_cpp.lifecycle - INFO - Loading deployment 'test-model' with command: mock-server.exe -m /fake/model.gguf --port 8080 --host 127.0.0.1 -c 8192 -ngl 20
2026-09-13 14:39:07,856 - sovereign.llama_cpp.lifecycle - INFO - Deployment 'test-model' loaded successfully and is ready.
2026-09-13 14:39:07,856 - sovereign.llama_cpp.lifecycle - INFO - Stopping active llama-server deployment...
2026-09-13 14:39:07,857 - sovereign.llama_cpp.lifecycle - INFO - llama-server stopped.
2026-09-13 14:39:07,857 - sovereign.llama_cpp.lifecycle - INFO - Loading deployment 'test-vision-model' with command: mock-server.exe -m /fake/model.gguf --port 8080 --host 127.0.0.1 -c 8192 -ngl 20 --mmproj /fake/projector.gguf
2026-09-13 14:39:07,857 - sovereign.llama_cpp.lifecycle - INFO - Deployment 'test-vision-model' loaded successfully and is ready.
2026-09-13 14:39:52,105 - httpx2 - INFO - HTTP Request: POST http://testserver/knowledge/documents "HTTP/1.1 404 Not Found"
2026-09-13 14:40:27,951 - httpx2 - INFO - HTTP Request: POST http://testserver/api/v1/knowledge/documents "HTTP/1.1 403 Forbidden"
2026-09-13 14:47:14,512 - httpx2 - INFO - HTTP Request: GET http://testserver/api/v1/health "HTTP/1.1 200 OK"
2026-09-13 14:47:14,547 - httpx2 - INFO - HTTP Request: POST http://testserver/api/v1/tasks "HTTP/1.1 200 OK"
2026-09-13 14:47:14,555 - httpx2 - INFO - HTTP Request: GET http://testserver/api/v1/tasks/task-9f7855db "HTTP/1.1 200 OK"
2026-09-13 14:47:14,573 - httpx2 - INFO - HTTP Request: POST http://testserver/api/v1/tasks "HTTP/1.1 422 Unprocessable Entity"
2026-09-13 14:47:14,594 - httpx2 - INFO - HTTP Request: GET http://testserver/api/v1/tasks/task-notexist "HTTP/1.1 404 Not Found"
2026-09-13 14:47:14,631 - httpx2 - INFO - HTTP Request: POST http://testserver/api/v1/tasks/task-69688616/run "HTTP/1.1 400 Bad Request"
2026-09-13 14:47:14,643 - httpx2 - INFO - HTTP Request: POST http://testserver/api/v1/tasks/task-69688616/run "HTTP/1.1 400 Bad Request"
2026-09-13 14:47:14,660 - httpx2 - INFO - HTTP Request: POST http://testserver/api/v1/tasks/task-69688616/run "HTTP/1.1 400 Bad Request"
2026-09-13 14:47:14,683 - httpx2 - INFO - HTTP Request: POST http://testserver/api/v1/tasks/task-69688616/run "HTTP/1.1 400 Bad Request"
2026-09-13 14:47:14,690 - httpx2 - INFO - HTTP Request: POST http://testserver/api/v1/tasks/task-notexist/run "HTTP/1.1 404 Not Found"
2026-09-13 14:47:14,720 - httpx2 - INFO - HTTP Request: POST http://testserver/api/v1/tasks/task-b2fc873b/run "HTTP/1.1 200 OK"
2026-09-13 14:47:14,726 - httpx2 - INFO - HTTP Request: POST http://testserver/api/v1/tasks/task-b2fc873b/run "HTTP/1.1 409 Conflict"
2026-09-13 14:47:14,920 - httpx2 - INFO - HTTP Request: POST http://testserver/api/v1/knowledge/documents "HTTP/1.1 400 Bad Request"
2026-09-13 14:47:14,943 - httpx2 - INFO - HTTP Request: POST http://testserver/api/v1/knowledge/documents "HTTP/1.1 413 Request Entity Too Large"
2026-09-13 14:47:14,964 - httpx2 - INFO - HTTP Request: GET http://testserver/api/v1/tasks/task-abc/artifacts "HTTP/1.1 200 OK"
2026-09-13 14:47:14,972 - httpx2 - INFO - HTTP Request: GET http://testserver/api/v1/artifacts/art-123 "HTTP/1.1 200 OK"
2026-09-13 14:47:14,976 - httpx2 - INFO - HTTP Request: GET http://testserver/api/v1/artifacts/art-notexist "HTTP/1.1 404 Not Found"
2026-09-13 14:47:14,999 - httpx2 - INFO - HTTP Request: GET http://testserver/api/v1/artifacts/art-hack "HTTP/1.1 404 Not Found"
2026-09-13 14:47:15,555 - httpx2 - INFO - HTTP Request: POST http://testserver/api/v1/tasks "HTTP/1.1 200 OK"
2026-09-13 14:47:15,596 - httpx2 - INFO - HTTP Request: POST http://testserver/api/v1/knowledge/documents "HTTP/1.1 200 OK"
2026-09-13 14:47:15,613 - sovereign.llama_cpp.lifecycle - INFO - Switching deployment to 'Qwen3-8B'...
2026-09-13 14:47:15,613 - sovereign.llama_cpp.lifecycle - INFO - Loading deployment 'Qwen3-8B' with command: C:\Users\Dell\AppData\Local\Microsoft\WinGet\Packages\ggml.llamacpp_Microsoft.Winget.Source_8wekyb3d8bbwe\llama-server.exe -m C:\Users\Dell\.cache\huggingface\hub\models--Qwen--Qwen3-8B-GGUF\snapshots\7c41481f57cb95916b40956ab2f0b139b296d974\Qwen3-8B-Q4_K_M.gguf --port 8080 --host 127.0.0.1 -c 8192 -ngl 20
2026-09-13 14:47:24,850 - sovereign.llama_cpp.lifecycle - INFO - Deployment 'Qwen3-8B' loaded successfully and is ready.
2026-09-13 14:47:24,920 - httpx2 - INFO - HTTP Request: POST http://testserver/api/v1/tasks/task-a7a96e23/run "HTTP/1.1 200 OK"
2026-09-13 14:47:25,931 - httpx2 - INFO - HTTP Request: GET http://testserver/api/v1/tasks/task-a7a96e23 "HTTP/1.1 200 OK"
2026-09-13 14:47:25,948 - httpx2 - INFO - HTTP Request: GET http://testserver/api/v1/tasks/task-a7a96e23/artifacts "HTTP/1.1 200 OK"
2026-09-13 14:47:25,958 - httpx2 - INFO - HTTP Request: GET http://testserver/api/v1/artifacts/art-e49f291e "HTTP/1.1 200 OK"
2026-09-13 14:47:26,339 - httpx2 - INFO - HTTP Request: POST http://testserver/api/v1/knowledge/documents "HTTP/1.1 400 Bad Request"
2026-09-13 14:47:26,353 - sovereign.llama_cpp.lifecycle - INFO - Switching deployment to 'Qwen3-8B'...
2026-09-13 14:47:26,354 - sovereign.llama_cpp.lifecycle - INFO - Loading deployment 'Qwen3-8B' with command: C:\Users\Dell\AppData\Local\Microsoft\WinGet\Packages\ggml.llamacpp_Microsoft.Winget.Source_8wekyb3d8bbwe\llama-server.exe -m C:\Users\Dell\.cache\huggingface\hub\models--Qwen--Qwen3-8B-GGUF\snapshots\7c41481f57cb95916b40956ab2f0b139b296d974\Qwen3-8B-Q4_K_M.gguf --port 8080 --host 127.0.0.1 -c 8192 -ngl 20
2026-09-13 14:47:26,372 - sovereign.llama_cpp.lifecycle - INFO - Deployment 'Qwen3-8B' loaded successfully and is ready.
2026-09-13 14:47:26,376 - httpx2 - INFO - HTTP Request: POST http://testserver/api/v1/knowledge/documents "HTTP/1.1 200 OK"
2026-09-13 14:47:26,788 - asyncio - DEBUG - Using proactor: IocpProactor
2026-09-13 14:47:26,799 - multipart.multipart - DEBUG - Calling on_part_begin with no data
2026-09-13 14:47:26,800 - multipart.multipart - DEBUG - Calling on_header_field with data[36:55]
2026-09-13 14:47:26,800 - multipart.multipart - DEBUG - Calling on_header_value with data[57:106]
2026-09-13 14:47:26,800 - multipart.multipart - DEBUG - Calling on_header_end with no data
2026-09-13 14:47:26,801 - multipart.multipart - DEBUG - Calling on_header_field with data[108:120]
2026-09-13 14:47:26,801 - multipart.multipart - DEBUG - Calling on_header_value with data[122:131]
2026-09-13 14:47:26,801 - multipart.multipart - DEBUG - Calling on_header_end with no data
2026-09-13 14:47:26,802 - multipart.multipart - DEBUG - Calling on_headers_finished with no data
2026-09-13 14:47:26,802 - multipart.multipart - DEBUG - Calling on_part_data with data[135:153]
2026-09-13 14:47:26,803 - multipart.multipart - DEBUG - Calling on_part_end with no data
2026-09-13 14:47:26,803 - multipart.multipart - DEBUG - Calling on_end with no data
2026-09-13 14:47:26,820 - httpx2 - INFO - HTTP Request: POST http://testserver/api/v1/knowledge/documents "HTTP/1.1 403 Forbidden"
2026-09-13 14:47:26,955 - sovereign.llama_cpp.lifecycle - INFO - Loading deployment 'Model1' with command: C:\Users\Dell\AppData\Local\Microsoft\WinGet\Packages\ggml.llamacpp_Microsoft.Winget.Source_8wekyb3d8bbwe\llama-server.exe -m C:\Users\Dell\AppData\Local\Temp\pytest-of-Dell\pytest-41\test_llama_cpp_adapter_and_lif0\model1.gguf --port 8080 --host 127.0.0.1 -c 2048 -ngl 10
2026-09-13 14:47:26,957 - sovereign.llama_cpp.lifecycle - INFO - Deployment 'Model1' loaded successfully and is ready.
2026-09-13 14:47:26,958 - sovereign.llama_cpp.lifecycle - INFO - Switching deployment to 'Model2'...
2026-09-13 14:47:26,960 - sovereign.llama_cpp.lifecycle - INFO - Stopping active llama-server deployment...
2026-09-13 14:47:26,960 - sovereign.llama_cpp.lifecycle - INFO - llama-server stopped.
2026-09-13 14:47:26,961 - sovereign.llama_cpp.lifecycle - INFO - Loading deployment 'Model2' with command: C:\Users\Dell\AppData\Local\Microsoft\WinGet\Packages\ggml.llamacpp_Microsoft.Winget.Source_8wekyb3d8bbwe\llama-server.exe -m C:\Users\Dell\AppData\Local\Temp\pytest-of-Dell\pytest-41\test_llama_cpp_adapter_and_lif0\model2.gguf --port 8081 --host 127.0.0.1 -c 4096 -ngl 20
2026-09-13 14:47:26,962 - sovereign.llama_cpp.lifecycle - INFO - Deployment 'Model2' loaded successfully and is ready.
2026-09-13 14:47:26,962 - sovereign.llama_cpp.lifecycle - INFO - Stopping active llama-server deployment...
2026-09-13 14:47:26,963 - sovereign.llama_cpp.lifecycle - INFO - llama-server stopped.
2026-09-13 14:47:32,561 - sovereign.llama_cpp.lifecycle - INFO - Loading deployment 'test-model' with command: mock-server.exe -m /fake/model.gguf --port 8080 --host 127.0.0.1 -c 8192 -ngl 20
2026-09-13 14:47:32,562 - sovereign.llama_cpp.lifecycle - INFO - Deployment 'test-model' loaded successfully and is ready.
2026-09-13 14:47:32,563 - sovereign.llama_cpp.lifecycle - INFO - Stopping active llama-server deployment...
2026-09-13 14:47:32,563 - sovereign.llama_cpp.lifecycle - INFO - llama-server stopped.
2026-09-13 14:47:32,564 - sovereign.llama_cpp.lifecycle - INFO - Loading deployment 'test-vision-model' with command: mock-server.exe -m /fake/model.gguf --port 8080 --host 127.0.0.1 -c 8192 -ngl 20 --mmproj /fake/projector.gguf
2026-09-13 14:47:32,564 - sovereign.llama_cpp.lifecycle - INFO - Deployment 'test-vision-model' loaded successfully and is ready.
2026-09-13 14:54:25,661 - httpx2 - INFO - HTTP Request: GET http://testserver/api/v1/health "HTTP/1.1 200 OK"
2026-09-13 14:54:25,705 - httpx2 - INFO - HTTP Request: POST http://testserver/api/v1/tasks "HTTP/1.1 200 OK"
2026-09-13 14:54:25,719 - httpx2 - INFO - HTTP Request: GET http://testserver/api/v1/tasks/task-3943bfe4 "HTTP/1.1 200 OK"
2026-09-13 14:54:25,737 - httpx2 - INFO - HTTP Request: POST http://testserver/api/v1/tasks "HTTP/1.1 422 Unprocessable Entity"
2026-09-13 14:54:25,758 - httpx2 - INFO - HTTP Request: GET http://testserver/api/v1/tasks/task-notexist "HTTP/1.1 404 Not Found"
2026-09-13 14:54:25,803 - httpx2 - INFO - HTTP Request: POST http://testserver/api/v1/tasks/task-1eadba26/run "HTTP/1.1 400 Bad Request"
2026-09-13 14:54:25,820 - httpx2 - INFO - HTTP Request: POST http://testserver/api/v1/tasks/task-1eadba26/run "HTTP/1.1 400 Bad Request"
2026-09-13 14:54:25,849 - httpx2 - INFO - HTTP Request: POST http://testserver/api/v1/tasks/task-1eadba26/run "HTTP/1.1 400 Bad Request"
2026-09-13 14:54:25,874 - httpx2 - INFO - HTTP Request: POST http://testserver/api/v1/tasks/task-1eadba26/run "HTTP/1.1 400 Bad Request"
2026-09-13 14:54:25,883 - httpx2 - INFO - HTTP Request: POST http://testserver/api/v1/tasks/task-notexist/run "HTTP/1.1 404 Not Found"
2026-09-13 14:54:25,930 - httpx2 - INFO - HTTP Request: POST http://testserver/api/v1/tasks/task-925ab9ee/run "HTTP/1.1 200 OK"
2026-09-13 14:54:25,937 - httpx2 - INFO - HTTP Request: POST http://testserver/api/v1/tasks/task-925ab9ee/run "HTTP/1.1 409 Conflict"
2026-09-13 14:54:26,130 - httpx2 - INFO - HTTP Request: POST http://testserver/api/v1/knowledge/documents "HTTP/1.1 400 Bad Request"
2026-09-13 14:54:26,152 - httpx2 - INFO - HTTP Request: POST http://testserver/api/v1/knowledge/documents "HTTP/1.1 413 Request Entity Too Large"
2026-09-13 14:54:26,187 - httpx2 - INFO - HTTP Request: GET http://testserver/api/v1/tasks/task-abc/artifacts "HTTP/1.1 200 OK"
2026-09-13 14:54:26,194 - httpx2 - INFO - HTTP Request: GET http://testserver/api/v1/artifacts/art-123 "HTTP/1.1 200 OK"
2026-09-13 14:54:26,201 - httpx2 - INFO - HTTP Request: GET http://testserver/api/v1/artifacts/art-notexist "HTTP/1.1 404 Not Found"
2026-09-13 14:54:26,226 - httpx2 - INFO - HTTP Request: GET http://testserver/api/v1/artifacts/art-hack "HTTP/1.1 404 Not Found"
2026-09-13 14:54:26,839 - httpx2 - INFO - HTTP Request: POST http://testserver/api/v1/tasks "HTTP/1.1 200 OK"
2026-09-13 14:54:26,872 - httpx2 - INFO - HTTP Request: POST http://testserver/api/v1/knowledge/documents "HTTP/1.1 200 OK"
2026-09-13 14:54:26,897 - sovereign.llama_cpp.lifecycle - INFO - Switching deployment to 'Qwen3-8B'...
2026-09-13 14:54:26,897 - sovereign.llama_cpp.lifecycle - INFO - Loading deployment 'Qwen3-8B' with command: C:\Users\Dell\AppData\Local\Microsoft\WinGet\Packages\ggml.llamacpp_Microsoft.Winget.Source_8wekyb3d8bbwe\llama-server.exe -m C:\Users\Dell\.cache\huggingface\hub\models--Qwen--Qwen3-8B-GGUF\snapshots\7c41481f57cb95916b40956ab2f0b139b296d974\Qwen3-8B-Q4_K_M.gguf --port 8080 --host 127.0.0.1 -c 8192 -ngl 20
2026-09-13 14:54:36,607 - sovereign.llama_cpp.lifecycle - INFO - Deployment 'Qwen3-8B' loaded successfully and is ready.
2026-09-13 14:54:36,669 - httpx2 - INFO - HTTP Request: POST http://testserver/api/v1/tasks/task-9781c7c5/run "HTTP/1.1 200 OK"
2026-09-13 14:54:37,689 - httpx2 - INFO - HTTP Request: GET http://testserver/api/v1/tasks/task-9781c7c5 "HTTP/1.1 200 OK"
2026-09-13 14:54:37,714 - httpx2 - INFO - HTTP Request: GET http://testserver/api/v1/tasks/task-9781c7c5/artifacts "HTTP/1.1 200 OK"
2026-09-13 14:54:37,722 - httpx2 - INFO - HTTP Request: GET http://testserver/api/v1/artifacts/art-ffc5760c "HTTP/1.1 200 OK"
2026-09-13 14:54:38,053 - httpx2 - INFO - HTTP Request: POST http://testserver/api/v1/knowledge/documents "HTTP/1.1 400 Bad Request"
2026-09-13 14:54:38,069 - sovereign.llama_cpp.lifecycle - INFO - Switching deployment to 'Qwen3-8B'...
2026-09-13 14:54:38,070 - sovereign.llama_cpp.lifecycle - INFO - Loading deployment 'Qwen3-8B' with command: C:\Users\Dell\AppData\Local\Microsoft\WinGet\Packages\ggml.llamacpp_Microsoft.Winget.Source_8wekyb3d8bbwe\llama-server.exe -m C:\Users\Dell\.cache\huggingface\hub\models--Qwen--Qwen3-8B-GGUF\snapshots\7c41481f57cb95916b40956ab2f0b139b296d974\Qwen3-8B-Q4_K_M.gguf --port 8080 --host 127.0.0.1 -c 8192 -ngl 20
2026-09-13 14:54:38,091 - sovereign.llama_cpp.lifecycle - INFO - Deployment 'Qwen3-8B' loaded successfully and is ready.
2026-09-13 14:54:38,095 - httpx2 - INFO - HTTP Request: POST http://testserver/api/v1/knowledge/documents "HTTP/1.1 200 OK"
2026-09-13 14:54:38,562 - asyncio - DEBUG - Using proactor: IocpProactor
2026-09-13 14:54:38,573 - multipart.multipart - DEBUG - Calling on_part_begin with no data
2026-09-13 14:54:38,574 - multipart.multipart - DEBUG - Calling on_header_field with data[36:55]
2026-09-13 14:54:38,574 - multipart.multipart - DEBUG - Calling on_header_value with data[57:106]
2026-09-13 14:54:38,574 - multipart.multipart - DEBUG - Calling on_header_end with no data
2026-09-13 14:54:38,575 - multipart.multipart - DEBUG - Calling on_header_field with data[108:120]
2026-09-13 14:54:38,576 - multipart.multipart - DEBUG - Calling on_header_value with data[122:131]
2026-09-13 14:54:38,576 - multipart.multipart - DEBUG - Calling on_header_end with no data
2026-09-13 14:54:38,576 - multipart.multipart - DEBUG - Calling on_headers_finished with no data
2026-09-13 14:54:38,576 - multipart.multipart - DEBUG - Calling on_part_data with data[135:153]
2026-09-13 14:54:38,577 - multipart.multipart - DEBUG - Calling on_part_end with no data
2026-09-13 14:54:38,577 - multipart.multipart - DEBUG - Calling on_end with no data
2026-09-13 14:54:38,593 - httpx2 - INFO - HTTP Request: POST http://testserver/api/v1/knowledge/documents "HTTP/1.1 403 Forbidden"
2026-09-13 14:54:38,726 - sovereign.llama_cpp.lifecycle - INFO - Loading deployment 'Model1' with command: C:\Users\Dell\AppData\Local\Microsoft\WinGet\Packages\ggml.llamacpp_Microsoft.Winget.Source_8wekyb3d8bbwe\llama-server.exe -m C:\Users\Dell\AppData\Local\Temp\pytest-of-Dell\pytest-42\test_llama_cpp_adapter_and_lif0\model1.gguf --port 8080 --host 127.0.0.1 -c 2048 -ngl 10
2026-09-13 14:54:38,726 - sovereign.llama_cpp.lifecycle - INFO - Deployment 'Model1' loaded successfully and is ready.
2026-09-13 14:54:38,727 - sovereign.llama_cpp.lifecycle - INFO - Switching deployment to 'Model2'...
2026-09-13 14:54:38,727 - sovereign.llama_cpp.lifecycle - INFO - Stopping active llama-server deployment...
2026-09-13 14:54:38,729 - sovereign.llama_cpp.lifecycle - INFO - llama-server stopped.
2026-09-13 14:54:38,729 - sovereign.llama_cpp.lifecycle - INFO - Loading deployment 'Model2' with command: C:\Users\Dell\AppData\Local\Microsoft\WinGet\Packages\ggml.llamacpp_Microsoft.Winget.Source_8wekyb3d8bbwe\llama-server.exe -m C:\Users\Dell\AppData\Local\Temp\pytest-of-Dell\pytest-42\test_llama_cpp_adapter_and_lif0\model2.gguf --port 8081 --host 127.0.0.1 -c 4096 -ngl 20
2026-09-13 14:54:38,729 - sovereign.llama_cpp.lifecycle - INFO - Deployment 'Model2' loaded successfully and is ready.
2026-09-13 14:54:38,731 - sovereign.llama_cpp.lifecycle - INFO - Stopping active llama-server deployment...
2026-09-13 14:54:38,731 - sovereign.llama_cpp.lifecycle - INFO - llama-server stopped.
2026-09-13 14:54:44,214 - sovereign.llama_cpp.lifecycle - INFO - Loading deployment 'test-model' with command: mock-server.exe -m /fake/model.gguf --port 8080 --host 127.0.0.1 -c 8192 -ngl 20
2026-09-13 14:54:44,214 - sovereign.llama_cpp.lifecycle - INFO - Deployment 'test-model' loaded successfully and is ready.
2026-09-13 14:54:44,215 - sovereign.llama_cpp.lifecycle - INFO - Stopping active llama-server deployment...
2026-09-13 14:54:44,215 - sovereign.llama_cpp.lifecycle - INFO - llama-server stopped.
2026-09-13 14:54:44,216 - sovereign.llama_cpp.lifecycle - INFO - Loading deployment 'test-vision-model' with command: mock-server.exe -m /fake/model.gguf --port 8080 --host 127.0.0.1 -c 8192 -ngl 20 --mmproj /fake/projector.gguf
2026-09-13 14:54:44,217 - sovereign.llama_cpp.lifecycle - INFO - Deployment 'test-vision-model' loaded successfully and is ready.
2026-09-13 15:00:56,491 - httpx2 - INFO - HTTP Request: GET http://testserver/api/v1/health "HTTP/1.1 200 OK"
2026-09-13 15:00:56,531 - httpx2 - INFO - HTTP Request: POST http://testserver/api/v1/tasks "HTTP/1.1 200 OK"
2026-09-13 15:00:56,541 - httpx2 - INFO - HTTP Request: GET http://testserver/api/v1/tasks/task-1127c367 "HTTP/1.1 200 OK"
2026-09-13 15:00:56,558 - httpx2 - INFO - HTTP Request: POST http://testserver/api/v1/tasks "HTTP/1.1 422 Unprocessable Entity"
2026-09-13 15:00:56,578 - httpx2 - INFO - HTTP Request: GET http://testserver/api/v1/tasks/task-notexist "HTTP/1.1 404 Not Found"
2026-09-13 15:00:56,611 - httpx2 - INFO - HTTP Request: POST http://testserver/api/v1/tasks/task-0b3e10ff/run "HTTP/1.1 400 Bad Request"
2026-09-13 15:00:56,627 - httpx2 - INFO - HTTP Request: POST http://testserver/api/v1/tasks/task-0b3e10ff/run "HTTP/1.1 400 Bad Request"
2026-09-13 15:00:56,645 - httpx2 - INFO - HTTP Request: POST http://testserver/api/v1/tasks/task-0b3e10ff/run "HTTP/1.1 400 Bad Request"
2026-09-13 15:00:56,714 - httpx2 - INFO - HTTP Request: POST http://testserver/api/v1/tasks/task-0b3e10ff/run "HTTP/1.1 400 Bad Request"
2026-09-13 15:00:56,726 - httpx2 - INFO - HTTP Request: POST http://testserver/api/v1/tasks/task-notexist/run "HTTP/1.1 404 Not Found"
2026-09-13 15:00:56,757 - httpx2 - INFO - HTTP Request: POST http://testserver/api/v1/tasks/task-21b310be/run "HTTP/1.1 200 OK"
2026-09-13 15:00:56,771 - httpx2 - INFO - HTTP Request: POST http://testserver/api/v1/tasks/task-21b310be/run "HTTP/1.1 409 Conflict"
2026-09-13 15:00:57,046 - httpx2 - INFO - HTTP Request: POST http://testserver/api/v1/knowledge/documents "HTTP/1.1 400 Bad Request"
2026-09-13 15:00:57,065 - httpx2 - INFO - HTTP Request: POST http://testserver/api/v1/knowledge/documents "HTTP/1.1 413 Request Entity Too Large"
2026-09-13 15:00:57,085 - httpx2 - INFO - HTTP Request: GET http://testserver/api/v1/tasks/task-abc/artifacts "HTTP/1.1 200 OK"
2026-09-13 15:00:57,094 - httpx2 - INFO - HTTP Request: GET http://testserver/api/v1/artifacts/art-123 "HTTP/1.1 200 OK"
2026-09-13 15:00:57,102 - httpx2 - INFO - HTTP Request: GET http://testserver/api/v1/artifacts/art-notexist "HTTP/1.1 404 Not Found"
2026-09-13 15:00:57,130 - httpx2 - INFO - HTTP Request: GET http://testserver/api/v1/artifacts/art-hack "HTTP/1.1 404 Not Found"
2026-09-13 15:00:57,797 - httpx2 - INFO - HTTP Request: POST http://testserver/api/v1/tasks "HTTP/1.1 200 OK"
2026-09-13 15:00:57,830 - httpx2 - INFO - HTTP Request: POST http://testserver/api/v1/knowledge/documents "HTTP/1.1 200 OK"
2026-09-13 15:00:57,849 - sovereign.llama_cpp.lifecycle - INFO - Switching deployment to 'Qwen3-8B'...
2026-09-13 15:00:57,849 - sovereign.llama_cpp.lifecycle - INFO - Loading deployment 'Qwen3-8B' with command: C:\Users\Dell\AppData\Local\Microsoft\WinGet\Packages\ggml.llamacpp_Microsoft.Winget.Source_8wekyb3d8bbwe\llama-server.exe -m C:\Users\Dell\.cache\huggingface\hub\models--Qwen--Qwen3-8B-GGUF\snapshots\7c41481f57cb95916b40956ab2f0b139b296d974\Qwen3-8B-Q4_K_M.gguf --port 8080 --host 127.0.0.1 -c 8192 -ngl 20
2026-09-13 15:01:07,105 - sovereign.llama_cpp.lifecycle - INFO - Deployment 'Qwen3-8B' loaded successfully and is ready.
2026-09-13 15:01:07,174 - httpx2 - INFO - HTTP Request: POST http://testserver/api/v1/tasks/task-a0972193/run "HTTP/1.1 200 OK"
2026-09-13 15:01:08,186 - httpx2 - INFO - HTTP Request: GET http://testserver/api/v1/tasks/task-a0972193 "HTTP/1.1 200 OK"
2026-09-13 15:01:08,201 - httpx2 - INFO - HTTP Request: GET http://testserver/api/v1/tasks/task-a0972193/artifacts "HTTP/1.1 200 OK"
2026-09-13 15:01:08,211 - httpx2 - INFO - HTTP Request: GET http://testserver/api/v1/artifacts/art-2365445f "HTTP/1.1 200 OK"
2026-09-13 15:01:08,594 - httpx2 - INFO - HTTP Request: POST http://testserver/api/v1/knowledge/documents "HTTP/1.1 400 Bad Request"
2026-09-13 15:01:08,607 - sovereign.llama_cpp.lifecycle - INFO - Switching deployment to 'Qwen3-8B'...
2026-09-13 15:01:08,608 - sovereign.llama_cpp.lifecycle - INFO - Loading deployment 'Qwen3-8B' with command: C:\Users\Dell\AppData\Local\Microsoft\WinGet\Packages\ggml.llamacpp_Microsoft.Winget.Source_8wekyb3d8bbwe\llama-server.exe -m C:\Users\Dell\.cache\huggingface\hub\models--Qwen--Qwen3-8B-GGUF\snapshots\7c41481f57cb95916b40956ab2f0b139b296d974\Qwen3-8B-Q4_K_M.gguf --port 8080 --host 127.0.0.1 -c 8192 -ngl 20
2026-09-13 15:01:08,617 - sovereign.llama_cpp.lifecycle - INFO - Deployment 'Qwen3-8B' loaded successfully and is ready.
2026-09-13 15:01:08,627 - httpx2 - INFO - HTTP Request: POST http://testserver/api/v1/knowledge/documents "HTTP/1.1 200 OK"
2026-09-13 15:01:09,033 - asyncio - DEBUG - Using proactor: IocpProactor
2026-09-13 15:01:09,046 - multipart.multipart - DEBUG - Calling on_part_begin with no data
2026-09-13 15:01:09,047 - multipart.multipart - DEBUG - Calling on_header_field with data[36:55]
2026-09-13 15:01:09,048 - multipart.multipart - DEBUG - Calling on_header_value with data[57:106]
2026-09-13 15:01:09,048 - multipart.multipart - DEBUG - Calling on_header_end with no data
2026-09-13 15:01:09,049 - multipart.multipart - DEBUG - Calling on_header_field with data[108:120]
2026-09-13 15:01:09,050 - multipart.multipart - DEBUG - Calling on_header_value with data[122:131]
2026-09-13 15:01:09,051 - multipart.multipart - DEBUG - Calling on_header_end with no data
2026-09-13 15:01:09,051 - multipart.multipart - DEBUG - Calling on_headers_finished with no data
2026-09-13 15:01:09,053 - multipart.multipart - DEBUG - Calling on_part_data with data[135:153]
2026-09-13 15:01:09,053 - multipart.multipart - DEBUG - Calling on_part_end with no data
2026-09-13 15:01:09,053 - multipart.multipart - DEBUG - Calling on_end with no data
2026-09-13 15:01:09,071 - httpx2 - INFO - HTTP Request: POST http://testserver/api/v1/knowledge/documents "HTTP/1.1 403 Forbidden"
2026-09-13 15:01:09,239 - sovereign.llama_cpp.lifecycle - INFO - Loading deployment 'Model1' with command: C:\Users\Dell\AppData\Local\Microsoft\WinGet\Packages\ggml.llamacpp_Microsoft.Winget.Source_8wekyb3d8bbwe\llama-server.exe -m C:\Users\Dell\AppData\Local\Temp\pytest-of-Dell\pytest-43\test_llama_cpp_adapter_and_lif0\model1.gguf --port 8080 --host 127.0.0.1 -c 2048 -ngl 10
2026-09-13 15:01:09,241 - sovereign.llama_cpp.lifecycle - INFO - Deployment 'Model1' loaded successfully and is ready.
2026-09-13 15:01:09,242 - sovereign.llama_cpp.lifecycle - INFO - Switching deployment to 'Model2'...
2026-09-13 15:01:09,243 - sovereign.llama_cpp.lifecycle - INFO - Stopping active llama-server deployment...
2026-09-13 15:01:09,252 - sovereign.llama_cpp.lifecycle - INFO - llama-server stopped.
2026-09-13 15:01:09,254 - sovereign.llama_cpp.lifecycle - INFO - Loading deployment 'Model2' with command: C:\Users\Dell\AppData\Local\Microsoft\WinGet\Packages\ggml.llamacpp_Microsoft.Winget.Source_8wekyb3d8bbwe\llama-server.exe -m C:\Users\Dell\AppData\Local\Temp\pytest-of-Dell\pytest-43\test_llama_cpp_adapter_and_lif0\model2.gguf --port 8081 --host 127.0.0.1 -c 4096 -ngl 20
2026-09-13 15:01:09,272 - sovereign.llama_cpp.lifecycle - INFO - Deployment 'Model2' loaded successfully and is ready.
2026-09-13 15:01:09,274 - sovereign.llama_cpp.lifecycle - INFO - Stopping active llama-server deployment...
2026-09-13 15:01:09,275 - sovereign.llama_cpp.lifecycle - INFO - llama-server stopped.
2026-09-13 15:01:15,246 - sovereign.llama_cpp.lifecycle - INFO - Loading deployment 'test-model' with command: mock-server.exe -m /fake/model.gguf --port 8080 --host 127.0.0.1 -c 8192 -ngl 20
2026-09-13 15:01:15,247 - sovereign.llama_cpp.lifecycle - INFO - Deployment 'test-model' loaded successfully and is ready.
2026-09-13 15:01:15,248 - sovereign.llama_cpp.lifecycle - INFO - Stopping active llama-server deployment...
2026-09-13 15:01:15,248 - sovereign.llama_cpp.lifecycle - INFO - llama-server stopped.
2026-09-13 15:01:15,249 - sovereign.llama_cpp.lifecycle - INFO - Loading deployment 'test-vision-model' with command: mock-server.exe -m /fake/model.gguf --port 8080 --host 127.0.0.1 -c 8192 -ngl 20 --mmproj /fake/projector.gguf
2026-09-13 15:01:15,249 - sovereign.llama_cpp.lifecycle - INFO - Deployment 'test-vision-model' loaded successfully and is ready.
2026-09-13 16:08:17,271 - httpx2 - INFO - HTTP Request: GET http://testserver/api/v1/health "HTTP/1.1 200 OK"
2026-09-13 16:08:17,315 - httpx2 - INFO - HTTP Request: POST http://testserver/api/v1/tasks "HTTP/1.1 200 OK"
2026-09-13 16:08:17,322 - httpx2 - INFO - HTTP Request: GET http://testserver/api/v1/tasks/task-c43b1c0e "HTTP/1.1 200 OK"
2026-09-13 16:08:17,338 - httpx2 - INFO - HTTP Request: POST http://testserver/api/v1/tasks "HTTP/1.1 422 Unprocessable Entity"
2026-09-13 16:08:17,365 - httpx2 - INFO - HTTP Request: GET http://testserver/api/v1/tasks/task-notexist "HTTP/1.1 404 Not Found"
2026-09-13 16:08:17,393 - httpx2 - INFO - HTTP Request: POST http://testserver/api/v1/tasks/task-f6a05073/run "HTTP/1.1 400 Bad Request"
2026-09-13 16:08:17,413 - httpx2 - INFO - HTTP Request: POST http://testserver/api/v1/tasks/task-f6a05073/run "HTTP/1.1 400 Bad Request"
2026-09-13 16:08:17,443 - httpx2 - INFO - HTTP Request: POST http://testserver/api/v1/tasks/task-f6a05073/run "HTTP/1.1 400 Bad Request"
2026-09-13 16:08:17,458 - httpx2 - INFO - HTTP Request: POST http://testserver/api/v1/tasks/task-f6a05073/run "HTTP/1.1 400 Bad Request"
2026-09-13 16:08:17,462 - httpx2 - INFO - HTTP Request: POST http://testserver/api/v1/tasks/task-notexist/run "HTTP/1.1 404 Not Found"
2026-09-13 16:08:17,514 - httpx2 - INFO - HTTP Request: POST http://testserver/api/v1/tasks/task-f9d5fdfc/run "HTTP/1.1 200 OK"
2026-09-13 16:08:17,521 - httpx2 - INFO - HTTP Request: POST http://testserver/api/v1/tasks/task-f9d5fdfc/run "HTTP/1.1 409 Conflict"
2026-09-13 16:08:17,684 - httpx2 - INFO - HTTP Request: POST http://testserver/api/v1/knowledge/documents "HTTP/1.1 400 Bad Request"
2026-09-13 16:08:17,707 - httpx2 - INFO - HTTP Request: POST http://testserver/api/v1/knowledge/documents "HTTP/1.1 413 Request Entity Too Large"
2026-09-13 16:08:17,738 - httpx2 - INFO - HTTP Request: GET http://testserver/api/v1/tasks/task-abc/artifacts "HTTP/1.1 200 OK"
2026-09-13 16:08:17,745 - httpx2 - INFO - HTTP Request: GET http://testserver/api/v1/artifacts/art-123 "HTTP/1.1 200 OK"
2026-09-13 16:08:17,751 - httpx2 - INFO - HTTP Request: GET http://testserver/api/v1/artifacts/art-notexist "HTTP/1.1 404 Not Found"
2026-09-13 16:08:17,768 - httpx2 - INFO - HTTP Request: GET http://testserver/api/v1/artifacts/art-hack "HTTP/1.1 404 Not Found"
2026-09-13 16:08:18,284 - httpx2 - INFO - HTTP Request: POST http://testserver/api/v1/tasks "HTTP/1.1 200 OK"
2026-09-13 16:08:18,316 - httpx2 - INFO - HTTP Request: POST http://testserver/api/v1/knowledge/documents "HTTP/1.1 200 OK"
2026-09-13 16:08:18,331 - sovereign.llama_cpp.lifecycle - INFO - Switching deployment to 'Qwen3-8B'...
2026-09-13 16:08:18,331 - sovereign.llama_cpp.lifecycle - INFO - Loading deployment 'Qwen3-8B' with command: C:\Users\Dell\AppData\Local\Microsoft\WinGet\Packages\ggml.llamacpp_Microsoft.Winget.Source_8wekyb3d8bbwe\llama-server.exe -m C:\Users\Dell\.cache\huggingface\hub\models--Qwen--Qwen3-8B-GGUF\snapshots\7c41481f57cb95916b40956ab2f0b139b296d974\Qwen3-8B-Q4_K_M.gguf --port 8080 --host 127.0.0.1 -c 8192 -ngl 20
2026-09-13 16:08:26,066 - sovereign.llama_cpp.lifecycle - INFO - Deployment 'Qwen3-8B' loaded successfully and is ready.
2026-09-13 16:08:26,123 - httpx2 - INFO - HTTP Request: POST http://testserver/api/v1/tasks/task-88660d1e/run "HTTP/1.1 200 OK"
2026-09-13 16:08:27,134 - httpx2 - INFO - HTTP Request: GET http://testserver/api/v1/tasks/task-88660d1e "HTTP/1.1 200 OK"
2026-09-13 16:08:27,148 - httpx2 - INFO - HTTP Request: GET http://testserver/api/v1/tasks/task-88660d1e/artifacts "HTTP/1.1 200 OK"
2026-09-13 16:08:27,155 - httpx2 - INFO - HTTP Request: GET http://testserver/api/v1/artifacts/art-b2940027 "HTTP/1.1 200 OK"
2026-09-13 16:08:27,463 - httpx2 - INFO - HTTP Request: POST http://testserver/api/v1/knowledge/documents "HTTP/1.1 400 Bad Request"
2026-09-13 16:08:27,474 - sovereign.llama_cpp.lifecycle - INFO - Switching deployment to 'Qwen3-8B'...
2026-09-13 16:08:27,474 - sovereign.llama_cpp.lifecycle - INFO - Loading deployment 'Qwen3-8B' with command: C:\Users\Dell\AppData\Local\Microsoft\WinGet\Packages\ggml.llamacpp_Microsoft.Winget.Source_8wekyb3d8bbwe\llama-server.exe -m C:\Users\Dell\.cache\huggingface\hub\models--Qwen--Qwen3-8B-GGUF\snapshots\7c41481f57cb95916b40956ab2f0b139b296d974\Qwen3-8B-Q4_K_M.gguf --port 8080 --host 127.0.0.1 -c 8192 -ngl 20
2026-09-13 16:08:27,479 - sovereign.llama_cpp.lifecycle - INFO - Deployment 'Qwen3-8B' loaded successfully and is ready.
2026-09-13 16:08:27,481 - httpx2 - INFO - HTTP Request: POST http://testserver/api/v1/knowledge/documents "HTTP/1.1 200 OK"
2026-09-13 16:08:27,865 - asyncio - DEBUG - Using proactor: IocpProactor
2026-09-13 16:08:27,874 - multipart.multipart - DEBUG - Calling on_part_begin with no data
2026-09-13 16:08:27,875 - multipart.multipart - DEBUG - Calling on_header_field with data[36:55]
2026-09-13 16:08:27,875 - multipart.multipart - DEBUG - Calling on_header_value with data[57:106]
2026-09-13 16:08:27,875 - multipart.multipart - DEBUG - Calling on_header_end with no data
2026-09-13 16:08:27,875 - multipart.multipart - DEBUG - Calling on_header_field with data[108:120]
2026-09-13 16:08:27,876 - multipart.multipart - DEBUG - Calling on_header_value with data[122:131]
2026-09-13 16:08:27,876 - multipart.multipart - DEBUG - Calling on_header_end with no data
2026-09-13 16:08:27,877 - multipart.multipart - DEBUG - Calling on_headers_finished with no data
2026-09-13 16:08:27,877 - multipart.multipart - DEBUG - Calling on_part_data with data[135:153]
2026-09-13 16:08:27,877 - multipart.multipart - DEBUG - Calling on_part_end with no data
2026-09-13 16:08:27,878 - multipart.multipart - DEBUG - Calling on_end with no data
2026-09-13 16:08:27,891 - httpx2 - INFO - HTTP Request: POST http://testserver/api/v1/knowledge/documents "HTTP/1.1 403 Forbidden"
2026-09-13 16:08:28,021 - sovereign.llama_cpp.lifecycle - INFO - Loading deployment 'Model1' with command: C:\Users\Dell\AppData\Local\Microsoft\WinGet\Packages\ggml.llamacpp_Microsoft.Winget.Source_8wekyb3d8bbwe\llama-server.exe -m C:\Users\Dell\AppData\Local\Temp\pytest-of-Dell\pytest-44\test_llama_cpp_adapter_and_lif0\model1.gguf --port 8080 --host 127.0.0.1 -c 2048 -ngl 10
2026-09-13 16:08:28,022 - sovereign.llama_cpp.lifecycle - INFO - Deployment 'Model1' loaded successfully and is ready.
2026-09-13 16:08:28,023 - sovereign.llama_cpp.lifecycle - INFO - Switching deployment to 'Model2'...
2026-09-13 16:08:28,023 - sovereign.llama_cpp.lifecycle - INFO - Stopping active llama-server deployment...
2026-09-13 16:08:28,023 - sovereign.llama_cpp.lifecycle - INFO - llama-server stopped.
2026-09-13 16:08:28,023 - sovereign.llama_cpp.lifecycle - INFO - Loading deployment 'Model2' with command: C:\Users\Dell\AppData\Local\Microsoft\WinGet\Packages\ggml.llamacpp_Microsoft.Winget.Source_8wekyb3d8bbwe\llama-server.exe -m C:\Users\Dell\AppData\Local\Temp\pytest-of-Dell\pytest-44\test_llama_cpp_adapter_and_lif0\model2.gguf --port 8081 --host 127.0.0.1 -c 4096 -ngl 20
2026-09-13 16:08:28,024 - sovereign.llama_cpp.lifecycle - INFO - Deployment 'Model2' loaded successfully and is ready.
2026-09-13 16:08:28,024 - sovereign.llama_cpp.lifecycle - INFO - Stopping active llama-server deployment...
2026-09-13 16:08:28,024 - sovereign.llama_cpp.lifecycle - INFO - llama-server stopped.
2026-09-13 16:08:33,952 - sovereign.llama_cpp.lifecycle - INFO - Loading deployment 'test-model' with command: mock-server.exe -m /fake/model.gguf --port 8080 --host 127.0.0.1 -c 8192 -ngl 20
2026-09-13 16:08:33,953 - sovereign.llama_cpp.lifecycle - INFO - Deployment 'test-model' loaded successfully and is ready.
2026-09-13 16:08:33,953 - sovereign.llama_cpp.lifecycle - INFO - Stopping active llama-server deployment...
2026-09-13 16:08:33,953 - sovereign.llama_cpp.lifecycle - INFO - llama-server stopped.
2026-09-13 16:08:33,954 - sovereign.llama_cpp.lifecycle - INFO - Loading deployment 'test-vision-model' with command: mock-server.exe -m /fake/model.gguf --port 8080 --host 127.0.0.1 -c 8192 -ngl 20 --mmproj /fake/projector.gguf
2026-09-13 16:08:33,954 - sovereign.llama_cpp.lifecycle - INFO - Deployment 'test-vision-model' loaded successfully and is ready.
2026-09-13 22:40:09,294 - sovereign.llama_cpp.lifecycle - INFO - Loading deployment 'Llama-3.2-3B-Instruct' with command: C:\Users\Dell\AppData\Local\Microsoft\WinGet\Packages\ggml.llamacpp_Microsoft.Winget.Source_8wekyb3d8bbwe\llama-server.exe -m C:\Users\Dell\.cache\huggingface\hub\models--bartowski--Llama-3.2-3B-Instruct-GGUF\snapshots\5ab33fa94d1d04e903623ae72c95d1696f09f9e8\Llama-3.2-3B-Instruct-Q4_K_M.gguf --port 8080 --host 127.0.0.1 -c 8192 -ngl 20
2026-09-13 22:40:17,064 - sovereign.llama_cpp.lifecycle - INFO - Deployment 'Llama-3.2-3B-Instruct' loaded successfully and is ready.
2026-09-13 22:40:19,642 - sovereign.llama_cpp.lifecycle - INFO - Stopping active llama-server deployment...
2026-09-13 22:40:20,243 - sovereign.llama_cpp.lifecycle - INFO - llama-server stopped.
2026-09-13 22:45:42,284 - sovereign.llama_cpp.lifecycle - INFO - Loading deployment 'Llama-3.2-3B-Instruct' with command: C:\Users\Dell\AppData\Local\Microsoft\WinGet\Packages\ggml.llamacpp_Microsoft.Winget.Source_8wekyb3d8bbwe\llama-server.exe -m C:\Users\Dell\.cache\huggingface\hub\models--bartowski--Llama-3.2-3B-Instruct-GGUF\snapshots\5ab33fa94d1d04e903623ae72c95d1696f09f9e8\Llama-3.2-3B-Instruct-Q4_K_M.gguf --port 8080 --host 127.0.0.1 -c 8192 -ngl 20
2026-09-13 22:45:48,996 - sovereign.llama_cpp.lifecycle - INFO - Deployment 'Llama-3.2-3B-Instruct' loaded successfully and is ready.
2026-09-13 22:46:34,976 - sovereign.llama_cpp.lifecycle - INFO - Stopping active llama-server deployment...
2026-09-13 22:46:35,524 - sovereign.llama_cpp.lifecycle - INFO - llama-server stopped.
2026-09-13 22:47:51,735 - httpx - INFO - HTTP Request: GET http://testserver/api/v1/health "HTTP/1.1 200 OK"
2026-09-13 22:47:51,775 - httpx - INFO - HTTP Request: POST http://testserver/api/v1/tasks "HTTP/1.1 200 OK"
2026-09-13 22:47:51,785 - httpx - INFO - HTTP Request: GET http://testserver/api/v1/tasks/task-a8ff3b89 "HTTP/1.1 200 OK"
2026-09-13 22:47:51,801 - httpx - INFO - HTTP Request: POST http://testserver/api/v1/tasks "HTTP/1.1 422 Unprocessable Entity"
2026-09-13 22:47:51,823 - httpx - INFO - HTTP Request: GET http://testserver/api/v1/tasks/task-notexist "HTTP/1.1 404 Not Found"
2026-09-13 22:47:51,864 - httpx - INFO - HTTP Request: POST http://testserver/api/v1/tasks/task-5293871f/run "HTTP/1.1 400 Bad Request"
2026-09-13 22:47:51,880 - httpx - INFO - HTTP Request: POST http://testserver/api/v1/tasks/task-5293871f/run "HTTP/1.1 400 Bad Request"
2026-09-13 22:47:51,898 - httpx - INFO - HTTP Request: POST http://testserver/api/v1/tasks/task-5293871f/run "HTTP/1.1 400 Bad Request"
2026-09-13 22:47:51,922 - httpx - INFO - HTTP Request: POST http://testserver/api/v1/tasks/task-5293871f/run "HTTP/1.1 400 Bad Request"
2026-09-13 22:47:51,939 - httpx - INFO - HTTP Request: POST http://testserver/api/v1/tasks/task-notexist/run "HTTP/1.1 404 Not Found"
2026-09-13 22:47:51,978 - httpx - INFO - HTTP Request: POST http://testserver/api/v1/tasks/task-a66438fb/run "HTTP/1.1 200 OK"
2026-09-13 22:47:51,988 - httpx - INFO - HTTP Request: POST http://testserver/api/v1/tasks/task-a66438fb/run "HTTP/1.1 409 Conflict"
2026-09-13 22:47:52,231 - httpx - INFO - HTTP Request: POST http://testserver/api/v1/knowledge/documents "HTTP/1.1 400 Bad Request"
2026-09-13 22:47:52,267 - httpx - INFO - HTTP Request: POST http://testserver/api/v1/knowledge/documents "HTTP/1.1 413 Request Entity Too Large"
2026-09-13 22:47:52,297 - httpx - INFO - HTTP Request: GET http://testserver/api/v1/tasks/task-abc/artifacts "HTTP/1.1 200 OK"
2026-09-13 22:47:52,298 - httpx - INFO - HTTP Request: GET http://testserver/api/v1/artifacts/art-123 "HTTP/1.1 200 OK"
2026-09-13 22:47:52,306 - httpx - INFO - HTTP Request: GET http://testserver/api/v1/artifacts/art-notexist "HTTP/1.1 404 Not Found"
2026-09-13 22:47:52,330 - httpx - INFO - HTTP Request: GET http://testserver/api/v1/artifacts/art-hack "HTTP/1.1 404 Not Found"
2026-09-13 22:47:52,938 - httpx - INFO - HTTP Request: POST http://testserver/api/v1/tasks "HTTP/1.1 200 OK"
2026-09-13 22:47:52,979 - httpx - INFO - HTTP Request: POST http://testserver/api/v1/knowledge/documents "HTTP/1.1 200 OK"
2026-09-13 22:47:52,995 - sovereign.llama_cpp.lifecycle - INFO - Switching deployment to 'Llama-3.2-3B-Instruct'...
2026-09-13 22:47:52,997 - sovereign.llama_cpp.lifecycle - INFO - Loading deployment 'Llama-3.2-3B-Instruct' with command: C:\Users\Dell\AppData\Local\Microsoft\WinGet\Packages\ggml.llamacpp_Microsoft.Winget.Source_8wekyb3d8bbwe\llama-server.exe -m C:\Users\Dell\.cache\huggingface\hub\models--bartowski--Llama-3.2-3B-Instruct-GGUF\snapshots\5ab33fa94d1d04e903623ae72c95d1696f09f9e8\Llama-3.2-3B-Instruct-Q4_K_M.gguf --port 8080 --host 127.0.0.1 -c 8192 -ngl 20
2026-09-13 22:47:59,195 - sovereign.llama_cpp.lifecycle - INFO - Deployment 'Llama-3.2-3B-Instruct' loaded successfully and is ready.
2026-09-13 22:47:59,301 - httpx - INFO - HTTP Request: POST http://testserver/api/v1/tasks/task-5181c27c/run "HTTP/1.1 200 OK"
2026-09-13 22:48:00,317 - httpx - INFO - HTTP Request: GET http://testserver/api/v1/tasks/task-5181c27c "HTTP/1.1 200 OK"
2026-09-13 22:48:00,336 - httpx - INFO - HTTP Request: GET http://testserver/api/v1/tasks/task-5181c27c/artifacts "HTTP/1.1 200 OK"
2026-09-13 22:48:00,345 - httpx - INFO - HTTP Request: GET http://testserver/api/v1/artifacts/art-b69a9e6a "HTTP/1.1 200 OK"
2026-09-13 22:48:00,744 - httpx - INFO - HTTP Request: POST http://testserver/api/v1/knowledge/documents "HTTP/1.1 400 Bad Request"
2026-09-13 22:48:00,755 - sovereign.llama_cpp.lifecycle - INFO - Switching deployment to 'Llama-3.2-3B-Instruct'...
2026-09-13 22:48:00,755 - sovereign.llama_cpp.lifecycle - INFO - Loading deployment 'Llama-3.2-3B-Instruct' with command: C:\Users\Dell\AppData\Local\Microsoft\WinGet\Packages\ggml.llamacpp_Microsoft.Winget.Source_8wekyb3d8bbwe\llama-server.exe -m C:\Users\Dell\.cache\huggingface\hub\models--bartowski--Llama-3.2-3B-Instruct-GGUF\snapshots\5ab33fa94d1d04e903623ae72c95d1696f09f9e8\Llama-3.2-3B-Instruct-Q4_K_M.gguf --port 8080 --host 127.0.0.1 -c 8192 -ngl 20
2026-09-13 22:48:00,776 - sovereign.llama_cpp.lifecycle - INFO - Deployment 'Llama-3.2-3B-Instruct' loaded successfully and is ready.
2026-09-13 22:48:00,779 - httpx - INFO - HTTP Request: POST http://testserver/api/v1/knowledge/documents "HTTP/1.1 200 OK"
2026-09-13 22:48:01,183 - asyncio - DEBUG - Using proactor: IocpProactor
2026-09-13 22:48:01,211 - httpx - INFO - HTTP Request: POST http://testserver/api/v1/knowledge/documents "HTTP/1.1 403 Forbidden"
2026-09-13 22:48:01,341 - sovereign.llama_cpp.lifecycle - INFO - Loading deployment 'Model1' with command: C:\Users\Dell\AppData\Local\Microsoft\WinGet\Packages\ggml.llamacpp_Microsoft.Winget.Source_8wekyb3d8bbwe\llama-server.exe -m C:\Users\Dell\AppData\Local\Temp\pytest-of-Dell\pytest-45\test_llama_cpp_adapter_and_lif0\model1.gguf --port 8080 --host 127.0.0.1 -c 2048 -ngl 10
2026-09-13 22:48:01,342 - sovereign.llama_cpp.lifecycle - INFO - Deployment 'Model1' loaded successfully and is ready.
2026-09-13 22:48:01,342 - sovereign.llama_cpp.lifecycle - INFO - Switching deployment to 'Model2'...
2026-09-13 22:48:01,343 - sovereign.llama_cpp.lifecycle - INFO - Stopping active llama-server deployment...
2026-09-13 22:48:01,344 - sovereign.llama_cpp.lifecycle - INFO - llama-server stopped.
2026-09-13 22:48:01,344 - sovereign.llama_cpp.lifecycle - INFO - Loading deployment 'Model2' with command: C:\Users\Dell\AppData\Local\Microsoft\WinGet\Packages\ggml.llamacpp_Microsoft.Winget.Source_8wekyb3d8bbwe\llama-server.exe -m C:\Users\Dell\AppData\Local\Temp\pytest-of-Dell\pytest-45\test_llama_cpp_adapter_and_lif0\model2.gguf --port 8081 --host 127.0.0.1 -c 4096 -ngl 20
2026-09-13 22:48:01,344 - sovereign.llama_cpp.lifecycle - INFO - Deployment 'Model2' loaded successfully and is ready.
2026-09-13 22:48:01,345 - sovereign.llama_cpp.lifecycle - INFO - Stopping active llama-server deployment...
2026-09-13 22:48:01,345 - sovereign.llama_cpp.lifecycle - INFO - llama-server stopped.
2026-09-13 22:48:06,878 - sovereign.llama_cpp.lifecycle - INFO - Loading deployment 'test-model' with command: mock-server.exe -m /fake/model.gguf --port 8080 --host 127.0.0.1 -c 8192 -ngl 20
2026-09-13 22:48:06,878 - sovereign.llama_cpp.lifecycle - INFO - Deployment 'test-model' loaded successfully and is ready.
2026-09-13 22:48:06,879 - sovereign.llama_cpp.lifecycle - INFO - Stopping active llama-server deployment...
2026-09-13 22:48:06,879 - sovereign.llama_cpp.lifecycle - INFO - llama-server stopped.
2026-09-13 22:48:06,879 - sovereign.llama_cpp.lifecycle - INFO - Loading deployment 'test-vision-model' with command: mock-server.exe -m /fake/model.gguf --port 8080 --host 127.0.0.1 -c 8192 -ngl 20 --mmproj /fake/projector.gguf
2026-09-13 22:48:06,879 - sovereign.llama_cpp.lifecycle - INFO - Deployment 'test-vision-model' loaded successfully and is ready.
2026-09-13 22:53:10,681 - httpx - INFO - HTTP Request: GET http://testserver/api/v1/health "HTTP/1.1 200 OK"
2026-09-13 22:53:10,718 - httpx - INFO - HTTP Request: POST http://testserver/api/v1/tasks "HTTP/1.1 200 OK"
2026-09-13 22:53:10,727 - httpx - INFO - HTTP Request: GET http://testserver/api/v1/tasks/task-d811b3c9 "HTTP/1.1 200 OK"
2026-09-13 22:53:10,754 - httpx - INFO - HTTP Request: POST http://testserver/api/v1/tasks "HTTP/1.1 422 Unprocessable Entity"
2026-09-13 22:53:10,776 - httpx - INFO - HTTP Request: GET http://testserver/api/v1/tasks/task-notexist "HTTP/1.1 404 Not Found"
2026-09-13 22:53:10,816 - httpx - INFO - HTTP Request: POST http://testserver/api/v1/tasks/task-92f0d376/run "HTTP/1.1 400 Bad Request"
2026-09-13 22:53:10,843 - httpx - INFO - HTTP Request: POST http://testserver/api/v1/tasks/task-92f0d376/run "HTTP/1.1 400 Bad Request"
2026-09-13 22:53:10,870 - httpx - INFO - HTTP Request: POST http://testserver/api/v1/tasks/task-92f0d376/run "HTTP/1.1 400 Bad Request"
2026-09-13 22:53:10,893 - httpx - INFO - HTTP Request: POST http://testserver/api/v1/tasks/task-92f0d376/run "HTTP/1.1 400 Bad Request"
2026-09-13 22:53:10,905 - httpx - INFO - HTTP Request: POST http://testserver/api/v1/tasks/task-notexist/run "HTTP/1.1 404 Not Found"
2026-09-13 22:53:12,191 - httpx - INFO - HTTP Request: POST http://testserver/api/v1/knowledge/documents "HTTP/1.1 400 Bad Request"
2026-09-13 22:53:12,214 - httpx - INFO - HTTP Request: POST http://testserver/api/v1/knowledge/documents "HTTP/1.1 413 Request Entity Too Large"
2026-09-13 22:53:12,238 - httpx - INFO - HTTP Request: GET http://testserver/api/v1/tasks/task-abc/artifacts "HTTP/1.1 200 OK"
2026-09-13 22:53:12,246 - httpx - INFO - HTTP Request: GET http://testserver/api/v1/artifacts/art-123 "HTTP/1.1 200 OK"
2026-09-13 22:53:12,254 - httpx - INFO - HTTP Request: GET http://testserver/api/v1/artifacts/art-notexist "HTTP/1.1 404 Not Found"
2026-09-13 22:53:12,284 - httpx - INFO - HTTP Request: GET http://testserver/api/v1/artifacts/art-hack "HTTP/1.1 404 Not Found"
2026-09-13 22:53:12,839 - httpx - INFO - HTTP Request: POST http://testserver/api/v1/tasks "HTTP/1.1 200 OK"
2026-09-13 22:53:12,873 - httpx - INFO - HTTP Request: POST http://testserver/api/v1/knowledge/documents "HTTP/1.1 200 OK"
2026-09-13 22:53:12,888 - sovereign.llama_cpp.lifecycle - INFO - Switching deployment to 'Llama-3.2-3B-Instruct'...
2026-09-13 22:53:12,888 - sovereign.llama_cpp.lifecycle - INFO - Loading deployment 'Llama-3.2-3B-Instruct' with command: C:\Users\Dell\AppData\Local\Microsoft\WinGet\Packages\ggml.llamacpp_Microsoft.Winget.Source_8wekyb3d8bbwe\llama-server.exe -m C:\Users\Dell\.cache\huggingface\hub\models--bartowski--Llama-3.2-3B-Instruct-GGUF\snapshots\5ab33fa94d1d04e903623ae72c95d1696f09f9e8\Llama-3.2-3B-Instruct-Q4_K_M.gguf --port 8080 --host 127.0.0.1 -c 8192 -ngl 20
2026-09-13 22:53:18,550 - sovereign.llama_cpp.lifecycle - INFO - Deployment 'Llama-3.2-3B-Instruct' loaded successfully and is ready.
2026-09-13 22:53:19,653 - httpx - INFO - HTTP Request: POST http://testserver/api/v1/knowledge/documents "HTTP/1.1 400 Bad Request"
2026-09-13 22:53:19,670 - sovereign.llama_cpp.lifecycle - INFO - Switching deployment to 'Llama-3.2-3B-Instruct'...
2026-09-13 22:53:19,671 - sovereign.llama_cpp.lifecycle - INFO - Loading deployment 'Llama-3.2-3B-Instruct' with command: C:\Users\Dell\AppData\Local\Microsoft\WinGet\Packages\ggml.llamacpp_Microsoft.Winget.Source_8wekyb3d8bbwe\llama-server.exe -m C:\Users\Dell\.cache\huggingface\hub\models--bartowski--Llama-3.2-3B-Instruct-GGUF\snapshots\5ab33fa94d1d04e903623ae72c95d1696f09f9e8\Llama-3.2-3B-Instruct-Q4_K_M.gguf --port 8080 --host 127.0.0.1 -c 8192 -ngl 20
2026-09-13 22:53:19,690 - sovereign.llama_cpp.lifecycle - INFO - Deployment 'Llama-3.2-3B-Instruct' loaded successfully and is ready.
2026-09-13 22:53:19,693 - httpx - INFO - HTTP Request: POST http://testserver/api/v1/knowledge/documents "HTTP/1.1 200 OK"
2026-09-13 22:53:20,085 - asyncio - DEBUG - Using proactor: IocpProactor
2026-09-13 22:53:20,109 - httpx - INFO - HTTP Request: POST http://testserver/api/v1/knowledge/documents "HTTP/1.1 403 Forbidden"
2026-09-13 22:53:20,241 - sovereign.llama_cpp.lifecycle - INFO - Loading deployment 'Model1' with command: C:\Users\Dell\AppData\Local\Microsoft\WinGet\Packages\ggml.llamacpp_Microsoft.Winget.Source_8wekyb3d8bbwe\llama-server.exe -m C:\Users\Dell\AppData\Local\Temp\pytest-of-Dell\pytest-46\test_llama_cpp_adapter_and_lif0\model1.gguf --port 8080 --host 127.0.0.1 -c 2048 -ngl 10
2026-09-13 22:53:20,241 - sovereign.llama_cpp.lifecycle - INFO - Deployment 'Model1' loaded successfully and is ready.
2026-09-13 22:53:20,242 - sovereign.llama_cpp.lifecycle - INFO - Switching deployment to 'Model2'...
2026-09-13 22:53:20,242 - sovereign.llama_cpp.lifecycle - INFO - Stopping active llama-server deployment...
2026-09-13 22:53:20,243 - sovereign.llama_cpp.lifecycle - INFO - llama-server stopped.
2026-09-13 22:53:20,244 - sovereign.llama_cpp.lifecycle - INFO - Loading deployment 'Model2' with command: C:\Users\Dell\AppData\Local\Microsoft\WinGet\Packages\ggml.llamacpp_Microsoft.Winget.Source_8wekyb3d8bbwe\llama-server.exe -m C:\Users\Dell\AppData\Local\Temp\pytest-of-Dell\pytest-46\test_llama_cpp_adapter_and_lif0\model2.gguf --port 8081 --host 127.0.0.1 -c 4096 -ngl 20
2026-09-13 22:53:20,244 - sovereign.llama_cpp.lifecycle - INFO - Deployment 'Model2' loaded successfully and is ready.
2026-09-13 22:53:20,245 - sovereign.llama_cpp.lifecycle - INFO - Stopping active llama-server deployment...
2026-09-13 22:53:20,245 - sovereign.llama_cpp.lifecycle - INFO - llama-server stopped.
2026-09-13 22:53:25,711 - sovereign.llama_cpp.lifecycle - INFO - Loading deployment 'test-model' with command: mock-server.exe -m /fake/model.gguf --port 8080 --host 127.0.0.1 -c 8192 -ngl 20
2026-09-13 22:53:25,712 - sovereign.llama_cpp.lifecycle - INFO - Deployment 'test-model' loaded successfully and is ready.
2026-09-13 22:53:25,712 - sovereign.llama_cpp.lifecycle - INFO - Stopping active llama-server deployment...
2026-09-13 22:53:25,713 - sovereign.llama_cpp.lifecycle - INFO - llama-server stopped.
2026-09-13 22:53:25,713 - sovereign.llama_cpp.lifecycle - INFO - Loading deployment 'test-vision-model' with command: mock-server.exe -m /fake/model.gguf --port 8080 --host 127.0.0.1 -c 8192 -ngl 20 --mmproj /fake/projector.gguf
2026-09-13 22:53:25,713 - sovereign.llama_cpp.lifecycle - INFO - Deployment 'test-vision-model' loaded successfully and is ready.
2026-09-13 22:54:58,517 - httpx - INFO - HTTP Request: GET http://testserver/api/v1/health "HTTP/1.1 200 OK"
2026-09-13 22:54:58,558 - httpx - INFO - HTTP Request: POST http://testserver/api/v1/tasks "HTTP/1.1 200 OK"
2026-09-13 22:54:58,567 - httpx - INFO - HTTP Request: GET http://testserver/api/v1/tasks/task-f09cb16f "HTTP/1.1 200 OK"
2026-09-13 22:54:58,591 - httpx - INFO - HTTP Request: POST http://testserver/api/v1/tasks "HTTP/1.1 422 Unprocessable Entity"
2026-09-13 22:54:58,618 - httpx - INFO - HTTP Request: GET http://testserver/api/v1/tasks/task-notexist "HTTP/1.1 404 Not Found"
2026-09-13 22:54:58,657 - httpx - INFO - HTTP Request: POST http://testserver/api/v1/tasks/task-052d0c2c/run "HTTP/1.1 400 Bad Request"
2026-09-13 22:54:58,671 - httpx - INFO - HTTP Request: POST http://testserver/api/v1/tasks/task-052d0c2c/run "HTTP/1.1 400 Bad Request"
2026-09-13 22:54:58,696 - httpx - INFO - HTTP Request: POST http://testserver/api/v1/tasks/task-052d0c2c/run "HTTP/1.1 400 Bad Request"
2026-09-13 22:54:58,713 - httpx - INFO - HTTP Request: POST http://testserver/api/v1/tasks/task-052d0c2c/run "HTTP/1.1 400 Bad Request"
2026-09-13 22:54:58,715 - httpx - INFO - HTTP Request: POST http://testserver/api/v1/tasks/task-notexist/run "HTTP/1.1 404 Not Found"
2026-09-13 22:54:58,757 - httpx - INFO - HTTP Request: POST http://testserver/api/v1/tasks/task-5fa1ee0c/run "HTTP/1.1 200 OK"
2026-09-13 22:54:58,829 - httpx - INFO - HTTP Request: POST http://testserver/api/v1/tasks/task-5fa1ee0c/run "HTTP/1.1 409 Conflict"
2026-09-13 22:54:59,040 - httpx - INFO - HTTP Request: POST http://testserver/api/v1/knowledge/documents "HTTP/1.1 400 Bad Request"
2026-09-13 22:54:59,070 - httpx - INFO - HTTP Request: POST http://testserver/api/v1/knowledge/documents "HTTP/1.1 413 Request Entity Too Large"
2026-09-13 22:54:59,097 - httpx - INFO - HTTP Request: GET http://testserver/api/v1/tasks/task-abc/artifacts "HTTP/1.1 200 OK"
2026-09-13 22:54:59,105 - httpx - INFO - HTTP Request: GET http://testserver/api/v1/artifacts/art-123 "HTTP/1.1 200 OK"
2026-09-13 22:54:59,110 - httpx - INFO - HTTP Request: GET http://testserver/api/v1/artifacts/art-notexist "HTTP/1.1 404 Not Found"
2026-09-13 22:54:59,134 - httpx - INFO - HTTP Request: GET http://testserver/api/v1/artifacts/art-hack "HTTP/1.1 404 Not Found"
2026-09-13 22:54:59,736 - httpx - INFO - HTTP Request: POST http://testserver/api/v1/tasks "HTTP/1.1 200 OK"
2026-09-13 22:54:59,769 - httpx - INFO - HTTP Request: POST http://testserver/api/v1/knowledge/documents "HTTP/1.1 200 OK"
2026-09-13 22:54:59,783 - sovereign.llama_cpp.lifecycle - INFO - Switching deployment to 'Llama-3.2-3B-Instruct'...
2026-09-13 22:54:59,785 - sovereign.llama_cpp.lifecycle - INFO - Loading deployment 'Llama-3.2-3B-Instruct' with command: C:\Users\Dell\AppData\Local\Microsoft\WinGet\Packages\ggml.llamacpp_Microsoft.Winget.Source_8wekyb3d8bbwe\llama-server.exe -m C:\Users\Dell\.cache\huggingface\hub\models--bartowski--Llama-3.2-3B-Instruct-GGUF\snapshots\5ab33fa94d1d04e903623ae72c95d1696f09f9e8\Llama-3.2-3B-Instruct-Q4_K_M.gguf --port 8080 --host 127.0.0.1 -c 8192 -ngl 20
2026-09-13 22:55:06,479 - sovereign.llama_cpp.lifecycle - INFO - Deployment 'Llama-3.2-3B-Instruct' loaded successfully and is ready.
2026-09-13 22:55:06,559 - httpx - INFO - HTTP Request: POST http://testserver/api/v1/tasks/task-1beb80eb/run "HTTP/1.1 200 OK"
2026-09-13 22:55:07,567 - httpx - INFO - HTTP Request: GET http://testserver/api/v1/tasks/task-1beb80eb "HTTP/1.1 200 OK"
2026-09-13 22:55:07,583 - httpx - INFO - HTTP Request: GET http://testserver/api/v1/tasks/task-1beb80eb/artifacts "HTTP/1.1 200 OK"
2026-09-13 22:55:07,593 - httpx - INFO - HTTP Request: GET http://testserver/api/v1/artifacts/art-42f0299e "HTTP/1.1 200 OK"
2026-09-13 22:55:07,935 - httpx - INFO - HTTP Request: POST http://testserver/api/v1/knowledge/documents "HTTP/1.1 400 Bad Request"
2026-09-13 22:55:07,950 - sovereign.llama_cpp.lifecycle - INFO - Switching deployment to 'Llama-3.2-3B-Instruct'...
2026-09-13 22:55:07,950 - sovereign.llama_cpp.lifecycle - INFO - Loading deployment 'Llama-3.2-3B-Instruct' with command: C:\Users\Dell\AppData\Local\Microsoft\WinGet\Packages\ggml.llamacpp_Microsoft.Winget.Source_8wekyb3d8bbwe\llama-server.exe -m C:\Users\Dell\.cache\huggingface\hub\models--bartowski--Llama-3.2-3B-Instruct-GGUF\snapshots\5ab33fa94d1d04e903623ae72c95d1696f09f9e8\Llama-3.2-3B-Instruct-Q4_K_M.gguf --port 8080 --host 127.0.0.1 -c 8192 -ngl 20
2026-09-13 22:55:07,979 - sovereign.llama_cpp.lifecycle - INFO - Deployment 'Llama-3.2-3B-Instruct' loaded successfully and is ready.
2026-09-13 22:55:07,982 - httpx - INFO - HTTP Request: POST http://testserver/api/v1/knowledge/documents "HTTP/1.1 200 OK"
2026-09-13 22:55:08,398 - asyncio - DEBUG - Using proactor: IocpProactor
2026-09-13 22:55:08,425 - httpx - INFO - HTTP Request: POST http://testserver/api/v1/knowledge/documents "HTTP/1.1 403 Forbidden"
2026-09-13 22:55:08,561 - sovereign.llama_cpp.lifecycle - INFO - Loading deployment 'Model1' with command: C:\Users\Dell\AppData\Local\Microsoft\WinGet\Packages\ggml.llamacpp_Microsoft.Winget.Source_8wekyb3d8bbwe\llama-server.exe -m C:\Users\Dell\AppData\Local\Temp\pytest-of-Dell\pytest-47\test_llama_cpp_adapter_and_lif0\model1.gguf --port 8080 --host 127.0.0.1 -c 2048 -ngl 10
2026-09-13 22:55:08,561 - sovereign.llama_cpp.lifecycle - INFO - Deployment 'Model1' loaded successfully and is ready.
2026-09-13 22:55:08,562 - sovereign.llama_cpp.lifecycle - INFO - Switching deployment to 'Model2'...
2026-09-13 22:55:08,562 - sovereign.llama_cpp.lifecycle - INFO - Stopping active llama-server deployment...
2026-09-13 22:55:08,562 - sovereign.llama_cpp.lifecycle - INFO - llama-server stopped.
2026-09-13 22:55:08,563 - sovereign.llama_cpp.lifecycle - INFO - Loading deployment 'Model2' with command: C:\Users\Dell\AppData\Local\Microsoft\WinGet\Packages\ggml.llamacpp_Microsoft.Winget.Source_8wekyb3d8bbwe\llama-server.exe -m C:\Users\Dell\AppData\Local\Temp\pytest-of-Dell\pytest-47\test_llama_cpp_adapter_and_lif0\model2.gguf --port 8081 --host 127.0.0.1 -c 4096 -ngl 20
2026-09-13 22:55:08,564 - sovereign.llama_cpp.lifecycle - INFO - Deployment 'Model2' loaded successfully and is ready.
2026-09-13 22:55:08,564 - sovereign.llama_cpp.lifecycle - INFO - Stopping active llama-server deployment...
2026-09-13 22:55:08,564 - sovereign.llama_cpp.lifecycle - INFO - llama-server stopped.
2026-09-13 22:55:14,083 - sovereign.llama_cpp.lifecycle - INFO - Loading deployment 'test-model' with command: mock-server.exe -m /fake/model.gguf --port 8080 --host 127.0.0.1 -c 8192 -ngl 20
2026-09-13 22:55:14,084 - sovereign.llama_cpp.lifecycle - INFO - Deployment 'test-model' loaded successfully and is ready.
2026-09-13 22:55:14,085 - sovereign.llama_cpp.lifecycle - INFO - Stopping active llama-server deployment...
2026-09-13 22:55:14,085 - sovereign.llama_cpp.lifecycle - INFO - llama-server stopped.
2026-09-13 22:55:14,086 - sovereign.llama_cpp.lifecycle - INFO - Loading deployment 'test-vision-model' with command: mock-server.exe -m /fake/model.gguf --port 8080 --host 127.0.0.1 -c 8192 -ngl 20 --mmproj /fake/projector.gguf
2026-09-13 22:55:14,086 - sovereign.llama_cpp.lifecycle - INFO - Deployment 'test-vision-model' loaded successfully and is ready.
2026-09-13 22:58:35,318 - sovereign.llama_cpp.lifecycle - INFO - Loading deployment 'Llama-3.2-3B-Instruct' with command: C:\Users\Dell\AppData\Local\Microsoft\WinGet\Packages\ggml.llamacpp_Microsoft.Winget.Source_8wekyb3d8bbwe\llama-server.exe -m C:\Users\Dell\.cache\huggingface\hub\models--bartowski--Llama-3.2-3B-Instruct-GGUF\snapshots\5ab33fa94d1d04e903623ae72c95d1696f09f9e8\Llama-3.2-3B-Instruct-Q4_K_M.gguf --port 8080 --host 127.0.0.1 -c 8192 -ngl 20
2026-09-13 22:58:41,504 - sovereign.llama_cpp.lifecycle - INFO - Deployment 'Llama-3.2-3B-Instruct' loaded successfully and is ready.
2026-09-13 22:58:43,944 - sovereign.llama_cpp.lifecycle - INFO - Stopping active llama-server deployment...
2026-09-13 22:58:44,482 - sovereign.llama_cpp.lifecycle - INFO - llama-server stopped.
2026-09-13 23:04:35,036 - sovereign.llama_cpp.lifecycle - INFO - Switching deployment to 'Llama-3.2-3B-Instruct'...
2026-09-13 23:04:35,037 - sovereign.llama_cpp.lifecycle - INFO - Loading deployment 'Llama-3.2-3B-Instruct' with command: C:\Users\Dell\AppData\Local\Microsoft\WinGet\Packages\ggml.llamacpp_Microsoft.Winget.Source_8wekyb3d8bbwe\llama-server.exe -m C:\Users\Dell\.cache\huggingface\hub\models--bartowski--Llama-3.2-3B-Instruct-GGUF\snapshots\5ab33fa94d1d04e903623ae72c95d1696f09f9e8\Llama-3.2-3B-Instruct-Q4_K_M.gguf --port 8080 --host 127.0.0.1 -c 8192 -ngl 20
2026-09-13 23:04:41,744 - sovereign.llama_cpp.lifecycle - INFO - Deployment 'Llama-3.2-3B-Instruct' loaded successfully and is ready.
2026-09-13 23:05:04,710 - sovereign.llama_cpp.lifecycle - INFO - Switching deployment to 'Qwen2.5-3B-Instruct'...
2026-09-13 23:05:04,711 - sovereign.llama_cpp.lifecycle - INFO - Stopping active llama-server deployment...
2026-09-13 23:05:05,175 - sovereign.llama_cpp.lifecycle - INFO - llama-server stopped.
2026-09-13 23:05:05,177 - sovereign.llama_cpp.lifecycle - INFO - Loading deployment 'Qwen2.5-3B-Instruct' with command: C:\Users\Dell\AppData\Local\Microsoft\WinGet\Packages\ggml.llamacpp_Microsoft.Winget.Source_8wekyb3d8bbwe\llama-server.exe -m C:\Users\Dell\.cache\huggingface\hub\models--Qwen--Qwen2.5-3B-Instruct-GGUF\snapshots\7dabda4d13d513e3e842b20f0d435c732f172cbe\qwen2.5-3b-instruct-q4_k_m.gguf --port 8080 --host 127.0.0.1 -c 8192 -ngl 20
2026-09-13 23:05:11,826 - sovereign.llama_cpp.lifecycle - INFO - Deployment 'Qwen2.5-3B-Instruct' loaded successfully and is ready.
2026-09-13 23:05:36,770 - sovereign.llama_cpp.lifecycle - INFO - Stopping active llama-server deployment...
2026-09-13 23:05:37,314 - sovereign.llama_cpp.lifecycle - INFO - llama-server stopped.
2026-09-13 23:06:21,615 - sovereign.llama_cpp.lifecycle - INFO - Switching deployment to 'Qwen2.5-3B-Instruct'...
2026-09-13 23:06:21,619 - sovereign.llama_cpp.lifecycle - INFO - Loading deployment 'Qwen2.5-3B-Instruct' with command: C:\Users\Dell\AppData\Local\Microsoft\WinGet\Packages\ggml.llamacpp_Microsoft.Winget.Source_8wekyb3d8bbwe\llama-server.exe -m C:\Users\Dell\.cache\huggingface\hub\models--Qwen--Qwen2.5-3B-Instruct-GGUF\snapshots\7dabda4d13d513e3e842b20f0d435c732f172cbe\qwen2.5-3b-instruct-q4_k_m.gguf --port 8080 --host 127.0.0.1 -c 8192 -ngl 20
2026-09-13 23:06:27,272 - sovereign.llama_cpp.lifecycle - INFO - Deployment 'Qwen2.5-3B-Instruct' loaded successfully and is ready.
2026-09-13 23:06:27,296 - sovereign.llama_cpp.lifecycle - INFO - Stopping active llama-server deployment...
2026-09-13 23:06:27,822 - sovereign.llama_cpp.lifecycle - INFO - llama-server stopped.
2026-09-13 23:07:25,997 - sovereign.llama_cpp.lifecycle - INFO - Switching deployment to 'Llama-3.2-3B-Instruct'...
2026-09-13 23:07:26,005 - sovereign.llama_cpp.lifecycle - INFO - Loading deployment 'Llama-3.2-3B-Instruct' with command: C:\Users\Dell\AppData\Local\Microsoft\WinGet\Packages\ggml.llamacpp_Microsoft.Winget.Source_8wekyb3d8bbwe\llama-server.exe -m C:\Users\Dell\.cache\huggingface\hub\models--bartowski--Llama-3.2-3B-Instruct-GGUF\snapshots\5ab33fa94d1d04e903623ae72c95d1696f09f9e8\Llama-3.2-3B-Instruct-Q4_K_M.gguf --port 8080 --host 127.0.0.1 -c 8192 -ngl 20
2026-09-13 23:07:31,690 - sovereign.llama_cpp.lifecycle - INFO - Deployment 'Llama-3.2-3B-Instruct' loaded successfully and is ready.
2026-09-13 23:07:52,656 - sovereign.llama_cpp.lifecycle - INFO - Switching deployment to 'Qwen2.5-3B-Instruct'...
2026-09-13 23:07:52,656 - sovereign.llama_cpp.lifecycle - INFO - Stopping active llama-server deployment...
2026-09-13 23:07:53,233 - sovereign.llama_cpp.lifecycle - INFO - llama-server stopped.
2026-09-13 23:07:53,240 - sovereign.llama_cpp.lifecycle - INFO - Loading deployment 'Qwen2.5-3B-Instruct' with command: C:\Users\Dell\AppData\Local\Microsoft\WinGet\Packages\ggml.llamacpp_Microsoft.Winget.Source_8wekyb3d8bbwe\llama-server.exe -m C:\Users\Dell\.cache\huggingface\hub\models--Qwen--Qwen2.5-3B-Instruct-GGUF\snapshots\7dabda4d13d513e3e842b20f0d435c732f172cbe\qwen2.5-3b-instruct-q4_k_m.gguf --port 8080 --host 127.0.0.1 -c 8192 -ngl 20
2026-09-13 23:07:58,395 - sovereign.llama_cpp.lifecycle - INFO - Deployment 'Qwen2.5-3B-Instruct' loaded successfully and is ready.
2026-09-13 23:08:20,322 - sovereign.llama_cpp.lifecycle - INFO - Stopping active llama-server deployment...
2026-09-13 23:08:20,792 - sovereign.llama_cpp.lifecycle - INFO - llama-server stopped.
2026-09-13 23:09:02,597 - httpx - INFO - HTTP Request: GET http://testserver/api/v1/health "HTTP/1.1 200 OK"
2026-09-13 23:09:02,698 - httpx - INFO - HTTP Request: POST http://testserver/api/v1/tasks "HTTP/1.1 200 OK"
2026-09-13 23:09:02,711 - httpx - INFO - HTTP Request: GET http://testserver/api/v1/tasks/task-1bb38fcb "HTTP/1.1 200 OK"
2026-09-13 23:09:02,739 - httpx - INFO - HTTP Request: POST http://testserver/api/v1/tasks "HTTP/1.1 422 Unprocessable Entity"
2026-09-13 23:09:02,773 - httpx - INFO - HTTP Request: GET http://testserver/api/v1/tasks/task-notexist "HTTP/1.1 404 Not Found"
2026-09-13 23:09:02,821 - httpx - INFO - HTTP Request: POST http://testserver/api/v1/tasks/task-7fec6ec7/run "HTTP/1.1 400 Bad Request"
2026-09-13 23:09:02,838 - httpx - INFO - HTTP Request: POST http://testserver/api/v1/tasks/task-7fec6ec7/run "HTTP/1.1 400 Bad Request"
2026-09-13 23:09:02,859 - httpx - INFO - HTTP Request: POST http://testserver/api/v1/tasks/task-7fec6ec7/run "HTTP/1.1 400 Bad Request"
2026-09-13 23:09:02,883 - httpx - INFO - HTTP Request: POST http://testserver/api/v1/tasks/task-7fec6ec7/run "HTTP/1.1 400 Bad Request"
2026-09-13 23:09:02,891 - httpx - INFO - HTTP Request: POST http://testserver/api/v1/tasks/task-notexist/run "HTTP/1.1 404 Not Found"
2026-09-13 23:09:02,964 - httpx - INFO - HTTP Request: POST http://testserver/api/v1/tasks/task-9122bc02/run "HTTP/1.1 200 OK"
2026-09-13 23:09:02,985 - httpx - INFO - HTTP Request: POST http://testserver/api/v1/tasks/task-9122bc02/run "HTTP/1.1 409 Conflict"
2026-09-13 23:09:03,312 - httpx - INFO - HTTP Request: POST http://testserver/api/v1/knowledge/documents "HTTP/1.1 400 Bad Request"
2026-09-13 23:09:03,376 - httpx - INFO - HTTP Request: POST http://testserver/api/v1/knowledge/documents "HTTP/1.1 413 Request Entity Too Large"
2026-09-13 23:09:03,437 - httpx - INFO - HTTP Request: GET http://testserver/api/v1/tasks/task-abc/artifacts "HTTP/1.1 200 OK"
2026-09-13 23:09:03,451 - httpx - INFO - HTTP Request: GET http://testserver/api/v1/artifacts/art-123 "HTTP/1.1 200 OK"
2026-09-13 23:09:03,459 - httpx - INFO - HTTP Request: GET http://testserver/api/v1/artifacts/art-notexist "HTTP/1.1 404 Not Found"
2026-09-13 23:09:03,510 - httpx - INFO - HTTP Request: GET http://testserver/api/v1/artifacts/art-hack "HTTP/1.1 404 Not Found"
2026-09-13 23:09:04,127 - httpx - INFO - HTTP Request: POST http://testserver/api/v1/tasks "HTTP/1.1 200 OK"
2026-09-13 23:09:04,168 - httpx - INFO - HTTP Request: POST http://testserver/api/v1/knowledge/documents "HTTP/1.1 200 OK"
2026-09-13 23:09:04,193 - sovereign.llama_cpp.lifecycle - INFO - Switching deployment to 'Llama-3.2-3B-Instruct'...
2026-09-13 23:09:04,193 - sovereign.llama_cpp.lifecycle - INFO - Loading deployment 'Llama-3.2-3B-Instruct' with command: C:\Users\Dell\AppData\Local\Microsoft\WinGet\Packages\ggml.llamacpp_Microsoft.Winget.Source_8wekyb3d8bbwe\llama-server.exe -m C:\Users\Dell\.cache\huggingface\hub\models--bartowski--Llama-3.2-3B-Instruct-GGUF\snapshots\5ab33fa94d1d04e903623ae72c95d1696f09f9e8\Llama-3.2-3B-Instruct-Q4_K_M.gguf --port 8080 --host 127.0.0.1 -c 8192 -ngl 20
2026-09-13 23:09:12,442 - sovereign.llama_cpp.lifecycle - INFO - Deployment 'Llama-3.2-3B-Instruct' loaded successfully and is ready.
2026-09-13 23:09:12,544 - httpx - INFO - HTTP Request: POST http://testserver/api/v1/tasks/task-2799fd50/run "HTTP/1.1 200 OK"
2026-09-13 23:09:13,567 - httpx - INFO - HTTP Request: GET http://testserver/api/v1/tasks/task-2799fd50 "HTTP/1.1 200 OK"
2026-09-13 23:09:13,592 - httpx - INFO - HTTP Request: GET http://testserver/api/v1/tasks/task-2799fd50/artifacts "HTTP/1.1 200 OK"
2026-09-13 23:09:13,602 - httpx - INFO - HTTP Request: GET http://testserver/api/v1/artifacts/art-70296c17 "HTTP/1.1 200 OK"
2026-09-13 23:09:14,002 - httpx - INFO - HTTP Request: POST http://testserver/api/v1/knowledge/documents "HTTP/1.1 400 Bad Request"
2026-09-13 23:09:14,022 - sovereign.llama_cpp.lifecycle - INFO - Switching deployment to 'Llama-3.2-3B-Instruct'...
2026-09-13 23:09:14,023 - sovereign.llama_cpp.lifecycle - INFO - Loading deployment 'Llama-3.2-3B-Instruct' with command: C:\Users\Dell\AppData\Local\Microsoft\WinGet\Packages\ggml.llamacpp_Microsoft.Winget.Source_8wekyb3d8bbwe\llama-server.exe -m C:\Users\Dell\.cache\huggingface\hub\models--bartowski--Llama-3.2-3B-Instruct-GGUF\snapshots\5ab33fa94d1d04e903623ae72c95d1696f09f9e8\Llama-3.2-3B-Instruct-Q4_K_M.gguf --port 8080 --host 127.0.0.1 -c 8192 -ngl 20
2026-09-13 23:09:14,046 - sovereign.llama_cpp.lifecycle - INFO - Deployment 'Llama-3.2-3B-Instruct' loaded successfully and is ready.
2026-09-13 23:09:14,049 - httpx - INFO - HTTP Request: POST http://testserver/api/v1/knowledge/documents "HTTP/1.1 200 OK"
2026-09-13 23:09:14,533 - asyncio - DEBUG - Using proactor: IocpProactor
2026-09-13 23:09:14,564 - httpx - INFO - HTTP Request: POST http://testserver/api/v1/knowledge/documents "HTTP/1.1 403 Forbidden"
2026-09-13 23:09:14,706 - sovereign.llama_cpp.lifecycle - INFO - Loading deployment 'Model1' with command: C:\Users\Dell\AppData\Local\Microsoft\WinGet\Packages\ggml.llamacpp_Microsoft.Winget.Source_8wekyb3d8bbwe\llama-server.exe -m C:\Users\Dell\AppData\Local\Temp\pytest-of-Dell\pytest-48\test_llama_cpp_adapter_and_lif0\model1.gguf --port 8080 --host 127.0.0.1 -c 2048 -ngl 10
2026-09-13 23:09:14,707 - sovereign.llama_cpp.lifecycle - INFO - Deployment 'Model1' loaded successfully and is ready.
2026-09-13 23:09:14,708 - sovereign.llama_cpp.lifecycle - INFO - Switching deployment to 'Model2'...
2026-09-13 23:09:14,709 - sovereign.llama_cpp.lifecycle - INFO - Stopping active llama-server deployment...
2026-09-13 23:09:14,710 - sovereign.llama_cpp.lifecycle - INFO - llama-server stopped.
2026-09-13 23:09:14,710 - sovereign.llama_cpp.lifecycle - INFO - Loading deployment 'Model2' with command: C:\Users\Dell\AppData\Local\Microsoft\WinGet\Packages\ggml.llamacpp_Microsoft.Winget.Source_8wekyb3d8bbwe\llama-server.exe -m C:\Users\Dell\AppData\Local\Temp\pytest-of-Dell\pytest-48\test_llama_cpp_adapter_and_lif0\model2.gguf --port 8081 --host 127.0.0.1 -c 4096 -ngl 20
2026-09-13 23:09:14,712 - sovereign.llama_cpp.lifecycle - INFO - Deployment 'Model2' loaded successfully and is ready.
2026-09-13 23:09:14,713 - sovereign.llama_cpp.lifecycle - INFO - Stopping active llama-server deployment...
2026-09-13 23:09:14,714 - sovereign.llama_cpp.lifecycle - INFO - llama-server stopped.
2026-09-13 23:09:20,792 - sovereign.llama_cpp.lifecycle - INFO - Loading deployment 'test-model' with command: mock-server.exe -m /fake/model.gguf --port 8080 --host 127.0.0.1 -c 8192 -ngl 20
2026-09-13 23:09:20,793 - sovereign.llama_cpp.lifecycle - INFO - Deployment 'test-model' loaded successfully and is ready.
2026-09-13 23:09:20,794 - sovereign.llama_cpp.lifecycle - INFO - Stopping active llama-server deployment...
2026-09-13 23:09:20,795 - sovereign.llama_cpp.lifecycle - INFO - llama-server stopped.
2026-09-13 23:09:20,795 - sovereign.llama_cpp.lifecycle - INFO - Loading deployment 'test-vision-model' with command: mock-server.exe -m /fake/model.gguf --port 8080 --host 127.0.0.1 -c 8192 -ngl 20 --mmproj /fake/projector.gguf
2026-09-13 23:09:20,796 - sovereign.llama_cpp.lifecycle - INFO - Deployment 'test-vision-model' loaded successfully and is ready.
2026-09-13 23:12:49,845 - sovereign.llama_cpp.lifecycle - INFO - Switching deployment to 'Llama-3.2-3B-Instruct'...
2026-09-13 23:12:49,853 - sovereign.llama_cpp.lifecycle - INFO - Loading deployment 'Llama-3.2-3B-Instruct' with command: C:\Users\Dell\AppData\Local\Microsoft\WinGet\Packages\ggml.llamacpp_Microsoft.Winget.Source_8wekyb3d8bbwe\llama-server.exe -m C:\Users\Dell\.cache\huggingface\hub\models--bartowski--Llama-3.2-3B-Instruct-GGUF\snapshots\5ab33fa94d1d04e903623ae72c95d1696f09f9e8\Llama-3.2-3B-Instruct-Q4_K_M.gguf --port 8080 --host 127.0.0.1 -c 8192 -ngl 20
2026-09-13 23:12:57,608 - sovereign.llama_cpp.lifecycle - INFO - Deployment 'Llama-3.2-3B-Instruct' loaded successfully and is ready.
2026-09-13 23:14:21,172 - sovereign.llama_cpp.lifecycle - INFO - Stopping active llama-server deployment...
2026-09-13 23:14:21,861 - sovereign.llama_cpp.lifecycle - INFO - llama-server stopped.
2026-09-13 23:16:35,859 - sovereign.llama_cpp.lifecycle - INFO - Switching deployment to 'Llama-3.2-3B-Instruct'...
2026-09-13 23:16:35,864 - sovereign.llama_cpp.lifecycle - INFO - Loading deployment 'Llama-3.2-3B-Instruct' with command: C:\Users\Dell\AppData\Local\Microsoft\WinGet\Packages\ggml.llamacpp_Microsoft.Winget.Source_8wekyb3d8bbwe\llama-server.exe -m C:\Users\Dell\.cache\huggingface\hub\models--bartowski--Llama-3.2-3B-Instruct-GGUF\snapshots\5ab33fa94d1d04e903623ae72c95d1696f09f9e8\Llama-3.2-3B-Instruct-Q4_K_M.gguf --port 8080 --host 127.0.0.1 -c 8192 -ngl 20
2026-09-13 23:16:45,173 - sovereign.llama_cpp.lifecycle - INFO - Deployment 'Llama-3.2-3B-Instruct' loaded successfully and is ready.
2026-09-13 23:17:17,396 - sovereign.llama_cpp.lifecycle - INFO - Switching deployment to 'Llama-3.2-3B-Instruct'...
2026-09-13 23:17:17,398 - sovereign.llama_cpp.lifecycle - INFO - Loading deployment 'Llama-3.2-3B-Instruct' with command: C:\Users\Dell\AppData\Local\Microsoft\WinGet\Packages\ggml.llamacpp_Microsoft.Winget.Source_8wekyb3d8bbwe\llama-server.exe -m C:\Users\Dell\.cache\huggingface\hub\models--bartowski--Llama-3.2-3B-Instruct-GGUF\snapshots\5ab33fa94d1d04e903623ae72c95d1696f09f9e8\Llama-3.2-3B-Instruct-Q4_K_M.gguf --port 8080 --host 127.0.0.1 -c 8192 -ngl 20
2026-09-13 23:17:25,608 - sovereign.llama_cpp.lifecycle - INFO - Deployment 'Llama-3.2-3B-Instruct' loaded successfully and is ready.
2026-09-13 23:23:22,732 - sovereign.llama_cpp.lifecycle - INFO - Switching deployment to 'Llama-3.2-3B-Instruct'...
2026-09-13 23:23:22,734 - sovereign.llama_cpp.lifecycle - INFO - Loading deployment 'Llama-3.2-3B-Instruct' with command: C:\Users\Dell\AppData\Local\Microsoft\WinGet\Packages\ggml.llamacpp_Microsoft.Winget.Source_8wekyb3d8bbwe\llama-server.exe -m C:\Users\Dell\.cache\huggingface\hub\models--bartowski--Llama-3.2-3B-Instruct-GGUF\snapshots\5ab33fa94d1d04e903623ae72c95d1696f09f9e8\Llama-3.2-3B-Instruct-Q4_K_M.gguf --port 8080 --host 127.0.0.1 -c 8192 -ngl 20
2026-09-13 23:23:33,038 - sovereign.llama_cpp.lifecycle - INFO - Deployment 'Llama-3.2-3B-Instruct' loaded successfully and is ready.
2026-09-13 23:24:17,037 - httpx - INFO - HTTP Request: GET http://testserver/api/v1/health "HTTP/1.1 200 OK"
2026-09-13 23:24:17,119 - httpx - INFO - HTTP Request: POST http://testserver/api/v1/tasks "HTTP/1.1 200 OK"
2026-09-13 23:24:17,127 - httpx - INFO - HTTP Request: GET http://testserver/api/v1/tasks/task-b1211016 "HTTP/1.1 200 OK"
2026-09-13 23:24:17,176 - httpx - INFO - HTTP Request: POST http://testserver/api/v1/tasks "HTTP/1.1 422 Unprocessable Entity"
2026-09-13 23:24:17,233 - httpx - INFO - HTTP Request: GET http://testserver/api/v1/tasks/task-notexist "HTTP/1.1 404 Not Found"
2026-09-13 23:24:17,322 - httpx - INFO - HTTP Request: POST http://testserver/api/v1/tasks/task-a2dce476/run "HTTP/1.1 400 Bad Request"
2026-09-13 23:24:17,349 - httpx - INFO - HTTP Request: POST http://testserver/api/v1/tasks/task-a2dce476/run "HTTP/1.1 400 Bad Request"
2026-09-13 23:24:17,390 - httpx - INFO - HTTP Request: POST http://testserver/api/v1/tasks/task-a2dce476/run "HTTP/1.1 400 Bad Request"
2026-09-13 23:24:17,427 - httpx - INFO - HTTP Request: POST http://testserver/api/v1/tasks/task-a2dce476/run "HTTP/1.1 400 Bad Request"
2026-09-13 23:24:17,440 - httpx - INFO - HTTP Request: POST http://testserver/api/v1/tasks/task-notexist/run "HTTP/1.1 404 Not Found"
2026-09-13 23:24:17,544 - httpx - INFO - HTTP Request: POST http://testserver/api/v1/tasks/task-1489de82/run "HTTP/1.1 200 OK"
2026-09-13 23:24:17,562 - httpx - INFO - HTTP Request: POST http://testserver/api/v1/tasks/task-1489de82/run "HTTP/1.1 409 Conflict"
2026-09-13 23:24:17,993 - httpx - INFO - HTTP Request: POST http://testserver/api/v1/knowledge/documents "HTTP/1.1 400 Bad Request"
2026-09-13 23:24:18,064 - httpx - INFO - HTTP Request: POST http://testserver/api/v1/knowledge/documents "HTTP/1.1 413 Request Entity Too Large"
2026-09-13 23:24:18,141 - httpx - INFO - HTTP Request: GET http://testserver/api/v1/tasks/task-abc/artifacts "HTTP/1.1 200 OK"
2026-09-13 23:24:18,163 - httpx - INFO - HTTP Request: GET http://testserver/api/v1/artifacts/art-123 "HTTP/1.1 200 OK"
2026-09-13 23:24:18,174 - httpx - INFO - HTTP Request: GET http://testserver/api/v1/artifacts/art-notexist "HTTP/1.1 404 Not Found"
2026-09-13 23:24:18,256 - httpx - INFO - HTTP Request: GET http://testserver/api/v1/artifacts/art-hack "HTTP/1.1 404 Not Found"
2026-09-13 23:24:19,232 - httpx - INFO - HTTP Request: POST http://testserver/api/v1/tasks "HTTP/1.1 200 OK"
2026-09-13 23:24:19,288 - httpx - INFO - HTTP Request: POST http://testserver/api/v1/knowledge/documents "HTTP/1.1 200 OK"
2026-09-13 23:24:19,377 - httpx - INFO - HTTP Request: POST http://testserver/api/v1/tasks/task-b139891d/run "HTTP/1.1 200 OK"
2026-09-13 23:24:20,398 - httpx - INFO - HTTP Request: GET http://testserver/api/v1/tasks/task-b139891d "HTTP/1.1 200 OK"
2026-09-13 23:24:21,260 - httpx - INFO - HTTP Request: POST http://testserver/api/v1/knowledge/documents "HTTP/1.1 400 Bad Request"
2026-09-13 23:24:21,298 - httpx - INFO - HTTP Request: POST http://testserver/api/v1/knowledge/documents "HTTP/1.1 403 Forbidden"
2026-09-13 23:24:21,912 - asyncio - DEBUG - Using proactor: IocpProactor
2026-09-13 23:24:22,019 - httpx - INFO - HTTP Request: POST http://testserver/api/v1/knowledge/documents "HTTP/1.1 403 Forbidden"
2026-09-13 23:24:22,417 - sovereign.llama_cpp.lifecycle - INFO - Loading deployment 'Model1' with command: C:\Users\Dell\AppData\Local\Microsoft\WinGet\Packages\ggml.llamacpp_Microsoft.Winget.Source_8wekyb3d8bbwe\llama-server.exe -m C:\Users\Dell\AppData\Local\Temp\pytest-of-Dell\pytest-49\test_llama_cpp_adapter_and_lif0\model1.gguf --port 8080 --host 127.0.0.1 -c 2048 -ngl 10
2026-09-13 23:24:22,419 - sovereign.llama_cpp.lifecycle - INFO - Deployment 'Model1' loaded successfully and is ready.
2026-09-13 23:24:22,419 - sovereign.llama_cpp.lifecycle - INFO - Switching deployment to 'Model2'...
2026-09-13 23:24:22,422 - sovereign.llama_cpp.lifecycle - INFO - Stopping active llama-server deployment...
2026-09-13 23:24:22,424 - sovereign.llama_cpp.lifecycle - INFO - llama-server stopped.
2026-09-13 23:24:22,424 - sovereign.llama_cpp.lifecycle - INFO - Loading deployment 'Model2' with command: C:\Users\Dell\AppData\Local\Microsoft\WinGet\Packages\ggml.llamacpp_Microsoft.Winget.Source_8wekyb3d8bbwe\llama-server.exe -m C:\Users\Dell\AppData\Local\Temp\pytest-of-Dell\pytest-49\test_llama_cpp_adapter_and_lif0\model2.gguf --port 8081 --host 127.0.0.1 -c 4096 -ngl 20
2026-09-13 23:24:22,424 - sovereign.llama_cpp.lifecycle - INFO - Deployment 'Model2' loaded successfully and is ready.
2026-09-13 23:24:22,426 - sovereign.llama_cpp.lifecycle - INFO - Stopping active llama-server deployment...
2026-09-13 23:24:22,428 - sovereign.llama_cpp.lifecycle - INFO - llama-server stopped.
2026-09-13 23:24:29,679 - sovereign.llama_cpp.lifecycle - INFO - Loading deployment 'test-model' with command: mock-server.exe -m /fake/model.gguf --port 8080 --host 127.0.0.1 -c 8192 -ngl 20
2026-09-13 23:24:29,680 - sovereign.llama_cpp.lifecycle - INFO - Deployment 'test-model' loaded successfully and is ready.
2026-09-13 23:24:29,680 - sovereign.llama_cpp.lifecycle - INFO - Stopping active llama-server deployment...
2026-09-13 23:24:29,680 - sovereign.llama_cpp.lifecycle - INFO - llama-server stopped.
2026-09-13 23:24:29,680 - sovereign.llama_cpp.lifecycle - INFO - Loading deployment 'test-vision-model' with command: mock-server.exe -m /fake/model.gguf --port 8080 --host 127.0.0.1 -c 8192 -ngl 20 --mmproj /fake/projector.gguf
2026-09-13 23:24:29,685 - sovereign.llama_cpp.lifecycle - INFO - Deployment 'test-vision-model' loaded successfully and is ready.
2026-09-13 23:25:44,833 - httpx - INFO - HTTP Request: GET http://testserver/api/v1/health "HTTP/1.1 200 OK"
2026-09-13 23:25:44,925 - httpx - INFO - HTTP Request: POST http://testserver/api/v1/tasks "HTTP/1.1 200 OK"
2026-09-13 23:25:44,940 - httpx - INFO - HTTP Request: GET http://testserver/api/v1/tasks/task-e1d86761 "HTTP/1.1 200 OK"
2026-09-13 23:25:44,987 - httpx - INFO - HTTP Request: POST http://testserver/api/v1/tasks "HTTP/1.1 422 Unprocessable Entity"
2026-09-13 23:25:45,040 - httpx - INFO - HTTP Request: GET http://testserver/api/v1/tasks/task-notexist "HTTP/1.1 404 Not Found"
2026-09-13 23:25:45,105 - httpx - INFO - HTTP Request: POST http://testserver/api/v1/tasks/task-9ae82245/run "HTTP/1.1 400 Bad Request"
2026-09-13 23:25:45,130 - httpx - INFO - HTTP Request: POST http://testserver/api/v1/tasks/task-9ae82245/run "HTTP/1.1 400 Bad Request"
2026-09-13 23:25:45,161 - httpx - INFO - HTTP Request: POST http://testserver/api/v1/tasks/task-9ae82245/run "HTTP/1.1 400 Bad Request"
2026-09-13 23:25:45,195 - httpx - INFO - HTTP Request: POST http://testserver/api/v1/tasks/task-9ae82245/run "HTTP/1.1 400 Bad Request"
2026-09-13 23:25:45,210 - httpx - INFO - HTTP Request: POST http://testserver/api/v1/tasks/task-notexist/run "HTTP/1.1 404 Not Found"
2026-09-13 23:25:45,288 - httpx - INFO - HTTP Request: POST http://testserver/api/v1/tasks/task-44f77989/run "HTTP/1.1 200 OK"
2026-09-13 23:25:45,302 - httpx - INFO - HTTP Request: POST http://testserver/api/v1/tasks/task-44f77989/run "HTTP/1.1 409 Conflict"
2026-09-13 23:25:45,726 - httpx - INFO - HTTP Request: POST http://testserver/api/v1/knowledge/documents "HTTP/1.1 400 Bad Request"
2026-09-13 23:25:45,788 - httpx - INFO - HTTP Request: POST http://testserver/api/v1/knowledge/documents "HTTP/1.1 413 Request Entity Too Large"
2026-09-13 23:25:45,849 - httpx - INFO - HTTP Request: GET http://testserver/api/v1/tasks/task-abc/artifacts "HTTP/1.1 200 OK"
2026-09-13 23:25:45,864 - httpx - INFO - HTTP Request: GET http://testserver/api/v1/artifacts/art-123 "HTTP/1.1 200 OK"
2026-09-13 23:25:45,872 - httpx - INFO - HTTP Request: GET http://testserver/api/v1/artifacts/art-notexist "HTTP/1.1 404 Not Found"
2026-09-13 23:25:45,946 - httpx - INFO - HTTP Request: GET http://testserver/api/v1/artifacts/art-hack "HTTP/1.1 404 Not Found"
2026-09-13 23:25:46,877 - httpx - INFO - HTTP Request: POST http://testserver/api/v1/tasks "HTTP/1.1 200 OK"
2026-09-13 23:25:46,933 - httpx - INFO - HTTP Request: POST http://testserver/api/v1/knowledge/documents "HTTP/1.1 200 OK"
2026-09-13 23:25:47,047 - httpx - INFO - HTTP Request: POST http://testserver/api/v1/tasks/task-c281dee2/run "HTTP/1.1 200 OK"
2026-09-13 23:25:48,074 - httpx - INFO - HTTP Request: GET http://testserver/api/v1/tasks/task-c281dee2 "HTTP/1.1 200 OK"
2026-09-13 23:25:48,103 - httpx - INFO - HTTP Request: GET http://testserver/api/v1/tasks/task-c281dee2/artifacts "HTTP/1.1 200 OK"
2026-09-13 23:25:48,116 - httpx - INFO - HTTP Request: GET http://testserver/api/v1/artifacts/art-37c1a76e "HTTP/1.1 200 OK"
2026-09-13 23:25:48,588 - httpx - INFO - HTTP Request: POST http://testserver/api/v1/knowledge/documents "HTTP/1.1 400 Bad Request"
2026-09-13 23:25:48,614 - httpx - INFO - HTTP Request: POST http://testserver/api/v1/knowledge/documents "HTTP/1.1 200 OK"
2026-09-13 23:25:49,153 - asyncio - DEBUG - Using proactor: IocpProactor
2026-09-13 23:25:49,198 - httpx - INFO - HTTP Request: POST http://testserver/api/v1/knowledge/documents "HTTP/1.1 403 Forbidden"
2026-09-13 23:25:49,357 - sovereign.llama_cpp.lifecycle - INFO - Loading deployment 'Model1' with command: C:\Users\Dell\AppData\Local\Microsoft\WinGet\Packages\ggml.llamacpp_Microsoft.Winget.Source_8wekyb3d8bbwe\llama-server.exe -m C:\Users\Dell\AppData\Local\Temp\pytest-of-Dell\pytest-50\test_llama_cpp_adapter_and_lif0\model1.gguf --port 8080 --host 127.0.0.1 -c 2048 -ngl 10
2026-09-13 23:25:49,357 - sovereign.llama_cpp.lifecycle - INFO - Deployment 'Model1' loaded successfully and is ready.
2026-09-13 23:25:49,359 - sovereign.llama_cpp.lifecycle - INFO - Switching deployment to 'Model2'...
2026-09-13 23:25:49,360 - sovereign.llama_cpp.lifecycle - INFO - Stopping active llama-server deployment...
2026-09-13 23:25:49,360 - sovereign.llama_cpp.lifecycle - INFO - llama-server stopped.
2026-09-13 23:25:49,360 - sovereign.llama_cpp.lifecycle - INFO - Loading deployment 'Model2' with command: C:\Users\Dell\AppData\Local\Microsoft\WinGet\Packages\ggml.llamacpp_Microsoft.Winget.Source_8wekyb3d8bbwe\llama-server.exe -m C:\Users\Dell\AppData\Local\Temp\pytest-of-Dell\pytest-50\test_llama_cpp_adapter_and_lif0\model2.gguf --port 8081 --host 127.0.0.1 -c 4096 -ngl 20
2026-09-13 23:25:49,360 - sovereign.llama_cpp.lifecycle - INFO - Deployment 'Model2' loaded successfully and is ready.
2026-09-13 23:25:49,360 - sovereign.llama_cpp.lifecycle - INFO - Stopping active llama-server deployment...
2026-09-13 23:25:49,360 - sovereign.llama_cpp.lifecycle - INFO - llama-server stopped.
2026-09-13 23:25:56,602 - sovereign.llama_cpp.lifecycle - INFO - Loading deployment 'test-model' with command: mock-server.exe -m /fake/model.gguf --port 8080 --host 127.0.0.1 -c 8192 -ngl 20
2026-09-13 23:25:56,604 - sovereign.llama_cpp.lifecycle - INFO - Deployment 'test-model' loaded successfully and is ready.
2026-09-13 23:25:56,605 - sovereign.llama_cpp.lifecycle - INFO - Stopping active llama-server deployment...
2026-09-13 23:25:56,607 - sovereign.llama_cpp.lifecycle - INFO - llama-server stopped.
2026-09-13 23:25:56,608 - sovereign.llama_cpp.lifecycle - INFO - Loading deployment 'test-vision-model' with command: mock-server.exe -m /fake/model.gguf --port 8080 --host 127.0.0.1 -c 8192 -ngl 20 --mmproj /fake/projector.gguf
2026-09-13 23:25:56,609 - sovereign.llama_cpp.lifecycle - INFO - Deployment 'test-vision-model' loaded successfully and is ready.
2026-09-13 23:35:19,470 - httpx - INFO - HTTP Request: POST http://testserver/api/v1/knowledge/documents "HTTP/1.1 200 OK"
2026-09-13 23:35:19,506 - httpx - INFO - HTTP Request: POST http://testserver/api/v1/tasks "HTTP/1.1 200 OK"
2026-09-13 23:35:19,596 - httpx - INFO - HTTP Request: POST http://testserver/api/v1/tasks/task-4eb881b7/run "HTTP/1.1 200 OK"
2026-09-13 23:35:22,619 - httpx - INFO - HTTP Request: GET http://testserver/api/v1/tasks/task-4eb881b7 "HTTP/1.1 200 OK"
2026-09-13 23:35:22,652 - httpx - INFO - HTTP Request: POST http://testserver/api/v1/tasks "HTTP/1.1 200 OK"
2026-09-13 23:35:22,683 - sovereign.llama_cpp.lifecycle - INFO - Switching deployment to 'Llama-3.2-3B-Instruct'...
2026-09-13 23:35:22,688 - sovereign.llama_cpp.lifecycle - INFO - Loading deployment 'Llama-3.2-3B-Instruct' with command: C:\Users\Dell\AppData\Local\Microsoft\WinGet\Packages\ggml.llamacpp_Microsoft.Winget.Source_8wekyb3d8bbwe\llama-server.exe -m C:\Users\Dell\.cache\huggingface\hub\models--bartowski--Llama-3.2-3B-Instruct-GGUF\snapshots\5ab33fa94d1d04e903623ae72c95d1696f09f9e8\Llama-3.2-3B-Instruct-Q4_K_M.gguf --port 8080 --host 127.0.0.1 -c 8192 -ngl 20
2026-09-13 23:35:34,024 - sovereign.llama_cpp.lifecycle - INFO - Deployment 'Llama-3.2-3B-Instruct' loaded successfully and is ready.
2026-09-13 23:35:37,347 - httpx - INFO - HTTP Request: POST http://testserver/api/v1/tasks/task-f8457e8c/run "HTTP/1.1 200 OK"
2026-09-13 23:35:39,373 - httpx - INFO - HTTP Request: GET http://testserver/api/v1/tasks/task-f8457e8c "HTTP/1.1 200 OK"
2026-09-13 23:35:39,399 - httpx - INFO - HTTP Request: GET http://testserver/api/v1/tasks/task-f8457e8c/artifacts "HTTP/1.1 200 OK"
2026-09-13 23:36:18,819 - httpx - INFO - HTTP Request: POST http://testserver/api/v1/knowledge/documents "HTTP/1.1 200 OK"
2026-09-13 23:36:18,858 - httpx - INFO - HTTP Request: POST http://testserver/api/v1/tasks "HTTP/1.1 200 OK"
2026-09-13 23:36:18,947 - httpx - INFO - HTTP Request: POST http://testserver/api/v1/tasks/task-4ad1678d/run "HTTP/1.1 200 OK"
2026-09-13 23:36:21,975 - httpx - INFO - HTTP Request: GET http://testserver/api/v1/tasks/task-4ad1678d "HTTP/1.1 200 OK"
2026-09-13 23:36:22,015 - httpx - INFO - HTTP Request: POST http://testserver/api/v1/tasks "HTTP/1.1 200 OK"
2026-09-13 23:36:22,053 - sovereign.llama_cpp.lifecycle - INFO - Switching deployment to 'Llama-3.2-3B-Instruct'...
2026-09-13 23:36:22,055 - sovereign.llama_cpp.lifecycle - INFO - Loading deployment 'Llama-3.2-3B-Instruct' with command: C:\Users\Dell\AppData\Local\Microsoft\WinGet\Packages\ggml.llamacpp_Microsoft.Winget.Source_8wekyb3d8bbwe\llama-server.exe -m C:\Users\Dell\.cache\huggingface\hub\models--bartowski--Llama-3.2-3B-Instruct-GGUF\snapshots\5ab33fa94d1d04e903623ae72c95d1696f09f9e8\Llama-3.2-3B-Instruct-Q4_K_M.gguf --port 8080 --host 127.0.0.1 -c 8192 -ngl 20
2026-09-13 23:36:33,392 - sovereign.llama_cpp.lifecycle - INFO - Deployment 'Llama-3.2-3B-Instruct' loaded successfully and is ready.
2026-09-13 23:36:40,326 - httpx - INFO - HTTP Request: POST http://testserver/api/v1/tasks/task-dca40f44/run "HTTP/1.1 200 OK"
2026-09-13 23:36:42,353 - httpx - INFO - HTTP Request: GET http://testserver/api/v1/tasks/task-dca40f44 "HTTP/1.1 200 OK"
2026-09-13 23:36:42,372 - httpx - INFO - HTTP Request: GET http://testserver/api/v1/tasks/task-dca40f44/artifacts "HTTP/1.1 200 OK"
2026-09-13 23:37:05,509 - httpx - INFO - HTTP Request: POST http://testserver/api/v1/knowledge/documents "HTTP/1.1 200 OK"
2026-09-13 23:37:05,544 - httpx - INFO - HTTP Request: POST http://testserver/api/v1/tasks "HTTP/1.1 200 OK"
2026-09-13 23:37:05,640 - httpx - INFO - HTTP Request: POST http://testserver/api/v1/tasks/task-9931e132/run "HTTP/1.1 200 OK"
2026-09-13 23:37:08,667 - httpx - INFO - HTTP Request: GET http://testserver/api/v1/tasks/task-9931e132 "HTTP/1.1 200 OK"
2026-09-13 23:37:08,701 - httpx - INFO - HTTP Request: POST http://testserver/api/v1/tasks "HTTP/1.1 200 OK"
2026-09-13 23:37:08,731 - sovereign.llama_cpp.lifecycle - INFO - Switching deployment to 'Llama-3.2-3B-Instruct'...
2026-09-13 23:37:08,739 - sovereign.llama_cpp.lifecycle - INFO - Loading deployment 'Llama-3.2-3B-Instruct' with command: C:\Users\Dell\AppData\Local\Microsoft\WinGet\Packages\ggml.llamacpp_Microsoft.Winget.Source_8wekyb3d8bbwe\llama-server.exe -m C:\Users\Dell\.cache\huggingface\hub\models--bartowski--Llama-3.2-3B-Instruct-GGUF\snapshots\5ab33fa94d1d04e903623ae72c95d1696f09f9e8\Llama-3.2-3B-Instruct-Q4_K_M.gguf --port 8080 --host 127.0.0.1 -c 8192 -ngl 20
2026-09-13 23:37:19,517 - sovereign.llama_cpp.lifecycle - INFO - Deployment 'Llama-3.2-3B-Instruct' loaded successfully and is ready.
2026-09-13 23:37:24,859 - httpx - INFO - HTTP Request: POST http://testserver/api/v1/tasks/task-03430252/run "HTTP/1.1 200 OK"
2026-09-13 23:37:26,875 - httpx - INFO - HTTP Request: GET http://testserver/api/v1/tasks/task-03430252 "HTTP/1.1 200 OK"
2026-09-13 23:38:57,582 - httpx - INFO - HTTP Request: POST http://testserver/api/v1/knowledge/documents "HTTP/1.1 200 OK"
2026-09-13 23:38:57,607 - httpx - INFO - HTTP Request: POST http://testserver/api/v1/tasks "HTTP/1.1 200 OK"
2026-09-13 23:38:57,679 - httpx - INFO - HTTP Request: POST http://testserver/api/v1/tasks/task-9cb272e9/run "HTTP/1.1 200 OK"
2026-09-13 23:39:00,687 - httpx - INFO - HTTP Request: GET http://testserver/api/v1/tasks/task-9cb272e9 "HTTP/1.1 200 OK"
2026-09-13 23:39:53,030 - httpx - INFO - HTTP Request: POST http://testserver/api/v1/knowledge/documents "HTTP/1.1 200 OK"
2026-09-13 23:39:53,059 - httpx - INFO - HTTP Request: POST http://testserver/api/v1/tasks "HTTP/1.1 200 OK"
2026-09-13 23:39:53,137 - httpx - INFO - HTTP Request: POST http://testserver/api/v1/tasks/task-2634b735/run "HTTP/1.1 200 OK"
2026-09-13 23:39:56,149 - httpx - INFO - HTTP Request: GET http://testserver/api/v1/tasks/task-2634b735 "HTTP/1.1 200 OK"
2026-09-13 23:39:56,167 - httpx - INFO - HTTP Request: POST http://testserver/api/v1/tasks "HTTP/1.1 200 OK"
2026-09-13 23:39:56,185 - sovereign.llama_cpp.lifecycle - INFO - Switching deployment to 'Llama-3.2-3B-Instruct'...
2026-09-13 23:39:56,186 - sovereign.llama_cpp.lifecycle - INFO - Loading deployment 'Llama-3.2-3B-Instruct' with command: C:\Users\Dell\AppData\Local\Microsoft\WinGet\Packages\ggml.llamacpp_Microsoft.Winget.Source_8wekyb3d8bbwe\llama-server.exe -m C:\Users\Dell\.cache\huggingface\hub\models--bartowski--Llama-3.2-3B-Instruct-GGUF\snapshots\5ab33fa94d1d04e903623ae72c95d1696f09f9e8\Llama-3.2-3B-Instruct-Q4_K_M.gguf --port 8080 --host 127.0.0.1 -c 8192 -ngl 20
2026-09-13 23:40:03,925 - sovereign.llama_cpp.lifecycle - INFO - Deployment 'Llama-3.2-3B-Instruct' loaded successfully and is ready.
2026-09-13 23:40:09,254 - httpx - INFO - HTTP Request: POST http://testserver/api/v1/tasks/task-bdcc243a/run "HTTP/1.1 200 OK"
2026-09-13 23:40:11,269 - httpx - INFO - HTTP Request: GET http://testserver/api/v1/tasks/task-bdcc243a "HTTP/1.1 200 OK"
2026-09-13 23:40:47,796 - httpx - INFO - HTTP Request: POST http://testserver/api/v1/knowledge/documents "HTTP/1.1 200 OK"
2026-09-13 23:40:47,815 - httpx - INFO - HTTP Request: POST http://testserver/api/v1/tasks "HTTP/1.1 200 OK"
2026-09-13 23:40:47,884 - httpx - INFO - HTTP Request: POST http://testserver/api/v1/tasks/task-ca1360af/run "HTTP/1.1 200 OK"
2026-09-13 23:40:50,895 - httpx - INFO - HTTP Request: GET http://testserver/api/v1/tasks/task-ca1360af "HTTP/1.1 200 OK"
2026-09-13 23:40:50,917 - httpx - INFO - HTTP Request: POST http://testserver/api/v1/tasks "HTTP/1.1 200 OK"
2026-09-13 23:40:50,938 - sovereign.llama_cpp.lifecycle - INFO - Switching deployment to 'Llama-3.2-3B-Instruct'...
2026-09-13 23:40:50,939 - sovereign.llama_cpp.lifecycle - INFO - Loading deployment 'Llama-3.2-3B-Instruct' with command: C:\Users\Dell\AppData\Local\Microsoft\WinGet\Packages\ggml.llamacpp_Microsoft.Winget.Source_8wekyb3d8bbwe\llama-server.exe -m C:\Users\Dell\.cache\huggingface\hub\models--bartowski--Llama-3.2-3B-Instruct-GGUF\snapshots\5ab33fa94d1d04e903623ae72c95d1696f09f9e8\Llama-3.2-3B-Instruct-Q4_K_M.gguf --port 8080 --host 127.0.0.1 -c 8192 -ngl 20
2026-09-13 23:40:56,139 - sovereign.llama_cpp.lifecycle - INFO - Deployment 'Llama-3.2-3B-Instruct' loaded successfully and is ready.
2026-09-13 23:41:01,179 - httpx - INFO - HTTP Request: POST http://testserver/api/v1/tasks/task-b9c3ca5b/run "HTTP/1.1 200 OK"
2026-09-13 23:41:03,186 - httpx - INFO - HTTP Request: GET http://testserver/api/v1/tasks/task-b9c3ca5b "HTTP/1.1 200 OK"
2026-09-13 23:41:03,194 - httpx - INFO - HTTP Request: GET http://testserver/api/v1/tasks/task-b9c3ca5b/artifacts "HTTP/1.1 200 OK"
2026-09-13 23:49:25,056 - httpx - INFO - HTTP Request: POST http://testserver/api/v1/knowledge/documents "HTTP/1.1 200 OK"
2026-09-13 23:49:25,073 - httpx - INFO - HTTP Request: POST http://testserver/api/v1/tasks "HTTP/1.1 200 OK"
2026-09-13 23:49:25,092 - sovereign.llama_cpp.lifecycle - INFO - Switching deployment to 'Llama-3.2-3B-Instruct'...
2026-09-13 23:49:25,092 - sovereign.llama_cpp.lifecycle - INFO - Loading deployment 'Llama-3.2-3B-Instruct' with command: C:\Users\Dell\AppData\Local\Microsoft\WinGet\Packages\ggml.llamacpp_Microsoft.Winget.Source_8wekyb3d8bbwe\llama-server.exe -m C:\Users\Dell\.cache\huggingface\hub\models--bartowski--Llama-3.2-3B-Instruct-GGUF\snapshots\5ab33fa94d1d04e903623ae72c95d1696f09f9e8\Llama-3.2-3B-Instruct-Q4_K_M.gguf --port 8080 --host 127.0.0.1 -c 8192 -ngl 20
2026-09-13 23:49:30,219 - sovereign.llama_cpp.lifecycle - INFO - Deployment 'Llama-3.2-3B-Instruct' loaded successfully and is ready.
2026-09-13 23:50:05,996 - httpx - INFO - HTTP Request: POST http://testserver/api/v1/tasks/task-21273e0c/run "HTTP/1.1 200 OK"
2026-09-13 23:50:08,007 - httpx - INFO - HTTP Request: GET http://testserver/api/v1/tasks/task-21273e0c "HTTP/1.1 200 OK"
2026-09-13 23:53:58,468 - httpx2 - INFO - HTTP Request: GET http://testserver/api/v1/health "HTTP/1.1 200 OK"
2026-09-13 23:53:58,509 - httpx2 - INFO - HTTP Request: POST http://testserver/api/v1/tasks "HTTP/1.1 200 OK"
2026-09-13 23:53:58,515 - httpx2 - INFO - HTTP Request: GET http://testserver/api/v1/tasks/task-34fc82b0 "HTTP/1.1 200 OK"
2026-09-13 23:53:58,542 - httpx2 - INFO - HTTP Request: POST http://testserver/api/v1/tasks "HTTP/1.1 422 Unprocessable Entity"
2026-09-13 23:53:58,569 - httpx2 - INFO - HTTP Request: GET http://testserver/api/v1/tasks/task-notexist "HTTP/1.1 404 Not Found"
2026-09-13 23:53:58,608 - httpx2 - INFO - HTTP Request: POST http://testserver/api/v1/tasks/task-62b92db5/run "HTTP/1.1 400 Bad Request"
2026-09-13 23:53:58,625 - httpx2 - INFO - HTTP Request: POST http://testserver/api/v1/tasks/task-62b92db5/run "HTTP/1.1 400 Bad Request"
2026-09-13 23:53:58,642 - httpx2 - INFO - HTTP Request: POST http://testserver/api/v1/tasks/task-62b92db5/run "HTTP/1.1 400 Bad Request"
2026-09-13 23:53:58,656 - httpx2 - INFO - HTTP Request: POST http://testserver/api/v1/tasks/task-62b92db5/run "HTTP/1.1 400 Bad Request"
2026-09-13 23:53:58,662 - httpx2 - INFO - HTTP Request: POST http://testserver/api/v1/tasks/task-notexist/run "HTTP/1.1 404 Not Found"
2026-09-13 23:53:58,696 - httpx2 - INFO - HTTP Request: POST http://testserver/api/v1/tasks/task-9cbf683b/run "HTTP/1.1 200 OK"
2026-09-13 23:53:58,701 - httpx2 - INFO - HTTP Request: POST http://testserver/api/v1/tasks/task-9cbf683b/run "HTTP/1.1 409 Conflict"
2026-09-13 23:53:58,875 - httpx2 - INFO - HTTP Request: POST http://testserver/api/v1/knowledge/documents "HTTP/1.1 400 Bad Request"
2026-09-13 23:53:58,893 - httpx2 - INFO - HTTP Request: POST http://testserver/api/v1/knowledge/documents "HTTP/1.1 413 Request Entity Too Large"
2026-09-13 23:53:58,913 - httpx2 - INFO - HTTP Request: GET http://testserver/api/v1/tasks/task-abc/artifacts "HTTP/1.1 200 OK"
2026-09-13 23:53:58,919 - httpx2 - INFO - HTTP Request: GET http://testserver/api/v1/artifacts/art-123 "HTTP/1.1 200 OK"
2026-09-13 23:53:58,922 - httpx2 - INFO - HTTP Request: GET http://testserver/api/v1/artifacts/art-notexist "HTTP/1.1 404 Not Found"
2026-09-13 23:53:58,942 - httpx2 - INFO - HTTP Request: GET http://testserver/api/v1/artifacts/art-hack "HTTP/1.1 404 Not Found"
2026-09-13 23:53:59,477 - httpx2 - INFO - HTTP Request: POST http://testserver/api/v1/tasks "HTTP/1.1 200 OK"
2026-09-13 23:53:59,527 - httpx2 - INFO - HTTP Request: POST http://testserver/api/v1/knowledge/documents "HTTP/1.1 200 OK"
2026-09-13 23:53:59,547 - sovereign.llama_cpp.lifecycle - INFO - Switching deployment to 'Llama-3.2-3B-Instruct'...
2026-09-13 23:53:59,548 - sovereign.llama_cpp.lifecycle - INFO - Loading deployment 'Llama-3.2-3B-Instruct' with command: C:\Users\Dell\AppData\Local\Microsoft\WinGet\Packages\ggml.llamacpp_Microsoft.Winget.Source_8wekyb3d8bbwe\llama-server.exe -m C:\Users\Dell\.cache\huggingface\hub\models--bartowski--Llama-3.2-3B-Instruct-GGUF\snapshots\5ab33fa94d1d04e903623ae72c95d1696f09f9e8\Llama-3.2-3B-Instruct-Q4_K_M.gguf --port 8080 --host 127.0.0.1 -c 8192 -ngl 20
2026-09-13 23:54:04,694 - sovereign.llama_cpp.lifecycle - INFO - Deployment 'Llama-3.2-3B-Instruct' loaded successfully and is ready.
2026-09-13 23:54:04,761 - httpx2 - INFO - HTTP Request: POST http://testserver/api/v1/tasks/task-410cc0fe/run "HTTP/1.1 200 OK"
2026-09-13 23:54:05,768 - httpx2 - INFO - HTTP Request: GET http://testserver/api/v1/tasks/task-410cc0fe "HTTP/1.1 200 OK"
2026-09-13 23:54:05,780 - httpx2 - INFO - HTTP Request: GET http://testserver/api/v1/tasks/task-410cc0fe/artifacts "HTTP/1.1 200 OK"
2026-09-13 23:54:05,785 - httpx2 - INFO - HTTP Request: GET http://testserver/api/v1/artifacts/art-63c03ead "HTTP/1.1 200 OK"
2026-09-13 23:54:06,128 - httpx2 - INFO - HTTP Request: POST http://testserver/api/v1/knowledge/documents "HTTP/1.1 400 Bad Request"
2026-09-13 23:54:06,144 - httpx2 - INFO - HTTP Request: POST http://testserver/api/v1/knowledge/documents "HTTP/1.1 200 OK"
2026-09-13 23:54:06,516 - asyncio - DEBUG - Using proactor: IocpProactor
2026-09-13 23:54:06,524 - multipart.multipart - DEBUG - Calling on_part_begin with no data
2026-09-13 23:54:06,525 - multipart.multipart - DEBUG - Calling on_header_field with data[36:55]
2026-09-13 23:54:06,525 - multipart.multipart - DEBUG - Calling on_header_value with data[57:106]
2026-09-13 23:54:06,525 - multipart.multipart - DEBUG - Calling on_header_end with no data
2026-09-13 23:54:06,526 - multipart.multipart - DEBUG - Calling on_header_field with data[108:120]
2026-09-13 23:54:06,526 - multipart.multipart - DEBUG - Calling on_header_value with data[122:131]
2026-09-13 23:54:06,526 - multipart.multipart - DEBUG - Calling on_header_end with no data
2026-09-13 23:54:06,526 - multipart.multipart - DEBUG - Calling on_headers_finished with no data
2026-09-13 23:54:06,527 - multipart.multipart - DEBUG - Calling on_part_data with data[135:153]
2026-09-13 23:54:06,527 - multipart.multipart - DEBUG - Calling on_part_end with no data
2026-09-13 23:54:06,527 - multipart.multipart - DEBUG - Calling on_end with no data
2026-09-13 23:54:06,542 - httpx2 - INFO - HTTP Request: POST http://testserver/api/v1/knowledge/documents "HTTP/1.1 403 Forbidden"
2026-09-13 23:54:06,668 - sovereign.llama_cpp.lifecycle - INFO - Loading deployment 'Model1' with command: C:\Users\Dell\AppData\Local\Microsoft\WinGet\Packages\ggml.llamacpp_Microsoft.Winget.Source_8wekyb3d8bbwe\llama-server.exe -m C:\Users\Dell\AppData\Local\Temp\pytest-of-Dell\pytest-51\test_llama_cpp_adapter_and_lif0\model1.gguf --port 8080 --host 127.0.0.1 -c 2048 -ngl 10
2026-09-13 23:54:06,669 - sovereign.llama_cpp.lifecycle - INFO - Deployment 'Model1' loaded successfully and is ready.
2026-09-13 23:54:06,670 - sovereign.llama_cpp.lifecycle - INFO - Switching deployment to 'Model2'...
2026-09-13 23:54:06,670 - sovereign.llama_cpp.lifecycle - INFO - Stopping active llama-server deployment...
2026-09-13 23:54:06,670 - sovereign.llama_cpp.lifecycle - INFO - llama-server stopped.
2026-09-13 23:54:06,671 - sovereign.llama_cpp.lifecycle - INFO - Loading deployment 'Model2' with command: C:\Users\Dell\AppData\Local\Microsoft\WinGet\Packages\ggml.llamacpp_Microsoft.Winget.Source_8wekyb3d8bbwe\llama-server.exe -m C:\Users\Dell\AppData\Local\Temp\pytest-of-Dell\pytest-51\test_llama_cpp_adapter_and_lif0\model2.gguf --port 8081 --host 127.0.0.1 -c 4096 -ngl 20
2026-09-13 23:54:06,671 - sovereign.llama_cpp.lifecycle - INFO - Deployment 'Model2' loaded successfully and is ready.
2026-09-13 23:54:06,671 - sovereign.llama_cpp.lifecycle - INFO - Stopping active llama-server deployment...
2026-09-13 23:54:06,671 - sovereign.llama_cpp.lifecycle - INFO - llama-server stopped.
2026-09-13 23:54:11,670 - sovereign.llama_cpp.lifecycle - INFO - Loading deployment 'test-model' with command: mock-server.exe -m /fake/model.gguf --port 8080 --host 127.0.0.1 -c 8192 -ngl 20
2026-09-13 23:54:11,671 - sovereign.llama_cpp.lifecycle - INFO - Deployment 'test-model' loaded successfully and is ready.
2026-09-13 23:54:11,671 - sovereign.llama_cpp.lifecycle - INFO - Stopping active llama-server deployment...
2026-09-13 23:54:11,672 - sovereign.llama_cpp.lifecycle - INFO - llama-server stopped.
2026-09-13 23:54:11,672 - sovereign.llama_cpp.lifecycle - INFO - Loading deployment 'test-vision-model' with command: mock-server.exe -m /fake/model.gguf --port 8080 --host 127.0.0.1 -c 8192 -ngl 20 --mmproj /fake/projector.gguf
2026-09-13 23:54:11,672 - sovereign.llama_cpp.lifecycle - INFO - Deployment 'test-vision-model' loaded successfully and is ready.
2026-09-13 23:54:57,769 - httpx - INFO - HTTP Request: POST http://testserver/api/v1/knowledge/documents "HTTP/1.1 200 OK"
2026-09-13 23:54:57,791 - httpx - INFO - HTTP Request: POST http://testserver/api/v1/tasks "HTTP/1.1 200 OK"
2026-09-13 23:54:57,811 - sovereign.llama_cpp.lifecycle - INFO - Switching deployment to 'Llama-3.2-3B-Instruct'...
2026-09-13 23:54:57,812 - sovereign.llama_cpp.lifecycle - INFO - Loading deployment 'Llama-3.2-3B-Instruct' with command: C:\Users\Dell\AppData\Local\Microsoft\WinGet\Packages\ggml.llamacpp_Microsoft.Winget.Source_8wekyb3d8bbwe\llama-server.exe -m C:\Users\Dell\.cache\huggingface\hub\models--bartowski--Llama-3.2-3B-Instruct-GGUF\snapshots\5ab33fa94d1d04e903623ae72c95d1696f09f9e8\Llama-3.2-3B-Instruct-Q4_K_M.gguf --port 8080 --host 127.0.0.1 -c 8192 -ngl 20
2026-09-13 23:55:02,954 - sovereign.llama_cpp.lifecycle - INFO - Deployment 'Llama-3.2-3B-Instruct' loaded successfully and is ready.
2026-09-13 23:55:25,383 - httpx - INFO - HTTP Request: POST http://testserver/api/v1/tasks/task-94dcc0a9/run "HTTP/1.1 200 OK"
2026-09-13 23:55:27,395 - httpx - INFO - HTTP Request: GET http://testserver/api/v1/tasks/task-94dcc0a9 "HTTP/1.1 200 OK"
2026-09-13 23:57:30,775 - httpx2 - INFO - HTTP Request: GET http://testserver/api/v1/health "HTTP/1.1 200 OK"
2026-09-13 23:57:30,812 - httpx2 - INFO - HTTP Request: POST http://testserver/api/v1/tasks "HTTP/1.1 200 OK"
2026-09-13 23:57:30,819 - httpx2 - INFO - HTTP Request: GET http://testserver/api/v1/tasks/task-bed86c73 "HTTP/1.1 200 OK"
2026-09-13 23:57:30,838 - httpx2 - INFO - HTTP Request: POST http://testserver/api/v1/tasks "HTTP/1.1 422 Unprocessable Entity"
2026-09-13 23:57:30,856 - httpx2 - INFO - HTTP Request: GET http://testserver/api/v1/tasks/task-notexist "HTTP/1.1 404 Not Found"
2026-09-13 23:57:30,891 - httpx2 - INFO - HTTP Request: POST http://testserver/api/v1/tasks/task-22855955/run "HTTP/1.1 400 Bad Request"
2026-09-13 23:57:30,911 - httpx2 - INFO - HTTP Request: POST http://testserver/api/v1/tasks/task-22855955/run "HTTP/1.1 400 Bad Request"
2026-09-13 23:57:30,926 - httpx2 - INFO - HTTP Request: POST http://testserver/api/v1/tasks/task-22855955/run "HTTP/1.1 400 Bad Request"
2026-09-13 23:57:30,950 - httpx2 - INFO - HTTP Request: POST http://testserver/api/v1/tasks/task-22855955/run "HTTP/1.1 400 Bad Request"
2026-09-13 23:57:30,956 - httpx2 - INFO - HTTP Request: POST http://testserver/api/v1/tasks/task-notexist/run "HTTP/1.1 404 Not Found"
2026-09-13 23:57:30,991 - httpx2 - INFO - HTTP Request: POST http://testserver/api/v1/tasks/task-3cbcf94d/run "HTTP/1.1 200 OK"
2026-09-13 23:57:30,997 - httpx2 - INFO - HTTP Request: POST http://testserver/api/v1/tasks/task-3cbcf94d/run "HTTP/1.1 409 Conflict"
2026-09-13 23:57:31,168 - httpx2 - INFO - HTTP Request: POST http://testserver/api/v1/knowledge/documents "HTTP/1.1 400 Bad Request"
2026-09-13 23:57:31,195 - httpx2 - INFO - HTTP Request: POST http://testserver/api/v1/knowledge/documents "HTTP/1.1 413 Request Entity Too Large"
2026-09-13 23:57:31,221 - httpx2 - INFO - HTTP Request: GET http://testserver/api/v1/tasks/task-abc/artifacts "HTTP/1.1 200 OK"
2026-09-13 23:57:31,230 - httpx2 - INFO - HTTP Request: GET http://testserver/api/v1/artifacts/art-123 "HTTP/1.1 200 OK"
2026-09-13 23:57:31,234 - httpx2 - INFO - HTTP Request: GET http://testserver/api/v1/artifacts/art-notexist "HTTP/1.1 404 Not Found"
2026-09-13 23:57:31,258 - httpx2 - INFO - HTTP Request: GET http://testserver/api/v1/artifacts/art-hack "HTTP/1.1 404 Not Found"
2026-09-13 23:57:31,750 - httpx2 - INFO - HTTP Request: POST http://testserver/api/v1/tasks "HTTP/1.1 200 OK"
2026-09-13 23:57:31,780 - httpx2 - INFO - HTTP Request: POST http://testserver/api/v1/knowledge/documents "HTTP/1.1 200 OK"
2026-09-13 23:57:31,793 - sovereign.llama_cpp.lifecycle - INFO - Switching deployment to 'Llama-3.2-3B-Instruct'...
2026-09-13 23:57:31,794 - sovereign.llama_cpp.lifecycle - INFO - Loading deployment 'Llama-3.2-3B-Instruct' with command: C:\Users\Dell\AppData\Local\Microsoft\WinGet\Packages\ggml.llamacpp_Microsoft.Winget.Source_8wekyb3d8bbwe\llama-server.exe -m C:\Users\Dell\.cache\huggingface\hub\models--bartowski--Llama-3.2-3B-Instruct-GGUF\snapshots\5ab33fa94d1d04e903623ae72c95d1696f09f9e8\Llama-3.2-3B-Instruct-Q4_K_M.gguf --port 8080 --host 127.0.0.1 -c 8192 -ngl 20
2026-09-13 23:57:36,969 - sovereign.llama_cpp.lifecycle - INFO - Deployment 'Llama-3.2-3B-Instruct' loaded successfully and is ready.
2026-09-13 23:57:37,029 - httpx2 - INFO - HTTP Request: POST http://testserver/api/v1/tasks/task-9c4b0a86/run "HTTP/1.1 200 OK"
2026-09-13 23:57:38,036 - httpx2 - INFO - HTTP Request: GET http://testserver/api/v1/tasks/task-9c4b0a86 "HTTP/1.1 200 OK"
2026-09-13 23:57:38,044 - httpx2 - INFO - HTTP Request: GET http://testserver/api/v1/tasks/task-9c4b0a86/artifacts "HTTP/1.1 200 OK"
2026-09-13 23:57:38,052 - httpx2 - INFO - HTTP Request: GET http://testserver/api/v1/artifacts/art-e9236eea "HTTP/1.1 200 OK"
2026-09-13 23:57:38,360 - httpx2 - INFO - HTTP Request: POST http://testserver/api/v1/knowledge/documents "HTTP/1.1 400 Bad Request"
2026-09-13 23:57:38,373 - httpx2 - INFO - HTTP Request: POST http://testserver/api/v1/knowledge/documents "HTTP/1.1 200 OK"
2026-09-13 23:57:38,727 - asyncio - DEBUG - Using proactor: IocpProactor
2026-09-13 23:57:38,735 - multipart.multipart - DEBUG - Calling on_part_begin with no data
2026-09-13 23:57:38,736 - multipart.multipart - DEBUG - Calling on_header_field with data[36:55]
2026-09-13 23:57:38,736 - multipart.multipart - DEBUG - Calling on_header_value with data[57:106]
2026-09-13 23:57:38,736 - multipart.multipart - DEBUG - Calling on_header_end with no data
2026-09-13 23:57:38,736 - multipart.multipart - DEBUG - Calling on_header_field with data[108:120]
2026-09-13 23:57:38,737 - multipart.multipart - DEBUG - Calling on_header_value with data[122:131]
2026-09-13 23:57:38,737 - multipart.multipart - DEBUG - Calling on_header_end with no data
2026-09-13 23:57:38,737 - multipart.multipart - DEBUG - Calling on_headers_finished with no data
2026-09-13 23:57:38,737 - multipart.multipart - DEBUG - Calling on_part_data with data[135:153]
2026-09-13 23:57:38,738 - multipart.multipart - DEBUG - Calling on_part_end with no data
2026-09-13 23:57:38,738 - multipart.multipart - DEBUG - Calling on_end with no data
2026-09-13 23:57:38,751 - httpx2 - INFO - HTTP Request: POST http://testserver/api/v1/knowledge/documents "HTTP/1.1 403 Forbidden"
2026-09-13 23:57:38,880 - sovereign.llama_cpp.lifecycle - INFO - Loading deployment 'Model1' with command: C:\Users\Dell\AppData\Local\Microsoft\WinGet\Packages\ggml.llamacpp_Microsoft.Winget.Source_8wekyb3d8bbwe\llama-server.exe -m C:\Users\Dell\AppData\Local\Temp\pytest-of-Dell\pytest-52\test_llama_cpp_adapter_and_lif0\model1.gguf --port 8080 --host 127.0.0.1 -c 2048 -ngl 10
2026-09-13 23:57:38,880 - sovereign.llama_cpp.lifecycle - INFO - Deployment 'Model1' loaded successfully and is ready.
2026-09-13 23:57:38,881 - sovereign.llama_cpp.lifecycle - INFO - Switching deployment to 'Model2'...
2026-09-13 23:57:38,882 - sovereign.llama_cpp.lifecycle - INFO - Stopping active llama-server deployment...
2026-09-13 23:57:38,882 - sovereign.llama_cpp.lifecycle - INFO - llama-server stopped.
2026-09-13 23:57:38,882 - sovereign.llama_cpp.lifecycle - INFO - Loading deployment 'Model2' with command: C:\Users\Dell\AppData\Local\Microsoft\WinGet\Packages\ggml.llamacpp_Microsoft.Winget.Source_8wekyb3d8bbwe\llama-server.exe -m C:\Users\Dell\AppData\Local\Temp\pytest-of-Dell\pytest-52\test_llama_cpp_adapter_and_lif0\model2.gguf --port 8081 --host 127.0.0.1 -c 4096 -ngl 20
2026-09-13 23:57:38,882 - sovereign.llama_cpp.lifecycle - INFO - Deployment 'Model2' loaded successfully and is ready.
2026-09-13 23:57:38,883 - sovereign.llama_cpp.lifecycle - INFO - Stopping active llama-server deployment...
2026-09-13 23:57:38,883 - sovereign.llama_cpp.lifecycle - INFO - llama-server stopped.
2026-09-13 23:57:44,059 - sovereign.llama_cpp.lifecycle - INFO - Loading deployment 'test-model' with command: mock-server.exe -m /fake/model.gguf --port 8080 --host 127.0.0.1 -c 8192 -ngl 20
2026-09-13 23:57:44,060 - sovereign.llama_cpp.lifecycle - INFO - Deployment 'test-model' loaded successfully and is ready.
2026-09-13 23:57:44,060 - sovereign.llama_cpp.lifecycle - INFO - Stopping active llama-server deployment...
2026-09-13 23:57:44,061 - sovereign.llama_cpp.lifecycle - INFO - llama-server stopped.
2026-09-13 23:57:44,061 - sovereign.llama_cpp.lifecycle - INFO - Loading deployment 'test-vision-model' with command: mock-server.exe -m /fake/model.gguf --port 8080 --host 127.0.0.1 -c 8192 -ngl 20 --mmproj /fake/projector.gguf
2026-09-13 23:57:44,062 - sovereign.llama_cpp.lifecycle - INFO - Deployment 'test-vision-model' loaded successfully and is ready.
2026-09-13 23:57:59,867 - httpx - INFO - HTTP Request: POST http://testserver/api/v1/knowledge/documents "HTTP/1.1 200 OK"
2026-09-13 23:57:59,883 - httpx - INFO - HTTP Request: POST http://testserver/api/v1/tasks "HTTP/1.1 200 OK"
2026-09-13 23:57:59,899 - sovereign.llama_cpp.lifecycle - INFO - Switching deployment to 'Llama-3.2-3B-Instruct'...
2026-09-13 23:57:59,900 - sovereign.llama_cpp.lifecycle - INFO - Loading deployment 'Llama-3.2-3B-Instruct' with command: C:\Users\Dell\AppData\Local\Microsoft\WinGet\Packages\ggml.llamacpp_Microsoft.Winget.Source_8wekyb3d8bbwe\llama-server.exe -m C:\Users\Dell\.cache\huggingface\hub\models--bartowski--Llama-3.2-3B-Instruct-GGUF\snapshots\5ab33fa94d1d04e903623ae72c95d1696f09f9e8\Llama-3.2-3B-Instruct-Q4_K_M.gguf --port 8080 --host 127.0.0.1 -c 8192 -ngl 20
2026-09-13 23:58:05,038 - sovereign.llama_cpp.lifecycle - INFO - Deployment 'Llama-3.2-3B-Instruct' loaded successfully and is ready.
2026-09-14 00:00:12,408 - httpx - INFO - HTTP Request: POST http://testserver/api/v1/tasks/task-11732f00/run "HTTP/1.1 200 OK"
2026-09-14 00:00:14,422 - httpx - INFO - HTTP Request: GET http://testserver/api/v1/tasks/task-11732f00 "HTTP/1.1 200 OK"
2026-09-14 00:00:14,438 - httpx - INFO - HTTP Request: GET http://testserver/api/v1/tasks/task-11732f00/artifacts "HTTP/1.1 200 OK"
2026-09-14 00:00:42,500 - httpx - INFO - HTTP Request: POST http://testserver/api/v1/knowledge/documents "HTTP/1.1 200 OK"
2026-09-14 00:00:42,521 - httpx - INFO - HTTP Request: POST http://testserver/api/v1/tasks "HTTP/1.1 200 OK"
2026-09-14 00:00:42,544 - sovereign.llama_cpp.lifecycle - INFO - Switching deployment to 'Llama-3.2-3B-Instruct'...
2026-09-14 00:00:42,545 - sovereign.llama_cpp.lifecycle - INFO - Loading deployment 'Llama-3.2-3B-Instruct' with command: C:\Users\Dell\AppData\Local\Microsoft\WinGet\Packages\ggml.llamacpp_Microsoft.Winget.Source_8wekyb3d8bbwe\llama-server.exe -m C:\Users\Dell\.cache\huggingface\hub\models--bartowski--Llama-3.2-3B-Instruct-GGUF\snapshots\5ab33fa94d1d04e903623ae72c95d1696f09f9e8\Llama-3.2-3B-Instruct-Q4_K_M.gguf --port 8080 --host 127.0.0.1 -c 8192 -ngl 20
2026-09-14 00:00:47,716 - sovereign.llama_cpp.lifecycle - INFO - Deployment 'Llama-3.2-3B-Instruct' loaded successfully and is ready.
2026-09-14 00:00:51,679 - httpx - INFO - HTTP Request: POST http://testserver/api/v1/tasks/task-10d4260c/run "HTTP/1.1 200 OK"
2026-09-14 00:00:53,695 - httpx - INFO - HTTP Request: GET http://testserver/api/v1/tasks/task-10d4260c "HTTP/1.1 200 OK"
2026-09-14 00:01:12,547 - httpx - INFO - HTTP Request: POST http://testserver/api/v1/knowledge/documents "HTTP/1.1 200 OK"
2026-09-14 00:01:12,568 - httpx - INFO - HTTP Request: POST http://testserver/api/v1/tasks "HTTP/1.1 200 OK"
2026-09-14 00:01:12,588 - sovereign.llama_cpp.lifecycle - INFO - Switching deployment to 'Llama-3.2-3B-Instruct'...
2026-09-14 00:01:12,588 - sovereign.llama_cpp.lifecycle - INFO - Loading deployment 'Llama-3.2-3B-Instruct' with command: C:\Users\Dell\AppData\Local\Microsoft\WinGet\Packages\ggml.llamacpp_Microsoft.Winget.Source_8wekyb3d8bbwe\llama-server.exe -m C:\Users\Dell\.cache\huggingface\hub\models--bartowski--Llama-3.2-3B-Instruct-GGUF\snapshots\5ab33fa94d1d04e903623ae72c95d1696f09f9e8\Llama-3.2-3B-Instruct-Q4_K_M.gguf --port 8080 --host 127.0.0.1 -c 8192 -ngl 20
2026-09-14 00:01:17,761 - sovereign.llama_cpp.lifecycle - INFO - Deployment 'Llama-3.2-3B-Instruct' loaded successfully and is ready.
2026-09-14 00:01:28,645 - httpx - INFO - HTTP Request: POST http://testserver/api/v1/tasks/task-c92bcb50/run "HTTP/1.1 200 OK"
2026-09-14 00:01:30,657 - httpx - INFO - HTTP Request: GET http://testserver/api/v1/tasks/task-c92bcb50 "HTTP/1.1 200 OK"
2026-09-14 00:10:11,954 - httpx - INFO - HTTP Request: POST http://testserver/api/v1/knowledge/documents "HTTP/1.1 200 OK"
2026-09-14 00:10:11,973 - httpx - INFO - HTTP Request: POST http://testserver/api/v1/tasks "HTTP/1.1 200 OK"
2026-09-14 00:10:11,990 - sovereign.llama_cpp.lifecycle - INFO - Switching deployment to 'Llama-3.2-3B-Instruct'...
2026-09-14 00:10:11,991 - sovereign.llama_cpp.lifecycle - INFO - Loading deployment 'Llama-3.2-3B-Instruct' with command: C:\Users\Dell\AppData\Local\Microsoft\WinGet\Packages\ggml.llamacpp_Microsoft.Winget.Source_8wekyb3d8bbwe\llama-server.exe -m C:\Users\Dell\.cache\huggingface\hub\models--bartowski--Llama-3.2-3B-Instruct-GGUF\snapshots\5ab33fa94d1d04e903623ae72c95d1696f09f9e8\Llama-3.2-3B-Instruct-Q4_K_M.gguf --port 8080 --host 127.0.0.1 -c 8192 -ngl 20
2026-09-14 00:10:17,161 - sovereign.llama_cpp.lifecycle - INFO - Deployment 'Llama-3.2-3B-Instruct' loaded successfully and is ready.
2026-09-14 00:12:25,948 - httpx - INFO - HTTP Request: POST http://testserver/api/v1/tasks/task-5c663bb6/run "HTTP/1.1 200 OK"
2026-09-14 00:12:27,956 - httpx - INFO - HTTP Request: GET http://testserver/api/v1/tasks/task-5c663bb6 "HTTP/1.1 200 OK"
2026-09-14 00:12:27,962 - httpx - INFO - HTTP Request: POST http://testserver/api/v1/tasks/task-5c663bb6/artifacts "HTTP/1.1 405 Method Not Allowed"
2026-09-14 00:13:27,615 - httpx - INFO - HTTP Request: POST http://testserver/api/v1/knowledge/documents "HTTP/1.1 200 OK"
2026-09-14 00:13:27,643 - httpx - INFO - HTTP Request: POST http://testserver/api/v1/tasks "HTTP/1.1 200 OK"
2026-09-14 00:13:27,662 - sovereign.llama_cpp.lifecycle - INFO - Switching deployment to 'Llama-3.2-3B-Instruct'...
2026-09-14 00:13:27,663 - sovereign.llama_cpp.lifecycle - INFO - Loading deployment 'Llama-3.2-3B-Instruct' with command: C:\Users\Dell\AppData\Local\Microsoft\WinGet\Packages\ggml.llamacpp_Microsoft.Winget.Source_8wekyb3d8bbwe\llama-server.exe -m C:\Users\Dell\.cache\huggingface\hub\models--bartowski--Llama-3.2-3B-Instruct-GGUF\snapshots\5ab33fa94d1d04e903623ae72c95d1696f09f9e8\Llama-3.2-3B-Instruct-Q4_K_M.gguf --port 8080 --host 127.0.0.1 -c 8192 -ngl 20
2026-09-14 00:13:31,784 - sovereign.llama_cpp.lifecycle - INFO - Deployment 'Llama-3.2-3B-Instruct' loaded successfully and is ready.
2026-09-14 00:13:41,970 - httpx - INFO - HTTP Request: POST http://testserver/api/v1/tasks/task-eebcd565/run "HTTP/1.1 200 OK"
2026-09-14 00:13:43,981 - httpx - INFO - HTTP Request: GET http://testserver/api/v1/tasks/task-eebcd565 "HTTP/1.1 200 OK"
2026-09-14 00:14:18,446 - httpx2 - INFO - HTTP Request: GET http://testserver/api/v1/health "HTTP/1.1 200 OK"
2026-09-14 00:14:18,488 - httpx2 - INFO - HTTP Request: POST http://testserver/api/v1/tasks "HTTP/1.1 200 OK"
2026-09-14 00:14:18,496 - httpx2 - INFO - HTTP Request: GET http://testserver/api/v1/tasks/task-453edc03 "HTTP/1.1 200 OK"
2026-09-14 00:14:18,522 - httpx2 - INFO - HTTP Request: POST http://testserver/api/v1/tasks "HTTP/1.1 422 Unprocessable Entity"
2026-09-14 00:14:18,548 - httpx2 - INFO - HTTP Request: GET http://testserver/api/v1/tasks/task-notexist "HTTP/1.1 404 Not Found"
2026-09-14 00:14:18,586 - httpx2 - INFO - HTTP Request: POST http://testserver/api/v1/tasks/task-cb95a7d3/run "HTTP/1.1 400 Bad Request"
2026-09-14 00:14:18,601 - httpx2 - INFO - HTTP Request: POST http://testserver/api/v1/tasks/task-cb95a7d3/run "HTTP/1.1 400 Bad Request"
2026-09-14 00:14:18,620 - httpx2 - INFO - HTTP Request: POST http://testserver/api/v1/tasks/task-cb95a7d3/run "HTTP/1.1 400 Bad Request"
2026-09-14 00:14:18,649 - httpx2 - INFO - HTTP Request: POST http://testserver/api/v1/tasks/task-cb95a7d3/run "HTTP/1.1 400 Bad Request"
2026-09-14 00:14:18,664 - httpx2 - INFO - HTTP Request: POST http://testserver/api/v1/tasks/task-notexist/run "HTTP/1.1 404 Not Found"
2026-09-14 00:14:18,726 - httpx2 - INFO - HTTP Request: POST http://testserver/api/v1/tasks/task-0a31e2e0/run "HTTP/1.1 200 OK"
2026-09-14 00:14:18,732 - httpx2 - INFO - HTTP Request: POST http://testserver/api/v1/tasks/task-0a31e2e0/run "HTTP/1.1 409 Conflict"
2026-09-14 00:14:18,916 - httpx2 - INFO - HTTP Request: POST http://testserver/api/v1/knowledge/documents "HTTP/1.1 400 Bad Request"
2026-09-14 00:14:18,953 - httpx2 - INFO - HTTP Request: POST http://testserver/api/v1/knowledge/documents "HTTP/1.1 413 Request Entity Too Large"
2026-09-14 00:14:18,998 - httpx2 - INFO - HTTP Request: GET http://testserver/api/v1/tasks/task-abc/artifacts "HTTP/1.1 200 OK"
2026-09-14 00:14:19,012 - httpx2 - INFO - HTTP Request: GET http://testserver/api/v1/artifacts/art-123 "HTTP/1.1 200 OK"
2026-09-14 00:14:19,021 - httpx2 - INFO - HTTP Request: GET http://testserver/api/v1/artifacts/art-notexist "HTTP/1.1 404 Not Found"
2026-09-14 00:14:19,048 - httpx2 - INFO - HTTP Request: GET http://testserver/api/v1/artifacts/art-hack "HTTP/1.1 404 Not Found"
2026-09-14 00:14:19,582 - httpx2 - INFO - HTTP Request: POST http://testserver/api/v1/tasks "HTTP/1.1 200 OK"
2026-09-14 00:14:19,619 - httpx2 - INFO - HTTP Request: POST http://testserver/api/v1/knowledge/documents "HTTP/1.1 200 OK"
2026-09-14 00:14:19,633 - sovereign.llama_cpp.lifecycle - INFO - Switching deployment to 'Llama-3.2-3B-Instruct'...
2026-09-14 00:14:19,633 - sovereign.llama_cpp.lifecycle - INFO - Loading deployment 'Llama-3.2-3B-Instruct' with command: C:\Users\Dell\AppData\Local\Microsoft\WinGet\Packages\ggml.llamacpp_Microsoft.Winget.Source_8wekyb3d8bbwe\llama-server.exe -m C:\Users\Dell\.cache\huggingface\hub\models--bartowski--Llama-3.2-3B-Instruct-GGUF\snapshots\5ab33fa94d1d04e903623ae72c95d1696f09f9e8\Llama-3.2-3B-Instruct-Q4_K_M.gguf --port 8080 --host 127.0.0.1 -c 8192 -ngl 20
2026-09-14 00:14:24,788 - sovereign.llama_cpp.lifecycle - INFO - Deployment 'Llama-3.2-3B-Instruct' loaded successfully and is ready.
2026-09-14 00:14:24,852 - httpx2 - INFO - HTTP Request: POST http://testserver/api/v1/tasks/task-d5366ef3/run "HTTP/1.1 200 OK"
2026-09-14 00:14:25,861 - httpx2 - INFO - HTTP Request: GET http://testserver/api/v1/tasks/task-d5366ef3 "HTTP/1.1 200 OK"
2026-09-14 00:14:25,874 - httpx2 - INFO - HTTP Request: GET http://testserver/api/v1/tasks/task-d5366ef3/artifacts "HTTP/1.1 200 OK"
2026-09-14 00:14:25,879 - httpx2 - INFO - HTTP Request: GET http://testserver/api/v1/artifacts/art-c12e0010 "HTTP/1.1 200 OK"
2026-09-14 00:14:26,204 - httpx2 - INFO - HTTP Request: POST http://testserver/api/v1/knowledge/documents "HTTP/1.1 400 Bad Request"
2026-09-14 00:14:26,217 - httpx2 - INFO - HTTP Request: POST http://testserver/api/v1/knowledge/documents "HTTP/1.1 200 OK"
2026-09-14 00:14:26,622 - asyncio - DEBUG - Using proactor: IocpProactor
2026-09-14 00:14:26,628 - multipart.multipart - DEBUG - Calling on_part_begin with no data
2026-09-14 00:14:26,629 - multipart.multipart - DEBUG - Calling on_header_field with data[36:55]
2026-09-14 00:14:26,629 - multipart.multipart - DEBUG - Calling on_header_value with data[57:106]
2026-09-14 00:14:26,629 - multipart.multipart - DEBUG - Calling on_header_end with no data
2026-09-14 00:14:26,629 - multipart.multipart - DEBUG - Calling on_header_field with data[108:120]
2026-09-14 00:14:26,629 - multipart.multipart - DEBUG - Calling on_header_value with data[122:131]
2026-09-14 00:14:26,629 - multipart.multipart - DEBUG - Calling on_header_end with no data
2026-09-14 00:14:26,630 - multipart.multipart - DEBUG - Calling on_headers_finished with no data
2026-09-14 00:14:26,630 - multipart.multipart - DEBUG - Calling on_part_data with data[135:153]
2026-09-14 00:14:26,630 - multipart.multipart - DEBUG - Calling on_part_end with no data
2026-09-14 00:14:26,631 - multipart.multipart - DEBUG - Calling on_end with no data
2026-09-14 00:14:26,643 - httpx2 - INFO - HTTP Request: POST http://testserver/api/v1/knowledge/documents "HTTP/1.1 403 Forbidden"
2026-09-14 00:14:26,779 - sovereign.llama_cpp.lifecycle - INFO - Loading deployment 'Model1' with command: C:\Users\Dell\AppData\Local\Microsoft\WinGet\Packages\ggml.llamacpp_Microsoft.Winget.Source_8wekyb3d8bbwe\llama-server.exe -m C:\Users\Dell\AppData\Local\Temp\pytest-of-Dell\pytest-53\test_llama_cpp_adapter_and_lif0\model1.gguf --port 8080 --host 127.0.0.1 -c 2048 -ngl 10
2026-09-14 00:14:26,780 - sovereign.llama_cpp.lifecycle - INFO - Deployment 'Model1' loaded successfully and is ready.
2026-09-14 00:14:26,780 - sovereign.llama_cpp.lifecycle - INFO - Switching deployment to 'Model2'...
2026-09-14 00:14:26,781 - sovereign.llama_cpp.lifecycle - INFO - Stopping active llama-server deployment...
2026-09-14 00:14:26,781 - sovereign.llama_cpp.lifecycle - INFO - llama-server stopped.
2026-09-14 00:14:26,782 - sovereign.llama_cpp.lifecycle - INFO - Loading deployment 'Model2' with command: C:\Users\Dell\AppData\Local\Microsoft\WinGet\Packages\ggml.llamacpp_Microsoft.Winget.Source_8wekyb3d8bbwe\llama-server.exe -m C:\Users\Dell\AppData\Local\Temp\pytest-of-Dell\pytest-53\test_llama_cpp_adapter_and_lif0\model2.gguf --port 8081 --host 127.0.0.1 -c 4096 -ngl 20
2026-09-14 00:14:26,782 - sovereign.llama_cpp.lifecycle - INFO - Deployment 'Model2' loaded successfully and is ready.
2026-09-14 00:14:26,782 - sovereign.llama_cpp.lifecycle - INFO - Stopping active llama-server deployment...
2026-09-14 00:14:26,782 - sovereign.llama_cpp.lifecycle - INFO - llama-server stopped.
2026-09-14 00:14:31,991 - sovereign.llama_cpp.lifecycle - INFO - Loading deployment 'test-model' with command: mock-server.exe -m /fake/model.gguf --port 8080 --host 127.0.0.1 -c 8192 -ngl 20
2026-09-14 00:14:31,992 - sovereign.llama_cpp.lifecycle - INFO - Deployment 'test-model' loaded successfully and is ready.
2026-09-14 00:14:31,992 - sovereign.llama_cpp.lifecycle - INFO - Stopping active llama-server deployment...
2026-09-14 00:14:31,993 - sovereign.llama_cpp.lifecycle - INFO - llama-server stopped.
2026-09-14 00:14:31,993 - sovereign.llama_cpp.lifecycle - INFO - Loading deployment 'test-vision-model' with command: mock-server.exe -m /fake/model.gguf --port 8080 --host 127.0.0.1 -c 8192 -ngl 20 --mmproj /fake/projector.gguf
2026-09-14 00:14:31,994 - sovereign.llama_cpp.lifecycle - INFO - Deployment 'test-vision-model' loaded successfully and is ready.
2026-09-14 00:14:45,585 - httpx - INFO - HTTP Request: POST http://testserver/api/v1/knowledge/documents "HTTP/1.1 200 OK"
2026-09-14 00:14:45,602 - httpx - INFO - HTTP Request: POST http://testserver/api/v1/tasks "HTTP/1.1 200 OK"
2026-09-14 00:14:45,620 - sovereign.llama_cpp.lifecycle - INFO - Switching deployment to 'Llama-3.2-3B-Instruct'...
2026-09-14 00:14:45,621 - sovereign.llama_cpp.lifecycle - INFO - Loading deployment 'Llama-3.2-3B-Instruct' with command: C:\Users\Dell\AppData\Local\Microsoft\WinGet\Packages\ggml.llamacpp_Microsoft.Winget.Source_8wekyb3d8bbwe\llama-server.exe -m C:\Users\Dell\.cache\huggingface\hub\models--bartowski--Llama-3.2-3B-Instruct-GGUF\snapshots\5ab33fa94d1d04e903623ae72c95d1696f09f9e8\Llama-3.2-3B-Instruct-Q4_K_M.gguf --port 8080 --host 127.0.0.1 -c 8192 -ngl 20
2026-09-14 00:14:51,303 - sovereign.llama_cpp.lifecycle - INFO - Deployment 'Llama-3.2-3B-Instruct' loaded successfully and is ready.
2026-09-14 00:14:59,742 - httpx - INFO - HTTP Request: POST http://testserver/api/v1/tasks/task-c82e76c2/run "HTTP/1.1 200 OK"
2026-09-14 00:15:01,754 - httpx - INFO - HTTP Request: GET http://testserver/api/v1/tasks/task-c82e76c2 "HTTP/1.1 200 OK"
2026-09-14 00:16:21,804 - httpx - INFO - HTTP Request: POST http://testserver/api/v1/tasks "HTTP/1.1 200 OK"
2026-09-14 00:16:21,867 - httpx - INFO - HTTP Request: POST http://testserver/api/v1/tasks/task-414a7666/run "HTTP/1.1 200 OK"
2026-09-14 00:16:22,876 - httpx - INFO - HTTP Request: GET http://testserver/api/v1/tasks/task-414a7666 "HTTP/1.1 200 OK"
2026-09-14 00:24:10,029 - httpx2 - INFO - HTTP Request: GET http://testserver/api/v1/health "HTTP/1.1 200 OK"
2026-09-14 00:24:11,516 - httpx2 - INFO - HTTP Request: POST http://testserver/api/v1/knowledge/documents "HTTP/1.1 400 Bad Request"
2026-09-14 00:24:12,111 - sovereign.llama_cpp.lifecycle - INFO - Loading deployment 'Model1' with command: C:\Users\Dell\AppData\Local\Microsoft\WinGet\Packages\ggml.llamacpp_Microsoft.Winget.Source_8wekyb3d8bbwe\llama-server.exe -m C:\Users\Dell\AppData\Local\Temp\pytest-of-Dell\pytest-54\test_llama_cpp_adapter_and_lif0\model1.gguf --port 8080 --host 127.0.0.1 -c 2048 -ngl 10
2026-09-14 00:24:12,112 - sovereign.llama_cpp.lifecycle - INFO - Deployment 'Model1' loaded successfully and is ready.
2026-09-14 00:24:12,113 - sovereign.llama_cpp.lifecycle - INFO - Switching deployment to 'Model2'...
2026-09-14 00:24:12,114 - sovereign.llama_cpp.lifecycle - INFO - Stopping active llama-server deployment...
2026-09-14 00:24:12,114 - sovereign.llama_cpp.lifecycle - INFO - llama-server stopped.
2026-09-14 00:24:12,115 - sovereign.llama_cpp.lifecycle - INFO - Loading deployment 'Model2' with command: C:\Users\Dell\AppData\Local\Microsoft\WinGet\Packages\ggml.llamacpp_Microsoft.Winget.Source_8wekyb3d8bbwe\llama-server.exe -m C:\Users\Dell\AppData\Local\Temp\pytest-of-Dell\pytest-54\test_llama_cpp_adapter_and_lif0\model2.gguf --port 8081 --host 127.0.0.1 -c 4096 -ngl 20
2026-09-14 00:24:12,115 - sovereign.llama_cpp.lifecycle - INFO - Deployment 'Model2' loaded successfully and is ready.
2026-09-14 00:24:12,116 - sovereign.llama_cpp.lifecycle - INFO - Stopping active llama-server deployment...
2026-09-14 00:24:12,117 - sovereign.llama_cpp.lifecycle - INFO - llama-server stopped.
2026-09-14 00:24:17,246 - sovereign.llama_cpp.lifecycle - INFO - Loading deployment 'test-model' with command: mock-server.exe -m /fake/model.gguf --port 8080 --host 127.0.0.1 -c 8192 -ngl 20
2026-09-14 00:24:17,246 - sovereign.llama_cpp.lifecycle - INFO - Deployment 'test-model' loaded successfully and is ready.
2026-09-14 00:24:17,247 - sovereign.llama_cpp.lifecycle - INFO - Stopping active llama-server deployment...
2026-09-14 00:24:17,247 - sovereign.llama_cpp.lifecycle - INFO - llama-server stopped.
2026-09-14 00:24:17,247 - sovereign.llama_cpp.lifecycle - INFO - Loading deployment 'test-vision-model' with command: mock-server.exe -m /fake/model.gguf --port 8080 --host 127.0.0.1 -c 8192 -ngl 20 --mmproj /fake/projector.gguf
2026-09-14 00:24:17,247 - sovereign.llama_cpp.lifecycle - INFO - Deployment 'test-vision-model' loaded successfully and is ready.
2026-09-14 00:24:55,985 - httpx2 - INFO - HTTP Request: GET http://testserver/api/v1/health "HTTP/1.1 200 OK"
2026-09-14 00:24:57,598 - httpx2 - INFO - HTTP Request: POST http://testserver/api/v1/knowledge/documents "HTTP/1.1 400 Bad Request"
2026-09-14 00:24:58,177 - sovereign.llama_cpp.lifecycle - INFO - Loading deployment 'Model1' with command: C:\Users\Dell\AppData\Local\Microsoft\WinGet\Packages\ggml.llamacpp_Microsoft.Winget.Source_8wekyb3d8bbwe\llama-server.exe -m C:\Users\Dell\AppData\Local\Temp\pytest-of-Dell\pytest-55\test_llama_cpp_adapter_and_lif0\model1.gguf --port 8080 --host 127.0.0.1 -c 2048 -ngl 10
2026-09-14 00:24:58,177 - sovereign.llama_cpp.lifecycle - INFO - Deployment 'Model1' loaded successfully and is ready.
2026-09-14 00:24:58,179 - sovereign.llama_cpp.lifecycle - INFO - Switching deployment to 'Model2'...
2026-09-14 00:24:58,179 - sovereign.llama_cpp.lifecycle - INFO - Stopping active llama-server deployment...
2026-09-14 00:24:58,179 - sovereign.llama_cpp.lifecycle - INFO - llama-server stopped.
2026-09-14 00:24:58,180 - sovereign.llama_cpp.lifecycle - INFO - Loading deployment 'Model2' with command: C:\Users\Dell\AppData\Local\Microsoft\WinGet\Packages\ggml.llamacpp_Microsoft.Winget.Source_8wekyb3d8bbwe\llama-server.exe -m C:\Users\Dell\AppData\Local\Temp\pytest-of-Dell\pytest-55\test_llama_cpp_adapter_and_lif0\model2.gguf --port 8081 --host 127.0.0.1 -c 4096 -ngl 20
2026-09-14 00:24:58,180 - sovereign.llama_cpp.lifecycle - INFO - Deployment 'Model2' loaded successfully and is ready.
2026-09-14 00:24:58,180 - sovereign.llama_cpp.lifecycle - INFO - Stopping active llama-server deployment...
2026-09-14 00:24:58,181 - sovereign.llama_cpp.lifecycle - INFO - llama-server stopped.
2026-09-14 00:25:03,198 - sovereign.llama_cpp.lifecycle - INFO - Loading deployment 'test-model' with command: mock-server.exe -m /fake/model.gguf --port 8080 --host 127.0.0.1 -c 8192 -ngl 20
2026-09-14 00:25:03,198 - sovereign.llama_cpp.lifecycle - INFO - Deployment 'test-model' loaded successfully and is ready.
2026-09-14 00:25:03,198 - sovereign.llama_cpp.lifecycle - INFO - Stopping active llama-server deployment...
2026-09-14 00:25:03,198 - sovereign.llama_cpp.lifecycle - INFO - llama-server stopped.
2026-09-14 00:25:03,199 - sovereign.llama_cpp.lifecycle - INFO - Loading deployment 'test-vision-model' with command: mock-server.exe -m /fake/model.gguf --port 8080 --host 127.0.0.1 -c 8192 -ngl 20 --mmproj /fake/projector.gguf
2026-09-14 00:25:03,199 - sovereign.llama_cpp.lifecycle - INFO - Deployment 'test-vision-model' loaded successfully and is ready.
2026-09-14 00:25:27,876 - httpx2 - INFO - HTTP Request: GET http://testserver/api/v1/health "HTTP/1.1 200 OK"
2026-09-14 00:25:27,929 - httpx2 - INFO - HTTP Request: POST http://testserver/api/v1/tasks "HTTP/1.1 200 OK"
2026-09-14 00:25:27,939 - httpx2 - INFO - HTTP Request: GET http://testserver/api/v1/tasks/task-caf3c01e "HTTP/1.1 200 OK"
2026-09-14 00:25:27,964 - httpx2 - INFO - HTTP Request: POST http://testserver/api/v1/tasks "HTTP/1.1 422 Unprocessable Entity"
2026-09-14 00:25:27,991 - httpx2 - INFO - HTTP Request: GET http://testserver/api/v1/tasks/task-notexist "HTTP/1.1 404 Not Found"
2026-09-14 00:25:28,039 - httpx2 - INFO - HTTP Request: POST http://testserver/api/v1/tasks/task-0dbca1f8/run "HTTP/1.1 400 Bad Request"
2026-09-14 00:25:28,055 - httpx2 - INFO - HTTP Request: POST http://testserver/api/v1/tasks/task-0dbca1f8/run "HTTP/1.1 400 Bad Request"
2026-09-14 00:25:28,072 - httpx2 - INFO - HTTP Request: POST http://testserver/api/v1/tasks/task-0dbca1f8/run "HTTP/1.1 400 Bad Request"
2026-09-14 00:25:28,089 - httpx2 - INFO - HTTP Request: POST http://testserver/api/v1/tasks/task-0dbca1f8/run "HTTP/1.1 400 Bad Request"
2026-09-14 00:25:28,096 - httpx2 - INFO - HTTP Request: POST http://testserver/api/v1/tasks/task-notexist/run "HTTP/1.1 404 Not Found"
2026-09-14 00:25:28,139 - httpx2 - INFO - HTTP Request: POST http://testserver/api/v1/tasks/task-7e715749/run "HTTP/1.1 200 OK"
2026-09-14 00:25:28,148 - httpx2 - INFO - HTTP Request: POST http://testserver/api/v1/tasks/task-7e715749/run "HTTP/1.1 409 Conflict"
2026-09-14 00:25:28,343 - httpx2 - INFO - HTTP Request: POST http://testserver/api/v1/knowledge/documents "HTTP/1.1 400 Bad Request"
2026-09-14 00:25:28,376 - httpx2 - INFO - HTTP Request: POST http://testserver/api/v1/knowledge/documents "HTTP/1.1 413 Request Entity Too Large"
2026-09-14 00:25:28,408 - httpx2 - INFO - HTTP Request: GET http://testserver/api/v1/tasks/task-abc/artifacts "HTTP/1.1 200 OK"
2026-09-14 00:25:28,415 - httpx2 - INFO - HTTP Request: GET http://testserver/api/v1/artifacts/art-123 "HTTP/1.1 200 OK"
2026-09-14 00:25:28,419 - httpx2 - INFO - HTTP Request: GET http://testserver/api/v1/artifacts/art-notexist "HTTP/1.1 404 Not Found"
2026-09-14 00:25:28,454 - httpx2 - INFO - HTTP Request: GET http://testserver/api/v1/artifacts/art-hack "HTTP/1.1 404 Not Found"
2026-09-14 00:25:29,026 - httpx2 - INFO - HTTP Request: POST http://testserver/api/v1/tasks "HTTP/1.1 200 OK"
2026-09-14 00:25:29,062 - httpx2 - INFO - HTTP Request: POST http://testserver/api/v1/knowledge/documents "HTTP/1.1 200 OK"
2026-09-14 00:25:29,076 - sovereign.llama_cpp.lifecycle - INFO - Switching deployment to 'Llama-3.2-3B-Instruct'...
2026-09-14 00:25:29,077 - sovereign.llama_cpp.lifecycle - INFO - Loading deployment 'Llama-3.2-3B-Instruct' with command: C:\Users\Dell\AppData\Local\Microsoft\WinGet\Packages\ggml.llamacpp_Microsoft.Winget.Source_8wekyb3d8bbwe\llama-server.exe -m C:\Users\Dell\.cache\huggingface\hub\models--bartowski--Llama-3.2-3B-Instruct-GGUF\snapshots\5ab33fa94d1d04e903623ae72c95d1696f09f9e8\Llama-3.2-3B-Instruct-Q4_K_M.gguf --port 8080 --host 127.0.0.1 -c 8192 -ngl 20
2026-09-14 00:25:34,717 - sovereign.llama_cpp.lifecycle - INFO - Deployment 'Llama-3.2-3B-Instruct' loaded successfully and is ready.
2026-09-14 00:25:34,786 - httpx2 - INFO - HTTP Request: POST http://testserver/api/v1/tasks/task-385ce617/run "HTTP/1.1 200 OK"
2026-09-14 00:25:35,792 - httpx2 - INFO - HTTP Request: GET http://testserver/api/v1/tasks/task-385ce617 "HTTP/1.1 200 OK"
2026-09-14 00:25:35,805 - httpx2 - INFO - HTTP Request: GET http://testserver/api/v1/tasks/task-385ce617/artifacts "HTTP/1.1 200 OK"
2026-09-14 00:25:35,811 - httpx2 - INFO - HTTP Request: GET http://testserver/api/v1/artifacts/art-5ad6fa97 "HTTP/1.1 200 OK"
2026-09-14 00:25:36,146 - httpx2 - INFO - HTTP Request: POST http://testserver/api/v1/knowledge/documents "HTTP/1.1 400 Bad Request"
2026-09-14 00:25:36,165 - httpx2 - INFO - HTTP Request: POST http://testserver/api/v1/knowledge/documents "HTTP/1.1 200 OK"
2026-09-14 00:25:36,537 - asyncio - DEBUG - Using proactor: IocpProactor
2026-09-14 00:25:36,549 - multipart.multipart - DEBUG - Calling on_part_begin with no data
2026-09-14 00:25:36,550 - multipart.multipart - DEBUG - Calling on_header_field with data[36:55]
2026-09-14 00:25:36,550 - multipart.multipart - DEBUG - Calling on_header_value with data[57:106]
2026-09-14 00:25:36,551 - multipart.multipart - DEBUG - Calling on_header_end with no data
2026-09-14 00:25:36,551 - multipart.multipart - DEBUG - Calling on_header_field with data[108:120]
2026-09-14 00:25:36,551 - multipart.multipart - DEBUG - Calling on_header_value with data[122:131]
2026-09-14 00:25:36,552 - multipart.multipart - DEBUG - Calling on_header_end with no data
2026-09-14 00:25:36,552 - multipart.multipart - DEBUG - Calling on_headers_finished with no data
2026-09-14 00:25:36,552 - multipart.multipart - DEBUG - Calling on_part_data with data[135:153]
2026-09-14 00:25:36,553 - multipart.multipart - DEBUG - Calling on_part_end with no data
2026-09-14 00:25:36,553 - multipart.multipart - DEBUG - Calling on_end with no data
2026-09-14 00:25:36,566 - httpx2 - INFO - HTTP Request: POST http://testserver/api/v1/knowledge/documents "HTTP/1.1 403 Forbidden"
2026-09-14 00:25:36,699 - sovereign.llama_cpp.lifecycle - INFO - Loading deployment 'Model1' with command: C:\Users\Dell\AppData\Local\Microsoft\WinGet\Packages\ggml.llamacpp_Microsoft.Winget.Source_8wekyb3d8bbwe\llama-server.exe -m C:\Users\Dell\AppData\Local\Temp\pytest-of-Dell\pytest-56\test_llama_cpp_adapter_and_lif0\model1.gguf --port 8080 --host 127.0.0.1 -c 2048 -ngl 10
2026-09-14 00:25:36,699 - sovereign.llama_cpp.lifecycle - INFO - Deployment 'Model1' loaded successfully and is ready.
2026-09-14 00:25:36,701 - sovereign.llama_cpp.lifecycle - INFO - Switching deployment to 'Model2'...
2026-09-14 00:25:36,701 - sovereign.llama_cpp.lifecycle - INFO - Stopping active llama-server deployment...
2026-09-14 00:25:36,702 - sovereign.llama_cpp.lifecycle - INFO - llama-server stopped.
2026-09-14 00:25:36,702 - sovereign.llama_cpp.lifecycle - INFO - Loading deployment 'Model2' with command: C:\Users\Dell\AppData\Local\Microsoft\WinGet\Packages\ggml.llamacpp_Microsoft.Winget.Source_8wekyb3d8bbwe\llama-server.exe -m C:\Users\Dell\AppData\Local\Temp\pytest-of-Dell\pytest-56\test_llama_cpp_adapter_and_lif0\model2.gguf --port 8081 --host 127.0.0.1 -c 4096 -ngl 20
2026-09-14 00:25:36,703 - sovereign.llama_cpp.lifecycle - INFO - Deployment 'Model2' loaded successfully and is ready.
2026-09-14 00:25:36,704 - sovereign.llama_cpp.lifecycle - INFO - Stopping active llama-server deployment...
2026-09-14 00:25:36,704 - sovereign.llama_cpp.lifecycle - INFO - llama-server stopped.
2026-09-14 00:25:41,773 - sovereign.llama_cpp.lifecycle - INFO - Loading deployment 'test-model' with command: mock-server.exe -m /fake/model.gguf --port 8080 --host 127.0.0.1 -c 8192 -ngl 20
2026-09-14 00:25:41,773 - sovereign.llama_cpp.lifecycle - INFO - Deployment 'test-model' loaded successfully and is ready.
2026-09-14 00:25:41,773 - sovereign.llama_cpp.lifecycle - INFO - Stopping active llama-server deployment...
2026-09-14 00:25:41,774 - sovereign.llama_cpp.lifecycle - INFO - llama-server stopped.
2026-09-14 00:25:41,774 - sovereign.llama_cpp.lifecycle - INFO - Loading deployment 'test-vision-model' with command: mock-server.exe -m /fake/model.gguf --port 8080 --host 127.0.0.1 -c 8192 -ngl 20 --mmproj /fake/projector.gguf
2026-09-14 00:25:41,774 - sovereign.llama_cpp.lifecycle - INFO - Deployment 'test-vision-model' loaded successfully and is ready.
2026-09-14 00:26:43,235 - httpx - INFO - HTTP Request: POST http://testserver/api/v1/knowledge/documents "HTTP/1.1 200 OK"
2026-09-14 00:26:43,253 - httpx - INFO - HTTP Request: POST http://testserver/api/v1/tasks "HTTP/1.1 200 OK"
2026-09-14 00:26:43,274 - sovereign.llama_cpp.lifecycle - INFO - Switching deployment to 'Llama-3.2-3B-Instruct'...
2026-09-14 00:26:43,274 - sovereign.llama_cpp.lifecycle - INFO - Loading deployment 'Llama-3.2-3B-Instruct' with command: C:\Users\Dell\AppData\Local\Microsoft\WinGet\Packages\ggml.llamacpp_Microsoft.Winget.Source_8wekyb3d8bbwe\llama-server.exe -m C:\Users\Dell\.cache\huggingface\hub\models--bartowski--Llama-3.2-3B-Instruct-GGUF\snapshots\5ab33fa94d1d04e903623ae72c95d1696f09f9e8\Llama-3.2-3B-Instruct-Q4_K_M.gguf --port 8080 --host 127.0.0.1 -c 8192 -ngl 20
2026-09-14 00:26:48,428 - sovereign.llama_cpp.lifecycle - INFO - Deployment 'Llama-3.2-3B-Instruct' loaded successfully and is ready.
2026-09-14 00:27:08,481 - httpx - INFO - HTTP Request: POST http://testserver/api/v1/tasks/task-ef8a20d4/run "HTTP/1.1 200 OK"
2026-09-14 00:27:10,493 - httpx - INFO - HTTP Request: GET http://testserver/api/v1/tasks/task-ef8a20d4 "HTTP/1.1 200 OK"
2026-09-14 00:27:36,172 - httpx - INFO - HTTP Request: POST http://testserver/api/v1/knowledge/documents "HTTP/1.1 200 OK"
2026-09-14 00:27:36,200 - httpx - INFO - HTTP Request: POST http://testserver/api/v1/tasks "HTTP/1.1 200 OK"
2026-09-14 00:27:36,223 - sovereign.llama_cpp.lifecycle - INFO - Switching deployment to 'Llama-3.2-3B-Instruct'...
2026-09-14 00:27:36,224 - sovereign.llama_cpp.lifecycle - INFO - Loading deployment 'Llama-3.2-3B-Instruct' with command: C:\Users\Dell\AppData\Local\Microsoft\WinGet\Packages\ggml.llamacpp_Microsoft.Winget.Source_8wekyb3d8bbwe\llama-server.exe -m C:\Users\Dell\.cache\huggingface\hub\models--bartowski--Llama-3.2-3B-Instruct-GGUF\snapshots\5ab33fa94d1d04e903623ae72c95d1696f09f9e8\Llama-3.2-3B-Instruct-Q4_K_M.gguf --port 8080 --host 127.0.0.1 -c 8192 -ngl 20
2026-09-14 00:27:41,413 - sovereign.llama_cpp.lifecycle - INFO - Deployment 'Llama-3.2-3B-Instruct' loaded successfully and is ready.
2026-09-14 00:27:51,890 - httpx - INFO - HTTP Request: POST http://testserver/api/v1/tasks/task-017f5866/run "HTTP/1.1 200 OK"
2026-09-14 00:27:53,899 - httpx - INFO - HTTP Request: GET http://testserver/api/v1/tasks/task-017f5866 "HTTP/1.1 200 OK"
2026-09-14 00:28:35,808 - httpx - INFO - HTTP Request: POST http://testserver/api/v1/knowledge/documents "HTTP/1.1 200 OK"
2026-09-14 00:28:35,827 - httpx - INFO - HTTP Request: POST http://testserver/api/v1/tasks "HTTP/1.1 200 OK"
2026-09-14 00:28:35,846 - sovereign.llama_cpp.lifecycle - INFO - Switching deployment to 'Llama-3.2-3B-Instruct'...
2026-09-14 00:28:35,847 - sovereign.llama_cpp.lifecycle - INFO - Loading deployment 'Llama-3.2-3B-Instruct' with command: C:\Users\Dell\AppData\Local\Microsoft\WinGet\Packages\ggml.llamacpp_Microsoft.Winget.Source_8wekyb3d8bbwe\llama-server.exe -m C:\Users\Dell\.cache\huggingface\hub\models--bartowski--Llama-3.2-3B-Instruct-GGUF\snapshots\5ab33fa94d1d04e903623ae72c95d1696f09f9e8\Llama-3.2-3B-Instruct-Q4_K_M.gguf --port 8080 --host 127.0.0.1 -c 8192 -ngl 20
2026-09-14 00:28:41,550 - sovereign.llama_cpp.lifecycle - INFO - Deployment 'Llama-3.2-3B-Instruct' loaded successfully and is ready.
2026-09-14 00:28:52,946 - httpx - INFO - HTTP Request: POST http://testserver/api/v1/tasks/task-59f2c8e9/run "HTTP/1.1 200 OK"
2026-09-14 00:28:54,957 - httpx - INFO - HTTP Request: GET http://testserver/api/v1/tasks/task-59f2c8e9 "HTTP/1.1 200 OK"
2026-09-14 00:28:54,978 - httpx - INFO - HTTP Request: GET http://testserver/api/v1/artifacts/art-dd46d034/manifest "HTTP/1.1 200 OK"
2026-09-14 00:28:55,000 - httpx - INFO - HTTP Request: POST http://testserver/api/v1/tasks "HTTP/1.1 200 OK"
2026-09-14 00:28:55,062 - httpx - INFO - HTTP Request: POST http://testserver/api/v1/tasks/task-13369a5d/run "HTTP/1.1 200 OK"
2026-09-14 00:28:56,071 - httpx - INFO - HTTP Request: GET http://testserver/api/v1/tasks/task-13369a5d "HTTP/1.1 200 OK"
2026-09-14 00:28:56,093 - httpx - INFO - HTTP Request: GET http://testserver/api/v1/artifacts/art-12006437/manifest "HTTP/1.1 200 OK"
2026-09-14 00:29:22,544 - httpx - INFO - HTTP Request: GET http://testserver/api/v1/artifacts/art-dd46d034/manifest "HTTP/1.1 200 OK"
2026-09-14 00:36:59,184 - httpx - INFO - HTTP Request: POST http://testserver/api/v1/tasks "HTTP/1.1 200 OK"
2026-09-14 00:36:59,245 - httpx - INFO - HTTP Request: POST http://testserver/api/v1/tasks/task-6747a8c2/run "HTTP/1.1 200 OK"
2026-09-14 00:36:59,758 - httpx - INFO - HTTP Request: GET http://testserver/api/v1/tasks/task-6747a8c2 "HTTP/1.1 200 OK"
2026-09-14 00:37:58,758 - httpx - INFO - HTTP Request: POST http://testserver/api/v1/tasks "HTTP/1.1 200 OK"
2026-09-14 00:37:58,812 - httpx - INFO - HTTP Request: POST http://testserver/api/v1/tasks/task-dc093d88/run "HTTP/1.1 200 OK"
2026-09-14 00:37:59,316 - httpx - INFO - HTTP Request: GET http://testserver/api/v1/tasks/task-dc093d88 "HTTP/1.1 200 OK"
2026-09-14 00:37:59,333 - httpx - INFO - HTTP Request: POST http://testserver/api/v1/tasks "HTTP/1.1 200 OK"
2026-09-14 00:37:59,399 - httpx - INFO - HTTP Request: POST http://testserver/api/v1/tasks/task-e737b03f/run "HTTP/1.1 200 OK"
2026-09-14 00:37:59,907 - httpx - INFO - HTTP Request: GET http://testserver/api/v1/tasks/task-e737b03f "HTTP/1.1 200 OK"
2026-09-14 00:37:59,933 - httpx - INFO - HTTP Request: POST http://testserver/api/v1/tasks "HTTP/1.1 200 OK"
2026-09-14 00:37:59,958 - sovereign.llama_cpp.lifecycle - INFO - Switching deployment to 'Llama-3.2-3B-Instruct'...
2026-09-14 00:37:59,961 - sovereign.llama_cpp.lifecycle - INFO - Loading deployment 'Llama-3.2-3B-Instruct' with command: C:\Users\Dell\AppData\Local\Microsoft\WinGet\Packages\ggml.llamacpp_Microsoft.Winget.Source_8wekyb3d8bbwe\llama-server.exe -m C:\Users\Dell\.cache\huggingface\hub\models--bartowski--Llama-3.2-3B-Instruct-GGUF\snapshots\5ab33fa94d1d04e903623ae72c95d1696f09f9e8\Llama-3.2-3B-Instruct-Q4_K_M.gguf --port 8080 --host 127.0.0.1 -c 8192 -ngl 20
2026-09-14 00:38:04,600 - sovereign.llama_cpp.lifecycle - INFO - Deployment 'Llama-3.2-3B-Instruct' loaded successfully and is ready.
2026-09-14 00:38:34,820 - httpx - INFO - HTTP Request: POST http://testserver/api/v1/tasks/task-b0e303ef/run "HTTP/1.1 200 OK"
2026-09-14 00:38:35,822 - httpx - INFO - HTTP Request: GET http://testserver/api/v1/tasks/task-b0e303ef "HTTP/1.1 200 OK"
2026-09-14 00:38:35,962 - httpx - INFO - HTTP Request: POST http://testserver/api/v1/knowledge/documents "HTTP/1.1 200 OK"
2026-09-14 00:38:35,982 - httpx - INFO - HTTP Request: POST http://testserver/api/v1/tasks "HTTP/1.1 200 OK"
2026-09-14 00:39:11,444 - httpx - INFO - HTTP Request: POST http://testserver/api/v1/tasks/task-1aaa43c0/run "HTTP/1.1 200 OK"
2026-09-14 00:39:12,465 - httpx - INFO - HTTP Request: GET http://testserver/api/v1/tasks/task-1aaa43c0 "HTTP/1.1 200 OK"
2026-09-14 00:39:12,482 - httpx - INFO - HTTP Request: GET http://testserver/api/v1/artifacts/art-12f6f163/manifest "HTTP/1.1 200 OK"
2026-09-14 00:39:12,491 - httpx - INFO - HTTP Request: GET http://testserver/api/v1/artifacts/art-69ef7c82/manifest "HTTP/1.1 200 OK"
2026-09-14 00:40:24,460 - httpx2 - INFO - HTTP Request: GET http://testserver/api/v1/health "HTTP/1.1 200 OK"
2026-09-14 00:40:24,510 - httpx2 - INFO - HTTP Request: POST http://testserver/api/v1/tasks "HTTP/1.1 200 OK"
2026-09-14 00:40:24,517 - httpx2 - INFO - HTTP Request: GET http://testserver/api/v1/tasks/task-7795e53e "HTTP/1.1 200 OK"
2026-09-14 00:40:24,536 - httpx2 - INFO - HTTP Request: POST http://testserver/api/v1/tasks "HTTP/1.1 422 Unprocessable Entity"
2026-09-14 00:40:24,550 - httpx2 - INFO - HTTP Request: GET http://testserver/api/v1/tasks/task-notexist "HTTP/1.1 404 Not Found"
2026-09-14 00:40:24,592 - httpx2 - INFO - HTTP Request: POST http://testserver/api/v1/tasks/task-7026e1f0/run "HTTP/1.1 400 Bad Request"
2026-09-14 00:40:24,607 - httpx2 - INFO - HTTP Request: POST http://testserver/api/v1/tasks/task-7026e1f0/run "HTTP/1.1 400 Bad Request"
2026-09-14 00:40:24,621 - httpx2 - INFO - HTTP Request: POST http://testserver/api/v1/tasks/task-7026e1f0/run "HTTP/1.1 400 Bad Request"
2026-09-14 00:40:24,634 - httpx2 - INFO - HTTP Request: POST http://testserver/api/v1/tasks/task-7026e1f0/run "HTTP/1.1 400 Bad Request"
2026-09-14 00:40:24,638 - httpx2 - INFO - HTTP Request: POST http://testserver/api/v1/tasks/task-notexist/run "HTTP/1.1 404 Not Found"
2026-09-14 00:40:24,672 - httpx2 - INFO - HTTP Request: POST http://testserver/api/v1/tasks/task-c4f93ba7/run "HTTP/1.1 200 OK"
2026-09-14 00:40:24,678 - httpx2 - INFO - HTTP Request: POST http://testserver/api/v1/tasks/task-c4f93ba7/run "HTTP/1.1 409 Conflict"
2026-09-14 00:40:24,858 - httpx2 - INFO - HTTP Request: POST http://testserver/api/v1/knowledge/documents "HTTP/1.1 400 Bad Request"
2026-09-14 00:40:24,887 - httpx2 - INFO - HTTP Request: POST http://testserver/api/v1/knowledge/documents "HTTP/1.1 413 Request Entity Too Large"
2026-09-14 00:40:24,915 - httpx2 - INFO - HTTP Request: GET http://testserver/api/v1/tasks/task-abc/artifacts "HTTP/1.1 200 OK"
2026-09-14 00:40:24,922 - httpx2 - INFO - HTTP Request: GET http://testserver/api/v1/artifacts/art-123 "HTTP/1.1 200 OK"
2026-09-14 00:40:24,926 - httpx2 - INFO - HTTP Request: GET http://testserver/api/v1/artifacts/art-notexist "HTTP/1.1 404 Not Found"
2026-09-14 00:40:24,949 - httpx2 - INFO - HTTP Request: GET http://testserver/api/v1/artifacts/art-hack "HTTP/1.1 404 Not Found"
2026-09-14 00:40:25,406 - httpx2 - INFO - HTTP Request: POST http://testserver/api/v1/tasks "HTTP/1.1 200 OK"
2026-09-14 00:40:25,443 - httpx2 - INFO - HTTP Request: POST http://testserver/api/v1/knowledge/documents "HTTP/1.1 200 OK"
2026-09-14 00:40:25,457 - sovereign.llama_cpp.lifecycle - INFO - Switching deployment to 'Llama-3.2-3B-Instruct'...
2026-09-14 00:40:25,458 - sovereign.llama_cpp.lifecycle - INFO - Loading deployment 'Llama-3.2-3B-Instruct' with command: C:\Users\Dell\AppData\Local\Microsoft\WinGet\Packages\ggml.llamacpp_Microsoft.Winget.Source_8wekyb3d8bbwe\llama-server.exe -m C:\Users\Dell\.cache\huggingface\hub\models--bartowski--Llama-3.2-3B-Instruct-GGUF\snapshots\5ab33fa94d1d04e903623ae72c95d1696f09f9e8\Llama-3.2-3B-Instruct-Q4_K_M.gguf --port 8080 --host 127.0.0.1 -c 8192 -ngl 20
2026-09-14 00:40:29,056 - sovereign.llama_cpp.lifecycle - INFO - Deployment 'Llama-3.2-3B-Instruct' loaded successfully and is ready.
2026-09-14 00:40:29,108 - httpx2 - INFO - HTTP Request: POST http://testserver/api/v1/tasks/task-a4386d87/run "HTTP/1.1 200 OK"
2026-09-14 00:40:30,126 - httpx2 - INFO - HTTP Request: GET http://testserver/api/v1/tasks/task-a4386d87 "HTTP/1.1 200 OK"
2026-09-14 00:40:30,126 - httpx2 - INFO - HTTP Request: GET http://testserver/api/v1/tasks/task-a4386d87/artifacts "HTTP/1.1 200 OK"
2026-09-14 00:40:30,142 - httpx2 - INFO - HTTP Request: GET http://testserver/api/v1/artifacts/art-b92dc888 "HTTP/1.1 200 OK"
2026-09-14 00:40:30,445 - httpx2 - INFO - HTTP Request: POST http://testserver/api/v1/knowledge/documents "HTTP/1.1 400 Bad Request"
2026-09-14 00:40:30,460 - httpx2 - INFO - HTTP Request: POST http://testserver/api/v1/knowledge/documents "HTTP/1.1 200 OK"
2026-09-14 00:40:30,820 - asyncio - DEBUG - Using proactor: IocpProactor
2026-09-14 00:40:30,828 - multipart.multipart - DEBUG - Calling on_part_begin with no data
2026-09-14 00:40:30,829 - multipart.multipart - DEBUG - Calling on_header_field with data[36:55]
2026-09-14 00:40:30,829 - multipart.multipart - DEBUG - Calling on_header_value with data[57:106]
2026-09-14 00:40:30,829 - multipart.multipart - DEBUG - Calling on_header_end with no data
2026-09-14 00:40:30,830 - multipart.multipart - DEBUG - Calling on_header_field with data[108:120]
2026-09-14 00:40:30,830 - multipart.multipart - DEBUG - Calling on_header_value with data[122:131]
2026-09-14 00:40:30,830 - multipart.multipart - DEBUG - Calling on_header_end with no data
2026-09-14 00:40:30,830 - multipart.multipart - DEBUG - Calling on_headers_finished with no data
2026-09-14 00:40:30,830 - multipart.multipart - DEBUG - Calling on_part_data with data[135:153]
2026-09-14 00:40:30,830 - multipart.multipart - DEBUG - Calling on_part_end with no data
2026-09-14 00:40:30,830 - multipart.multipart - DEBUG - Calling on_end with no data
2026-09-14 00:40:30,842 - httpx2 - INFO - HTTP Request: POST http://testserver/api/v1/knowledge/documents "HTTP/1.1 403 Forbidden"
2026-09-14 00:40:30,980 - sovereign.llama_cpp.lifecycle - INFO - Loading deployment 'Model1' with command: C:\Users\Dell\AppData\Local\Microsoft\WinGet\Packages\ggml.llamacpp_Microsoft.Winget.Source_8wekyb3d8bbwe\llama-server.exe -m C:\Users\Dell\AppData\Local\Temp\pytest-of-Dell\pytest-57\test_llama_cpp_adapter_and_lif0\model1.gguf --port 8080 --host 127.0.0.1 -c 2048 -ngl 10
2026-09-14 00:40:30,981 - sovereign.llama_cpp.lifecycle - INFO - Deployment 'Model1' loaded successfully and is ready.
2026-09-14 00:40:30,982 - sovereign.llama_cpp.lifecycle - INFO - Switching deployment to 'Model2'...
2026-09-14 00:40:30,982 - sovereign.llama_cpp.lifecycle - INFO - Stopping active llama-server deployment...
2026-09-14 00:40:30,983 - sovereign.llama_cpp.lifecycle - INFO - llama-server stopped.
2026-09-14 00:40:30,983 - sovereign.llama_cpp.lifecycle - INFO - Loading deployment 'Model2' with command: C:\Users\Dell\AppData\Local\Microsoft\WinGet\Packages\ggml.llamacpp_Microsoft.Winget.Source_8wekyb3d8bbwe\llama-server.exe -m C:\Users\Dell\AppData\Local\Temp\pytest-of-Dell\pytest-57\test_llama_cpp_adapter_and_lif0\model2.gguf --port 8081 --host 127.0.0.1 -c 4096 -ngl 20
2026-09-14 00:40:30,984 - sovereign.llama_cpp.lifecycle - INFO - Deployment 'Model2' loaded successfully and is ready.
2026-09-14 00:40:30,984 - sovereign.llama_cpp.lifecycle - INFO - Stopping active llama-server deployment...
2026-09-14 00:40:30,984 - sovereign.llama_cpp.lifecycle - INFO - llama-server stopped.
2026-09-14 00:40:35,838 - sovereign.llama_cpp.lifecycle - INFO - Loading deployment 'test-model' with command: mock-server.exe -m /fake/model.gguf --port 8080 --host 127.0.0.1 -c 8192 -ngl 20
2026-09-14 00:40:35,839 - sovereign.llama_cpp.lifecycle - INFO - Deployment 'test-model' loaded successfully and is ready.
2026-09-14 00:40:35,839 - sovereign.llama_cpp.lifecycle - INFO - Stopping active llama-server deployment...
2026-09-14 00:40:35,839 - sovereign.llama_cpp.lifecycle - INFO - llama-server stopped.
2026-09-14 00:40:35,840 - sovereign.llama_cpp.lifecycle - INFO - Loading deployment 'test-vision-model' with command: mock-server.exe -m /fake/model.gguf --port 8080 --host 127.0.0.1 -c 8192 -ngl 20 --mmproj /fake/projector.gguf
2026-09-14 00:40:35,840 - sovereign.llama_cpp.lifecycle - INFO - Deployment 'test-vision-model' loaded successfully and is ready.
2026-09-14 00:46:07,076 - httpx - INFO - HTTP Request: POST http://testserver/api/v1/knowledge/documents "HTTP/1.1 200 OK"
2026-09-14 00:46:07,096 - httpx - INFO - HTTP Request: POST http://testserver/api/v1/tasks "HTTP/1.1 200 OK"
2026-09-14 00:46:07,118 - sovereign.llama_cpp.lifecycle - INFO - Switching deployment to 'Llama-3.2-3B-Instruct'...
2026-09-14 00:46:07,119 - sovereign.llama_cpp.lifecycle - INFO - Loading deployment 'Llama-3.2-3B-Instruct' with command: C:\Users\Dell\AppData\Local\Microsoft\WinGet\Packages\ggml.llamacpp_Microsoft.Winget.Source_8wekyb3d8bbwe\llama-server.exe -m C:\Users\Dell\.cache\huggingface\hub\models--bartowski--Llama-3.2-3B-Instruct-GGUF\snapshots\5ab33fa94d1d04e903623ae72c95d1696f09f9e8\Llama-3.2-3B-Instruct-Q4_K_M.gguf --port 8080 --host 127.0.0.1 -c 8192 -ngl 20
2026-09-14 00:46:12,274 - sovereign.llama_cpp.lifecycle - INFO - Deployment 'Llama-3.2-3B-Instruct' loaded successfully and is ready.
2026-09-14 00:47:06,079 - httpx - INFO - HTTP Request: POST http://testserver/api/v1/tasks/task-03f16a26/run "HTTP/1.1 200 OK"
2026-09-14 00:47:07,092 - httpx - INFO - HTTP Request: GET http://testserver/api/v1/tasks/task-03f16a26 "HTTP/1.1 200 OK"
2026-09-14 00:47:07,128 - httpx - INFO - HTTP Request: GET http://testserver/api/v1/artifacts/art-df0d5ef7/manifest "HTTP/1.1 200 OK"
2026-09-14 00:47:07,236 - httpx - INFO - HTTP Request: GET http://testserver/api/v1/health "HTTP/1.1 200 OK"
2026-09-14 00:47:33,100 - httpx - INFO - HTTP Request: POST http://testserver/api/v1/knowledge/documents "HTTP/1.1 200 OK"
2026-09-14 00:47:33,125 - httpx - INFO - HTTP Request: POST http://testserver/api/v1/tasks "HTTP/1.1 200 OK"
2026-09-14 00:47:33,146 - sovereign.llama_cpp.lifecycle - INFO - Switching deployment to 'Llama-3.2-3B-Instruct'...
2026-09-14 00:47:33,148 - sovereign.llama_cpp.lifecycle - INFO - Loading deployment 'Llama-3.2-3B-Instruct' with command: C:\Users\Dell\AppData\Local\Microsoft\WinGet\Packages\ggml.llamacpp_Microsoft.Winget.Source_8wekyb3d8bbwe\llama-server.exe -m C:\Users\Dell\.cache\huggingface\hub\models--bartowski--Llama-3.2-3B-Instruct-GGUF\snapshots\5ab33fa94d1d04e903623ae72c95d1696f09f9e8\Llama-3.2-3B-Instruct-Q4_K_M.gguf --port 8080 --host 127.0.0.1 -c 8192 -ngl 20
2026-09-14 00:47:38,343 - sovereign.llama_cpp.lifecycle - INFO - Deployment 'Llama-3.2-3B-Instruct' loaded successfully and is ready.
2026-09-14 00:48:39,593 - httpx - INFO - HTTP Request: POST http://testserver/api/v1/tasks/task-aaa894bd/run "HTTP/1.1 200 OK"
2026-09-14 00:48:40,601 - httpx - INFO - HTTP Request: GET http://testserver/api/v1/tasks/task-aaa894bd "HTTP/1.1 200 OK"
2026-09-14 00:48:40,627 - httpx - INFO - HTTP Request: GET http://testserver/api/v1/artifacts/art-35ff44bb/manifest "HTTP/1.1 200 OK"
2026-09-14 00:48:40,730 - httpx - INFO - HTTP Request: GET http://testserver/api/v1/health "HTTP/1.1 200 OK"
2026-09-14 00:50:03,779 - httpx - INFO - HTTP Request: POST http://testserver/api/v1/knowledge/documents "HTTP/1.1 200 OK"
2026-09-14 00:50:03,798 - httpx - INFO - HTTP Request: POST http://testserver/api/v1/tasks "HTTP/1.1 200 OK"
2026-09-14 00:50:03,815 - sovereign.llama_cpp.lifecycle - INFO - Switching deployment to 'Llama-3.2-3B-Instruct'...
2026-09-14 00:50:03,816 - sovereign.llama_cpp.lifecycle - INFO - Loading deployment 'Llama-3.2-3B-Instruct' with command: C:\Users\Dell\AppData\Local\Microsoft\WinGet\Packages\ggml.llamacpp_Microsoft.Winget.Source_8wekyb3d8bbwe\llama-server.exe -m C:\Users\Dell\.cache\huggingface\hub\models--bartowski--Llama-3.2-3B-Instruct-GGUF\snapshots\5ab33fa94d1d04e903623ae72c95d1696f09f9e8\Llama-3.2-3B-Instruct-Q4_K_M.gguf --port 8080 --host 127.0.0.1 -c 8192 -ngl 20
2026-09-14 00:50:08,999 - sovereign.llama_cpp.lifecycle - INFO - Deployment 'Llama-3.2-3B-Instruct' loaded successfully and is ready.
2026-09-14 00:50:26,131 - httpx - INFO - HTTP Request: POST http://testserver/api/v1/tasks/task-07710e76/run "HTTP/1.1 200 OK"
2026-09-14 00:50:28,143 - httpx - INFO - HTTP Request: GET http://testserver/api/v1/tasks/task-07710e76 "HTTP/1.1 200 OK"
2026-09-14 00:50:28,170 - httpx - INFO - HTTP Request: GET http://testserver/api/v1/artifacts/art-4a88f2fa/manifest "HTTP/1.1 200 OK"
2026-09-14 00:50:28,216 - httpx - INFO - HTTP Request: GET http://testserver/api/v1/health "HTTP/1.1 200 OK"
2026-09-14 00:50:44,630 - httpx2 - INFO - HTTP Request: GET http://testserver/api/v1/health "HTTP/1.1 200 OK"
2026-09-14 00:50:44,683 - httpx2 - INFO - HTTP Request: POST http://testserver/api/v1/tasks "HTTP/1.1 200 OK"
2026-09-14 00:50:44,694 - httpx2 - INFO - HTTP Request: GET http://testserver/api/v1/tasks/task-204b4253 "HTTP/1.1 200 OK"
2026-09-14 00:50:44,716 - httpx2 - INFO - HTTP Request: POST http://testserver/api/v1/tasks "HTTP/1.1 422 Unprocessable Entity"
2026-09-14 00:50:44,737 - httpx2 - INFO - HTTP Request: GET http://testserver/api/v1/tasks/task-notexist "HTTP/1.1 404 Not Found"
2026-09-14 00:50:44,773 - httpx2 - INFO - HTTP Request: POST http://testserver/api/v1/tasks/task-89d28e4e/run "HTTP/1.1 400 Bad Request"
2026-09-14 00:50:44,789 - httpx2 - INFO - HTTP Request: POST http://testserver/api/v1/tasks/task-89d28e4e/run "HTTP/1.1 400 Bad Request"
2026-09-14 00:50:44,804 - httpx2 - INFO - HTTP Request: POST http://testserver/api/v1/tasks/task-89d28e4e/run "HTTP/1.1 400 Bad Request"
2026-09-14 00:50:44,819 - httpx2 - INFO - HTTP Request: POST http://testserver/api/v1/tasks/task-89d28e4e/run "HTTP/1.1 400 Bad Request"
2026-09-14 00:50:44,826 - httpx2 - INFO - HTTP Request: POST http://testserver/api/v1/tasks/task-notexist/run "HTTP/1.1 404 Not Found"
2026-09-14 00:50:44,870 - httpx2 - INFO - HTTP Request: POST http://testserver/api/v1/tasks/task-ca0845db/run "HTTP/1.1 200 OK"
2026-09-14 00:50:44,883 - httpx2 - INFO - HTTP Request: POST http://testserver/api/v1/tasks/task-ca0845db/run "HTTP/1.1 409 Conflict"
2026-09-14 00:50:45,089 - httpx2 - INFO - HTTP Request: POST http://testserver/api/v1/knowledge/documents "HTTP/1.1 400 Bad Request"
2026-09-14 00:50:45,111 - httpx2 - INFO - HTTP Request: POST http://testserver/api/v1/knowledge/documents "HTTP/1.1 413 Request Entity Too Large"
2026-09-14 00:50:45,133 - httpx2 - INFO - HTTP Request: GET http://testserver/api/v1/tasks/task-abc/artifacts "HTTP/1.1 200 OK"
2026-09-14 00:50:45,141 - httpx2 - INFO - HTTP Request: GET http://testserver/api/v1/artifacts/art-123 "HTTP/1.1 200 OK"
2026-09-14 00:50:45,145 - httpx2 - INFO - HTTP Request: GET http://testserver/api/v1/artifacts/art-notexist "HTTP/1.1 404 Not Found"
2026-09-14 00:50:45,168 - httpx2 - INFO - HTTP Request: GET http://testserver/api/v1/artifacts/art-hack "HTTP/1.1 404 Not Found"
2026-09-14 00:50:45,656 - httpx2 - INFO - HTTP Request: POST http://testserver/api/v1/tasks "HTTP/1.1 200 OK"
2026-09-14 00:50:45,693 - httpx2 - INFO - HTTP Request: POST http://testserver/api/v1/knowledge/documents "HTTP/1.1 200 OK"
2026-09-14 00:50:45,708 - sovereign.llama_cpp.lifecycle - INFO - Switching deployment to 'Llama-3.2-3B-Instruct'...
2026-09-14 00:50:45,709 - sovereign.llama_cpp.lifecycle - INFO - Loading deployment 'Llama-3.2-3B-Instruct' with command: C:\Users\Dell\AppData\Local\Microsoft\WinGet\Packages\ggml.llamacpp_Microsoft.Winget.Source_8wekyb3d8bbwe\llama-server.exe -m C:\Users\Dell\.cache\huggingface\hub\models--bartowski--Llama-3.2-3B-Instruct-GGUF\snapshots\5ab33fa94d1d04e903623ae72c95d1696f09f9e8\Llama-3.2-3B-Instruct-Q4_K_M.gguf --port 8080 --host 127.0.0.1 -c 8192 -ngl 20
2026-09-14 00:50:51,380 - sovereign.llama_cpp.lifecycle - INFO - Deployment 'Llama-3.2-3B-Instruct' loaded successfully and is ready.
2026-09-14 00:50:51,445 - httpx2 - INFO - HTTP Request: POST http://testserver/api/v1/tasks/task-d77d45da/run "HTTP/1.1 200 OK"
2026-09-14 00:50:52,454 - httpx2 - INFO - HTTP Request: GET http://testserver/api/v1/tasks/task-d77d45da "HTTP/1.1 200 OK"
2026-09-14 00:50:52,473 - httpx2 - INFO - HTTP Request: GET http://testserver/api/v1/tasks/task-d77d45da/artifacts "HTTP/1.1 200 OK"
2026-09-14 00:50:52,482 - httpx2 - INFO - HTTP Request: GET http://testserver/api/v1/artifacts/art-10c13553 "HTTP/1.1 200 OK"
2026-09-14 00:50:52,798 - httpx2 - INFO - HTTP Request: POST http://testserver/api/v1/knowledge/documents "HTTP/1.1 400 Bad Request"
2026-09-14 00:50:52,814 - httpx2 - INFO - HTTP Request: POST http://testserver/api/v1/knowledge/documents "HTTP/1.1 200 OK"
2026-09-14 00:50:53,232 - asyncio - DEBUG - Using proactor: IocpProactor
2026-09-14 00:50:53,246 - multipart.multipart - DEBUG - Calling on_part_begin with no data
2026-09-14 00:50:53,246 - multipart.multipart - DEBUG - Calling on_header_field with data[36:55]
2026-09-14 00:50:53,247 - multipart.multipart - DEBUG - Calling on_header_value with data[57:106]
2026-09-14 00:50:53,247 - multipart.multipart - DEBUG - Calling on_header_end with no data
2026-09-14 00:50:53,247 - multipart.multipart - DEBUG - Calling on_header_field with data[108:120]
2026-09-14 00:50:53,248 - multipart.multipart - DEBUG - Calling on_header_value with data[122:131]
2026-09-14 00:50:53,248 - multipart.multipart - DEBUG - Calling on_header_end with no data
2026-09-14 00:50:53,249 - multipart.multipart - DEBUG - Calling on_headers_finished with no data
2026-09-14 00:50:53,249 - multipart.multipart - DEBUG - Calling on_part_data with data[135:153]
2026-09-14 00:50:53,249 - multipart.multipart - DEBUG - Calling on_part_end with no data
2026-09-14 00:50:53,249 - multipart.multipart - DEBUG - Calling on_end with no data
2026-09-14 00:50:53,264 - httpx2 - INFO - HTTP Request: POST http://testserver/api/v1/knowledge/documents "HTTP/1.1 403 Forbidden"
2026-09-14 00:50:53,401 - sovereign.llama_cpp.lifecycle - INFO - Loading deployment 'Model1' with command: C:\Users\Dell\AppData\Local\Microsoft\WinGet\Packages\ggml.llamacpp_Microsoft.Winget.Source_8wekyb3d8bbwe\llama-server.exe -m C:\Users\Dell\AppData\Local\Temp\pytest-of-Dell\pytest-58\test_llama_cpp_adapter_and_lif0\model1.gguf --port 8080 --host 127.0.0.1 -c 2048 -ngl 10
2026-09-14 00:50:53,401 - sovereign.llama_cpp.lifecycle - INFO - Deployment 'Model1' loaded successfully and is ready.
2026-09-14 00:50:53,401 - sovereign.llama_cpp.lifecycle - INFO - Switching deployment to 'Model2'...
2026-09-14 00:50:53,402 - sovereign.llama_cpp.lifecycle - INFO - Stopping active llama-server deployment...
2026-09-14 00:50:53,402 - sovereign.llama_cpp.lifecycle - INFO - llama-server stopped.
2026-09-14 00:50:53,402 - sovereign.llama_cpp.lifecycle - INFO - Loading deployment 'Model2' with command: C:\Users\Dell\AppData\Local\Microsoft\WinGet\Packages\ggml.llamacpp_Microsoft.Winget.Source_8wekyb3d8bbwe\llama-server.exe -m C:\Users\Dell\AppData\Local\Temp\pytest-of-Dell\pytest-58\test_llama_cpp_adapter_and_lif0\model2.gguf --port 8081 --host 127.0.0.1 -c 4096 -ngl 20
2026-09-14 00:50:53,403 - sovereign.llama_cpp.lifecycle - INFO - Deployment 'Model2' loaded successfully and is ready.
2026-09-14 00:50:53,404 - sovereign.llama_cpp.lifecycle - INFO - Stopping active llama-server deployment...
2026-09-14 00:50:53,404 - sovereign.llama_cpp.lifecycle - INFO - llama-server stopped.
2026-09-14 00:50:58,606 - sovereign.llama_cpp.lifecycle - INFO - Loading deployment 'test-model' with command: mock-server.exe -m /fake/model.gguf --port 8080 --host 127.0.0.1 -c 8192 -ngl 20
2026-09-14 00:50:58,606 - sovereign.llama_cpp.lifecycle - INFO - Deployment 'test-model' loaded successfully and is ready.
2026-09-14 00:50:58,606 - sovereign.llama_cpp.lifecycle - INFO - Stopping active llama-server deployment...
2026-09-14 00:50:58,607 - sovereign.llama_cpp.lifecycle - INFO - llama-server stopped.
2026-09-14 00:50:58,607 - sovereign.llama_cpp.lifecycle - INFO - Loading deployment 'test-vision-model' with command: mock-server.exe -m /fake/model.gguf --port 8080 --host 127.0.0.1 -c 8192 -ngl 20 --mmproj /fake/projector.gguf
2026-09-14 00:50:58,608 - sovereign.llama_cpp.lifecycle - INFO - Deployment 'test-vision-model' loaded successfully and is ready.
2026-09-16 14:05:26,455 - httpx2 - INFO - HTTP Request: GET http://testserver/api/v1/health "HTTP/1.1 200 OK"
2026-09-16 14:05:26,520 - httpx2 - INFO - HTTP Request: POST http://testserver/api/v1/tasks "HTTP/1.1 200 OK"
2026-09-16 14:05:26,527 - httpx2 - INFO - HTTP Request: GET http://testserver/api/v1/tasks/task-29ef24d2 "HTTP/1.1 200 OK"
2026-09-16 14:05:26,567 - httpx2 - INFO - HTTP Request: POST http://testserver/api/v1/tasks "HTTP/1.1 422 Unprocessable Entity"
2026-09-16 14:05:26,600 - httpx2 - INFO - HTTP Request: GET http://testserver/api/v1/tasks/task-notexist "HTTP/1.1 404 Not Found"
2026-09-16 14:05:26,652 - httpx2 - INFO - HTTP Request: POST http://testserver/api/v1/tasks/task-59732a27/run "HTTP/1.1 400 Bad Request"
2026-09-16 14:05:26,668 - httpx2 - INFO - HTTP Request: POST http://testserver/api/v1/tasks/task-59732a27/run "HTTP/1.1 400 Bad Request"
2026-09-16 14:05:26,682 - httpx2 - INFO - HTTP Request: POST http://testserver/api/v1/tasks/task-59732a27/run "HTTP/1.1 400 Bad Request"
2026-09-16 14:05:26,711 - httpx2 - INFO - HTTP Request: POST http://testserver/api/v1/tasks/task-59732a27/run "HTTP/1.1 400 Bad Request"
2026-09-16 14:05:26,720 - httpx2 - INFO - HTTP Request: POST http://testserver/api/v1/tasks/task-notexist/run "HTTP/1.1 404 Not Found"
2026-09-16 14:05:26,770 - httpx2 - INFO - HTTP Request: POST http://testserver/api/v1/tasks/task-a8626bbf/run "HTTP/1.1 200 OK"
2026-09-16 14:05:26,779 - httpx2 - INFO - HTTP Request: POST http://testserver/api/v1/tasks/task-a8626bbf/run "HTTP/1.1 409 Conflict"
2026-09-16 14:05:27,015 - httpx2 - INFO - HTTP Request: POST http://testserver/api/v1/knowledge/documents "HTTP/1.1 400 Bad Request"
2026-09-16 14:05:27,054 - httpx2 - INFO - HTTP Request: POST http://testserver/api/v1/knowledge/documents "HTTP/1.1 413 Request Entity Too Large"
2026-09-16 14:05:27,085 - httpx2 - INFO - HTTP Request: GET http://testserver/api/v1/tasks/task-abc/artifacts "HTTP/1.1 200 OK"
2026-09-16 14:05:27,094 - httpx2 - INFO - HTTP Request: GET http://testserver/api/v1/artifacts/art-123 "HTTP/1.1 200 OK"
2026-09-16 14:05:27,094 - httpx2 - INFO - HTTP Request: GET http://testserver/api/v1/artifacts/art-notexist "HTTP/1.1 404 Not Found"
2026-09-16 14:05:27,135 - httpx2 - INFO - HTTP Request: GET http://testserver/api/v1/artifacts/art-hack "HTTP/1.1 404 Not Found"
2026-09-16 14:05:27,946 - httpx2 - INFO - HTTP Request: POST http://testserver/api/v1/tasks "HTTP/1.1 200 OK"
2026-09-16 14:05:28,018 - httpx2 - INFO - HTTP Request: POST http://testserver/api/v1/knowledge/documents "HTTP/1.1 200 OK"
2026-09-16 14:05:28,079 - sovereign.llama_cpp.lifecycle - INFO - Switching deployment to 'Llama-3.2-3B-Instruct'...
2026-09-16 14:05:28,080 - sovereign.llama_cpp.lifecycle - INFO - Loading deployment 'Llama-3.2-3B-Instruct' with command: C:\Users\Dell\AppData\Local\Microsoft\WinGet\Packages\ggml.llamacpp_Microsoft.Winget.Source_8wekyb3d8bbwe\llama-server.exe -m C:\Users\Dell\.cache\huggingface\hub\models--bartowski--Llama-3.2-3B-Instruct-GGUF\snapshots\5ab33fa94d1d04e903623ae72c95d1696f09f9e8\Llama-3.2-3B-Instruct-Q4_K_M.gguf --port 8080 --host 127.0.0.1 -c 8192 -ngl 20
2026-09-16 14:05:58,445 - sovereign.llama_cpp.lifecycle - INFO - Stopping active llama-server deployment...
2026-09-16 14:05:59,195 - sovereign.llama_cpp.lifecycle - INFO - llama-server stopped.
2026-09-16 14:05:59,195 - sovereign.llama_cpp.lifecycle - ERROR - Failed to initialize deployment 'Llama-3.2-3B-Instruct'.
2026-09-16 14:05:59,251 - httpx2 - INFO - HTTP Request: POST http://testserver/api/v1/tasks/task-f58b93b7/run "HTTP/1.1 200 OK"
2026-09-16 14:06:00,268 - httpx2 - INFO - HTTP Request: GET http://testserver/api/v1/tasks/task-f58b93b7 "HTTP/1.1 200 OK"
2026-09-16 14:06:01,221 - httpx2 - INFO - HTTP Request: POST http://testserver/api/v1/knowledge/documents "HTTP/1.1 400 Bad Request"
2026-09-16 14:06:01,240 - httpx2 - INFO - HTTP Request: POST http://testserver/api/v1/knowledge/documents "HTTP/1.1 200 OK"
2026-09-16 14:06:01,682 - asyncio - DEBUG - Using proactor: IocpProactor
2026-09-16 14:06:01,693 - multipart.multipart - DEBUG - Calling on_part_begin with no data
2026-09-16 14:06:01,693 - multipart.multipart - DEBUG - Calling on_header_field with data[36:55]
2026-09-16 14:06:01,693 - multipart.multipart - DEBUG - Calling on_header_value with data[57:106]
2026-09-16 14:06:01,693 - multipart.multipart - DEBUG - Calling on_header_end with no data
2026-09-16 14:06:01,693 - multipart.multipart - DEBUG - Calling on_header_field with data[108:120]
2026-09-16 14:06:01,693 - multipart.multipart - DEBUG - Calling on_header_value with data[122:131]
2026-09-16 14:06:01,696 - multipart.multipart - DEBUG - Calling on_header_end with no data
2026-09-16 14:06:01,696 - multipart.multipart - DEBUG - Calling on_headers_finished with no data
2026-09-16 14:06:01,696 - multipart.multipart - DEBUG - Calling on_part_data with data[135:153]
2026-09-16 14:06:01,696 - multipart.multipart - DEBUG - Calling on_part_end with no data
2026-09-16 14:06:01,696 - multipart.multipart - DEBUG - Calling on_end with no data
2026-09-16 14:06:01,712 - httpx2 - INFO - HTTP Request: POST http://testserver/api/v1/knowledge/documents "HTTP/1.1 403 Forbidden"
2026-09-16 14:06:01,853 - sovereign.llama_cpp.lifecycle - INFO - Loading deployment 'Model1' with command: C:\Users\Dell\AppData\Local\Microsoft\WinGet\Packages\ggml.llamacpp_Microsoft.Winget.Source_8wekyb3d8bbwe\llama-server.exe -m C:\Users\Dell\AppData\Local\Temp\pytest-of-Dell\pytest-0\test_llama_cpp_adapter_and_lif0\model1.gguf --port 8080 --host 127.0.0.1 -c 2048 -ngl 10
2026-09-16 14:06:01,854 - sovereign.llama_cpp.lifecycle - INFO - Deployment 'Model1' loaded successfully and is ready.
2026-09-16 14:06:01,856 - sovereign.llama_cpp.lifecycle - INFO - Switching deployment to 'Model2'...
2026-09-16 14:06:01,857 - sovereign.llama_cpp.lifecycle - INFO - Stopping active llama-server deployment...
2026-09-16 14:06:01,857 - sovereign.llama_cpp.lifecycle - INFO - llama-server stopped.
2026-09-16 14:06:01,857 - sovereign.llama_cpp.lifecycle - INFO - Loading deployment 'Model2' with command: C:\Users\Dell\AppData\Local\Microsoft\WinGet\Packages\ggml.llamacpp_Microsoft.Winget.Source_8wekyb3d8bbwe\llama-server.exe -m C:\Users\Dell\AppData\Local\Temp\pytest-of-Dell\pytest-0\test_llama_cpp_adapter_and_lif0\model2.gguf --port 8081 --host 127.0.0.1 -c 4096 -ngl 20
2026-09-16 14:06:01,858 - sovereign.llama_cpp.lifecycle - INFO - Deployment 'Model2' loaded successfully and is ready.
2026-09-16 14:06:01,859 - sovereign.llama_cpp.lifecycle - INFO - Stopping active llama-server deployment...
2026-09-16 14:06:01,859 - sovereign.llama_cpp.lifecycle - INFO - llama-server stopped.
2026-09-16 14:06:07,736 - sovereign.llama_cpp.lifecycle - INFO - Loading deployment 'test-model' with command: mock-server.exe -m /fake/model.gguf --port 8080 --host 127.0.0.1 -c 8192 -ngl 20
2026-09-16 14:06:07,736 - sovereign.llama_cpp.lifecycle - INFO - Deployment 'test-model' loaded successfully and is ready.
2026-09-16 14:06:07,738 - sovereign.llama_cpp.lifecycle - INFO - Stopping active llama-server deployment...
2026-09-16 14:06:07,738 - sovereign.llama_cpp.lifecycle - INFO - llama-server stopped.
2026-09-16 14:06:07,738 - sovereign.llama_cpp.lifecycle - INFO - Loading deployment 'test-vision-model' with command: mock-server.exe -m /fake/model.gguf --port 8080 --host 127.0.0.1 -c 8192 -ngl 20 --mmproj /fake/projector.gguf
2026-09-16 14:06:07,740 - sovereign.llama_cpp.lifecycle - INFO - Deployment 'test-vision-model' loaded successfully and is ready.
2026-09-16 14:06:46,560 - httpx2 - INFO - HTTP Request: POST http://testserver/api/v1/tasks "HTTP/1.1 200 OK"
2026-09-16 14:06:46,694 - httpx2 - INFO - HTTP Request: POST http://testserver/api/v1/knowledge/documents "HTTP/1.1 200 OK"
2026-09-16 14:06:46,719 - sovereign.llama_cpp.lifecycle - INFO - Switching deployment to 'Llama-3.2-3B-Instruct'...
2026-09-16 14:06:46,720 - sovereign.llama_cpp.lifecycle - INFO - Loading deployment 'Llama-3.2-3B-Instruct' with command: C:\Users\Dell\AppData\Local\Microsoft\WinGet\Packages\ggml.llamacpp_Microsoft.Winget.Source_8wekyb3d8bbwe\llama-server.exe -m C:\Users\Dell\.cache\huggingface\hub\models--bartowski--Llama-3.2-3B-Instruct-GGUF\snapshots\5ab33fa94d1d04e903623ae72c95d1696f09f9e8\Llama-3.2-3B-Instruct-Q4_K_M.gguf --port 8080 --host 127.0.0.1 -c 8192 -ngl 20
2026-09-16 14:06:54,478 - sovereign.llama_cpp.lifecycle - INFO - Deployment 'Llama-3.2-3B-Instruct' loaded successfully and is ready.
2026-09-16 14:06:54,567 - httpx2 - INFO - HTTP Request: POST http://testserver/api/v1/tasks/task-83ffb166/run "HTTP/1.1 200 OK"
2026-09-16 14:06:55,586 - httpx2 - INFO - HTTP Request: GET http://testserver/api/v1/tasks/task-83ffb166 "HTTP/1.1 200 OK"
2026-09-16 14:06:55,608 - httpx2 - INFO - HTTP Request: GET http://testserver/api/v1/tasks/task-83ffb166/artifacts "HTTP/1.1 200 OK"
2026-09-16 14:06:55,619 - httpx2 - INFO - HTTP Request: GET http://testserver/api/v1/artifacts/art-2cd1bf22 "HTTP/1.1 200 OK"
2026-09-16 14:07:40,788 - httpx2 - INFO - HTTP Request: GET http://testserver/api/v1/health "HTTP/1.1 200 OK"
2026-09-16 14:07:40,846 - httpx2 - INFO - HTTP Request: POST http://testserver/api/v1/tasks "HTTP/1.1 200 OK"
2026-09-16 14:07:40,854 - httpx2 - INFO - HTTP Request: GET http://testserver/api/v1/tasks/task-94a2441b "HTTP/1.1 200 OK"
2026-09-16 14:07:40,884 - httpx2 - INFO - HTTP Request: POST http://testserver/api/v1/tasks "HTTP/1.1 422 Unprocessable Entity"
2026-09-16 14:07:40,909 - httpx2 - INFO - HTTP Request: GET http://testserver/api/v1/tasks/task-notexist "HTTP/1.1 404 Not Found"
2026-09-16 14:07:40,949 - httpx2 - INFO - HTTP Request: POST http://testserver/api/v1/tasks/task-1a21facb/run "HTTP/1.1 400 Bad Request"
2026-09-16 14:07:40,975 - httpx2 - INFO - HTTP Request: POST http://testserver/api/v1/tasks/task-1a21facb/run "HTTP/1.1 400 Bad Request"
2026-09-16 14:07:40,991 - httpx2 - INFO - HTTP Request: POST http://testserver/api/v1/tasks/task-1a21facb/run "HTTP/1.1 400 Bad Request"
2026-09-16 14:07:41,010 - httpx2 - INFO - HTTP Request: POST http://testserver/api/v1/tasks/task-1a21facb/run "HTTP/1.1 400 Bad Request"
2026-09-16 14:07:41,016 - httpx2 - INFO - HTTP Request: POST http://testserver/api/v1/tasks/task-notexist/run "HTTP/1.1 404 Not Found"
2026-09-16 14:07:41,058 - httpx2 - INFO - HTTP Request: POST http://testserver/api/v1/tasks/task-a134e9e4/run "HTTP/1.1 200 OK"
2026-09-16 14:07:41,064 - httpx2 - INFO - HTTP Request: POST http://testserver/api/v1/tasks/task-a134e9e4/run "HTTP/1.1 409 Conflict"
2026-09-16 14:07:41,270 - httpx2 - INFO - HTTP Request: POST http://testserver/api/v1/knowledge/documents "HTTP/1.1 400 Bad Request"
2026-09-16 14:07:41,297 - httpx2 - INFO - HTTP Request: POST http://testserver/api/v1/knowledge/documents "HTTP/1.1 413 Request Entity Too Large"
2026-09-16 14:07:41,326 - httpx2 - INFO - HTTP Request: GET http://testserver/api/v1/tasks/task-abc/artifacts "HTTP/1.1 200 OK"
2026-09-16 14:07:41,333 - httpx2 - INFO - HTTP Request: GET http://testserver/api/v1/artifacts/art-123 "HTTP/1.1 200 OK"
2026-09-16 14:07:41,341 - httpx2 - INFO - HTTP Request: GET http://testserver/api/v1/artifacts/art-notexist "HTTP/1.1 404 Not Found"
2026-09-16 14:07:41,369 - httpx2 - INFO - HTTP Request: GET http://testserver/api/v1/artifacts/art-hack "HTTP/1.1 404 Not Found"
2026-09-16 14:07:41,992 - httpx2 - INFO - HTTP Request: POST http://testserver/api/v1/tasks "HTTP/1.1 200 OK"
2026-09-16 14:07:42,033 - httpx2 - INFO - HTTP Request: POST http://testserver/api/v1/knowledge/documents "HTTP/1.1 200 OK"
2026-09-16 14:07:42,051 - sovereign.llama_cpp.lifecycle - INFO - Switching deployment to 'Llama-3.2-3B-Instruct'...
2026-09-16 14:07:42,051 - sovereign.llama_cpp.lifecycle - INFO - Loading deployment 'Llama-3.2-3B-Instruct' with command: C:\Users\Dell\AppData\Local\Microsoft\WinGet\Packages\ggml.llamacpp_Microsoft.Winget.Source_8wekyb3d8bbwe\llama-server.exe -m C:\Users\Dell\.cache\huggingface\hub\models--bartowski--Llama-3.2-3B-Instruct-GGUF\snapshots\5ab33fa94d1d04e903623ae72c95d1696f09f9e8\Llama-3.2-3B-Instruct-Q4_K_M.gguf --port 8080 --host 127.0.0.1 -c 8192 -ngl 20
2026-09-16 14:07:49,301 - sovereign.llama_cpp.lifecycle - INFO - Deployment 'Llama-3.2-3B-Instruct' loaded successfully and is ready.
2026-09-16 14:07:49,374 - httpx2 - INFO - HTTP Request: POST http://testserver/api/v1/tasks/task-27c7f2d6/run "HTTP/1.1 200 OK"
2026-09-16 14:07:50,384 - httpx2 - INFO - HTTP Request: GET http://testserver/api/v1/tasks/task-27c7f2d6 "HTTP/1.1 200 OK"
2026-09-16 14:07:50,400 - httpx2 - INFO - HTTP Request: GET http://testserver/api/v1/tasks/task-27c7f2d6/artifacts "HTTP/1.1 200 OK"
2026-09-16 14:07:50,411 - httpx2 - INFO - HTTP Request: GET http://testserver/api/v1/artifacts/art-6f55b033 "HTTP/1.1 200 OK"
2026-09-16 14:07:50,837 - httpx2 - INFO - HTTP Request: POST http://testserver/api/v1/knowledge/documents "HTTP/1.1 400 Bad Request"
2026-09-16 14:07:50,851 - httpx2 - INFO - HTTP Request: POST http://testserver/api/v1/knowledge/documents "HTTP/1.1 200 OK"
2026-09-16 14:07:51,609 - asyncio - DEBUG - Using proactor: IocpProactor
2026-09-16 14:07:51,625 - multipart.multipart - DEBUG - Calling on_part_begin with no data
2026-09-16 14:07:51,625 - multipart.multipart - DEBUG - Calling on_header_field with data[36:55]
2026-09-16 14:07:51,626 - multipart.multipart - DEBUG - Calling on_header_value with data[57:106]
2026-09-16 14:07:51,626 - multipart.multipart - DEBUG - Calling on_header_end with no data
2026-09-16 14:07:51,626 - multipart.multipart - DEBUG - Calling on_header_field with data[108:120]
2026-09-16 14:07:51,627 - multipart.multipart - DEBUG - Calling on_header_value with data[122:131]
2026-09-16 14:07:51,627 - multipart.multipart - DEBUG - Calling on_header_end with no data
2026-09-16 14:07:51,628 - multipart.multipart - DEBUG - Calling on_headers_finished with no data
2026-09-16 14:07:51,628 - multipart.multipart - DEBUG - Calling on_part_data with data[135:153]
2026-09-16 14:07:51,629 - multipart.multipart - DEBUG - Calling on_part_end with no data
2026-09-16 14:07:51,629 - multipart.multipart - DEBUG - Calling on_end with no data
2026-09-16 14:07:51,646 - httpx2 - INFO - HTTP Request: POST http://testserver/api/v1/knowledge/documents "HTTP/1.1 403 Forbidden"
2026-09-16 14:07:51,791 - sovereign.llama_cpp.lifecycle - INFO - Loading deployment 'Model1' with command: C:\Users\Dell\AppData\Local\Microsoft\WinGet\Packages\ggml.llamacpp_Microsoft.Winget.Source_8wekyb3d8bbwe\llama-server.exe -m C:\Users\Dell\AppData\Local\Temp\pytest-of-Dell\pytest-2\test_llama_cpp_adapter_and_lif0\model1.gguf --port 8080 --host 127.0.0.1 -c 2048 -ngl 10
2026-09-16 14:07:51,792 - sovereign.llama_cpp.lifecycle - INFO - Deployment 'Model1' loaded successfully and is ready.
2026-09-16 14:07:51,792 - sovereign.llama_cpp.lifecycle - INFO - Switching deployment to 'Model2'...
2026-09-16 14:07:51,794 - sovereign.llama_cpp.lifecycle - INFO - Stopping active llama-server deployment...
2026-09-16 14:07:51,794 - sovereign.llama_cpp.lifecycle - INFO - llama-server stopped.
2026-09-16 14:07:51,794 - sovereign.llama_cpp.lifecycle - INFO - Loading deployment 'Model2' with command: C:\Users\Dell\AppData\Local\Microsoft\WinGet\Packages\ggml.llamacpp_Microsoft.Winget.Source_8wekyb3d8bbwe\llama-server.exe -m C:\Users\Dell\AppData\Local\Temp\pytest-of-Dell\pytest-2\test_llama_cpp_adapter_and_lif0\model2.gguf --port 8081 --host 127.0.0.1 -c 4096 -ngl 20
2026-09-16 14:07:51,795 - sovereign.llama_cpp.lifecycle - INFO - Deployment 'Model2' loaded successfully and is ready.
2026-09-16 14:07:51,795 - sovereign.llama_cpp.lifecycle - INFO - Stopping active llama-server deployment...
2026-09-16 14:07:51,795 - sovereign.llama_cpp.lifecycle - INFO - llama-server stopped.
2026-09-16 14:07:57,465 - sovereign.llama_cpp.lifecycle - INFO - Loading deployment 'test-model' with command: mock-server.exe -m /fake/model.gguf --port 8080 --host 127.0.0.1 -c 8192 -ngl 20
2026-09-16 14:07:57,465 - sovereign.llama_cpp.lifecycle - INFO - Deployment 'test-model' loaded successfully and is ready.
2026-09-16 14:07:57,465 - sovereign.llama_cpp.lifecycle - INFO - Stopping active llama-server deployment...
2026-09-16 14:07:57,466 - sovereign.llama_cpp.lifecycle - INFO - llama-server stopped.
2026-09-16 14:07:57,467 - sovereign.llama_cpp.lifecycle - INFO - Loading deployment 'test-vision-model' with command: mock-server.exe -m /fake/model.gguf --port 8080 --host 127.0.0.1 -c 8192 -ngl 20 --mmproj /fake/projector.gguf
2026-09-16 14:07:57,467 - sovereign.llama_cpp.lifecycle - INFO - Deployment 'test-vision-model' loaded successfully and is ready.
2026-09-16 14:08:54,740 - httpx2 - INFO - HTTP Request: GET http://testserver/api/v1/health "HTTP/1.1 200 OK"
2026-09-16 14:08:54,789 - httpx2 - INFO - HTTP Request: POST http://testserver/api/v1/tasks "HTTP/1.1 200 OK"
2026-09-16 14:08:54,797 - httpx2 - INFO - HTTP Request: GET http://testserver/api/v1/tasks/task-144cd08c "HTTP/1.1 200 OK"
2026-09-16 14:08:54,822 - httpx2 - INFO - HTTP Request: POST http://testserver/api/v1/tasks "HTTP/1.1 422 Unprocessable Entity"
2026-09-16 14:08:54,846 - httpx2 - INFO - HTTP Request: GET http://testserver/api/v1/tasks/task-notexist "HTTP/1.1 404 Not Found"
2026-09-16 14:08:54,886 - httpx2 - INFO - HTTP Request: POST http://testserver/api/v1/tasks/task-34702f80/run "HTTP/1.1 400 Bad Request"
2026-09-16 14:08:54,907 - httpx2 - INFO - HTTP Request: POST http://testserver/api/v1/tasks/task-34702f80/run "HTTP/1.1 400 Bad Request"
2026-09-16 14:08:54,926 - httpx2 - INFO - HTTP Request: POST http://testserver/api/v1/tasks/task-34702f80/run "HTTP/1.1 400 Bad Request"
2026-09-16 14:08:54,944 - httpx2 - INFO - HTTP Request: POST http://testserver/api/v1/tasks/task-34702f80/run "HTTP/1.1 400 Bad Request"
2026-09-16 14:08:54,944 - httpx2 - INFO - HTTP Request: POST http://testserver/api/v1/tasks/task-notexist/run "HTTP/1.1 404 Not Found"
2026-09-16 14:08:54,993 - httpx2 - INFO - HTTP Request: POST http://testserver/api/v1/tasks/task-2c89abe0/run "HTTP/1.1 200 OK"
2026-09-16 14:08:55,000 - httpx2 - INFO - HTTP Request: POST http://testserver/api/v1/tasks/task-2c89abe0/run "HTTP/1.1 409 Conflict"
2026-09-16 14:08:55,188 - httpx2 - INFO - HTTP Request: POST http://testserver/api/v1/knowledge/documents "HTTP/1.1 400 Bad Request"
2026-09-16 14:08:55,215 - httpx2 - INFO - HTTP Request: POST http://testserver/api/v1/knowledge/documents "HTTP/1.1 413 Request Entity Too Large"
2026-09-16 14:08:55,236 - httpx2 - INFO - HTTP Request: GET http://testserver/api/v1/tasks/task-abc/artifacts "HTTP/1.1 200 OK"
2026-09-16 14:08:55,246 - httpx2 - INFO - HTTP Request: GET http://testserver/api/v1/artifacts/art-123 "HTTP/1.1 200 OK"
2026-09-16 14:08:55,252 - httpx2 - INFO - HTTP Request: GET http://testserver/api/v1/artifacts/art-notexist "HTTP/1.1 404 Not Found"
2026-09-16 14:08:55,277 - httpx2 - INFO - HTTP Request: GET http://testserver/api/v1/artifacts/art-hack "HTTP/1.1 404 Not Found"
2026-09-16 14:08:55,859 - httpx2 - INFO - HTTP Request: POST http://testserver/api/v1/tasks "HTTP/1.1 200 OK"
2026-09-16 14:08:55,890 - httpx2 - INFO - HTTP Request: POST http://testserver/api/v1/knowledge/documents "HTTP/1.1 200 OK"
2026-09-16 14:08:55,911 - sovereign.llama_cpp.lifecycle - INFO - Switching deployment to 'Llama-3.2-3B-Instruct'...
2026-09-16 14:08:55,911 - sovereign.llama_cpp.lifecycle - INFO - Loading deployment 'Llama-3.2-3B-Instruct' with command: C:\Users\Dell\AppData\Local\Microsoft\WinGet\Packages\ggml.llamacpp_Microsoft.Winget.Source_8wekyb3d8bbwe\llama-server.exe -m C:\Users\Dell\.cache\huggingface\hub\models--bartowski--Llama-3.2-3B-Instruct-GGUF\snapshots\5ab33fa94d1d04e903623ae72c95d1696f09f9e8\Llama-3.2-3B-Instruct-Q4_K_M.gguf --port 8080 --host 127.0.0.1 -c 8192 -ngl 20
2026-09-16 14:09:02,102 - sovereign.llama_cpp.lifecycle - INFO - Deployment 'Llama-3.2-3B-Instruct' loaded successfully and is ready.
2026-09-16 14:09:02,179 - httpx2 - INFO - HTTP Request: POST http://testserver/api/v1/tasks/task-a71fb4b9/run "HTTP/1.1 200 OK"
2026-09-16 14:09:03,197 - httpx2 - INFO - HTTP Request: GET http://testserver/api/v1/tasks/task-a71fb4b9 "HTTP/1.1 200 OK"
2026-09-16 14:09:03,229 - httpx2 - INFO - HTTP Request: GET http://testserver/api/v1/tasks/task-a71fb4b9/artifacts "HTTP/1.1 200 OK"
2026-09-16 14:09:03,247 - httpx2 - INFO - HTTP Request: GET http://testserver/api/v1/artifacts/art-2d87d143 "HTTP/1.1 200 OK"
2026-09-16 14:09:03,653 - httpx2 - INFO - HTTP Request: POST http://testserver/api/v1/knowledge/documents "HTTP/1.1 400 Bad Request"
2026-09-16 14:09:03,671 - httpx2 - INFO - HTTP Request: POST http://testserver/api/v1/knowledge/documents "HTTP/1.1 200 OK"
2026-09-16 14:09:04,087 - asyncio - DEBUG - Using proactor: IocpProactor
2026-09-16 14:09:04,097 - multipart.multipart - DEBUG - Calling on_part_begin with no data
2026-09-16 14:09:04,097 - multipart.multipart - DEBUG - Calling on_header_field with data[36:55]
2026-09-16 14:09:04,097 - multipart.multipart - DEBUG - Calling on_header_value with data[57:106]
2026-09-16 14:09:04,098 - multipart.multipart - DEBUG - Calling on_header_end with no data
2026-09-16 14:09:04,098 - multipart.multipart - DEBUG - Calling on_header_field with data[108:120]
2026-09-16 14:09:04,098 - multipart.multipart - DEBUG - Calling on_header_value with data[122:131]
2026-09-16 14:09:04,099 - multipart.multipart - DEBUG - Calling on_header_end with no data
2026-09-16 14:09:04,099 - multipart.multipart - DEBUG - Calling on_headers_finished with no data
2026-09-16 14:09:04,099 - multipart.multipart - DEBUG - Calling on_part_data with data[135:153]
2026-09-16 14:09:04,100 - multipart.multipart - DEBUG - Calling on_part_end with no data
2026-09-16 14:09:04,100 - multipart.multipart - DEBUG - Calling on_end with no data
2026-09-16 14:09:04,121 - httpx2 - INFO - HTTP Request: POST http://testserver/api/v1/knowledge/documents "HTTP/1.1 403 Forbidden"
2026-09-16 14:09:04,260 - sovereign.llama_cpp.lifecycle - INFO - Loading deployment 'Model1' with command: C:\Users\Dell\AppData\Local\Microsoft\WinGet\Packages\ggml.llamacpp_Microsoft.Winget.Source_8wekyb3d8bbwe\llama-server.exe -m C:\Users\Dell\AppData\Local\Temp\pytest-of-Dell\pytest-3\test_llama_cpp_adapter_and_lif0\model1.gguf --port 8080 --host 127.0.0.1 -c 2048 -ngl 10
2026-09-16 14:09:04,261 - sovereign.llama_cpp.lifecycle - INFO - Deployment 'Model1' loaded successfully and is ready.
2026-09-16 14:09:04,262 - sovereign.llama_cpp.lifecycle - INFO - Switching deployment to 'Model2'...
2026-09-16 14:09:04,264 - sovereign.llama_cpp.lifecycle - INFO - Stopping active llama-server deployment...
2026-09-16 14:09:04,265 - sovereign.llama_cpp.lifecycle - INFO - llama-server stopped.
2026-09-16 14:09:04,265 - sovereign.llama_cpp.lifecycle - INFO - Loading deployment 'Model2' with command: C:\Users\Dell\AppData\Local\Microsoft\WinGet\Packages\ggml.llamacpp_Microsoft.Winget.Source_8wekyb3d8bbwe\llama-server.exe -m C:\Users\Dell\AppData\Local\Temp\pytest-of-Dell\pytest-3\test_llama_cpp_adapter_and_lif0\model2.gguf --port 8081 --host 127.0.0.1 -c 4096 -ngl 20
2026-09-16 14:09:04,266 - sovereign.llama_cpp.lifecycle - INFO - Deployment 'Model2' loaded successfully and is ready.
2026-09-16 14:09:04,267 - sovereign.llama_cpp.lifecycle - INFO - Stopping active llama-server deployment...
2026-09-16 14:09:04,267 - sovereign.llama_cpp.lifecycle - INFO - llama-server stopped.
2026-09-16 14:09:09,730 - sovereign.llama_cpp.lifecycle - INFO - Loading deployment 'test-model' with command: mock-server.exe -m /fake/model.gguf --port 8080 --host 127.0.0.1 -c 8192 -ngl 20
2026-09-16 14:09:09,731 - sovereign.llama_cpp.lifecycle - INFO - Deployment 'test-model' loaded successfully and is ready.
2026-09-16 14:09:09,731 - sovereign.llama_cpp.lifecycle - INFO - Stopping active llama-server deployment...
2026-09-16 14:09:09,732 - sovereign.llama_cpp.lifecycle - INFO - llama-server stopped.
2026-09-16 14:09:09,733 - sovereign.llama_cpp.lifecycle - INFO - Loading deployment 'test-vision-model' with command: mock-server.exe -m /fake/model.gguf --port 8080 --host 127.0.0.1 -c 8192 -ngl 20 --mmproj /fake/projector.gguf
2026-09-16 14:09:09,733 - sovereign.llama_cpp.lifecycle - INFO - Deployment 'test-vision-model' loaded successfully and is ready.
2026-09-16 14:16:29,543 - httpx2 - INFO - HTTP Request: GET http://testserver/api/v1/health "HTTP/1.1 200 OK"
2026-09-16 14:16:29,594 - httpx2 - INFO - HTTP Request: POST http://testserver/api/v1/tasks "HTTP/1.1 200 OK"
2026-09-16 14:16:29,601 - httpx2 - INFO - HTTP Request: GET http://testserver/api/v1/tasks/task-17fa830a "HTTP/1.1 200 OK"
2026-09-16 14:16:29,625 - httpx2 - INFO - HTTP Request: POST http://testserver/api/v1/tasks "HTTP/1.1 422 Unprocessable Entity"
2026-09-16 14:16:29,673 - httpx2 - INFO - HTTP Request: GET http://testserver/api/v1/tasks/task-notexist "HTTP/1.1 404 Not Found"
2026-09-16 14:16:29,722 - httpx2 - INFO - HTTP Request: POST http://testserver/api/v1/tasks/task-a1ccb923/run "HTTP/1.1 400 Bad Request"
2026-09-16 14:16:29,739 - httpx2 - INFO - HTTP Request: POST http://testserver/api/v1/tasks/task-a1ccb923/run "HTTP/1.1 400 Bad Request"
2026-09-16 14:16:29,758 - httpx2 - INFO - HTTP Request: POST http://testserver/api/v1/tasks/task-a1ccb923/run "HTTP/1.1 400 Bad Request"
2026-09-16 14:16:29,772 - httpx2 - INFO - HTTP Request: POST http://testserver/api/v1/tasks/task-a1ccb923/run "HTTP/1.1 400 Bad Request"
2026-09-16 14:16:29,780 - httpx2 - INFO - HTTP Request: POST http://testserver/api/v1/tasks/task-notexist/run "HTTP/1.1 404 Not Found"
2026-09-16 14:16:29,820 - httpx2 - INFO - HTTP Request: POST http://testserver/api/v1/tasks/task-b7dbb5f4/run "HTTP/1.1 200 OK"
2026-09-16 14:16:29,831 - httpx2 - INFO - HTTP Request: POST http://testserver/api/v1/tasks/task-b7dbb5f4/run "HTTP/1.1 409 Conflict"
2026-09-16 14:16:30,066 - httpx2 - INFO - HTTP Request: POST http://testserver/api/v1/knowledge/documents "HTTP/1.1 400 Bad Request"
2026-09-16 14:16:30,095 - httpx2 - INFO - HTTP Request: POST http://testserver/api/v1/knowledge/documents "HTTP/1.1 413 Request Entity Too Large"
2026-09-16 14:16:30,128 - httpx2 - INFO - HTTP Request: GET http://testserver/api/v1/tasks/task-abc/artifacts "HTTP/1.1 200 OK"
2026-09-16 14:16:30,144 - httpx2 - INFO - HTTP Request: GET http://testserver/api/v1/artifacts/art-123 "HTTP/1.1 200 OK"
2026-09-16 14:16:30,151 - httpx2 - INFO - HTTP Request: GET http://testserver/api/v1/artifacts/art-notexist "HTTP/1.1 404 Not Found"
2026-09-16 14:16:30,191 - httpx2 - INFO - HTTP Request: GET http://testserver/api/v1/artifacts/art-hack "HTTP/1.1 404 Not Found"
2026-09-16 14:16:30,767 - httpx2 - INFO - HTTP Request: POST http://testserver/api/v1/tasks "HTTP/1.1 200 OK"
2026-09-16 14:16:30,805 - httpx2 - INFO - HTTP Request: POST http://testserver/api/v1/knowledge/documents "HTTP/1.1 200 OK"
2026-09-16 14:16:30,824 - sovereign.llama_cpp.lifecycle - INFO - Switching deployment to 'Llama-3.2-3B-Instruct'...
2026-09-16 14:16:30,824 - sovereign.llama_cpp.lifecycle - INFO - Loading deployment 'Llama-3.2-3B-Instruct' with command: C:\Users\Dell\AppData\Local\Microsoft\WinGet\Packages\ggml.llamacpp_Microsoft.Winget.Source_8wekyb3d8bbwe\llama-server.exe -m C:\Users\Dell\.cache\huggingface\hub\models--bartowski--Llama-3.2-3B-Instruct-GGUF\snapshots\5ab33fa94d1d04e903623ae72c95d1696f09f9e8\Llama-3.2-3B-Instruct-Q4_K_M.gguf --port 8080 --host 127.0.0.1 -c 8192 -ngl 20
2026-09-16 14:16:38,050 - sovereign.llama_cpp.lifecycle - INFO - Deployment 'Llama-3.2-3B-Instruct' loaded successfully and is ready.
2026-09-16 14:16:38,155 - httpx2 - INFO - HTTP Request: POST http://testserver/api/v1/tasks/task-d1736d4c/run "HTTP/1.1 200 OK"
2026-09-16 14:16:39,168 - httpx2 - INFO - HTTP Request: GET http://testserver/api/v1/tasks/task-d1736d4c "HTTP/1.1 200 OK"
2026-09-16 14:16:39,186 - httpx2 - INFO - HTTP Request: GET http://testserver/api/v1/tasks/task-d1736d4c/artifacts "HTTP/1.1 200 OK"
2026-09-16 14:16:39,197 - httpx2 - INFO - HTTP Request: GET http://testserver/api/v1/artifacts/art-65cadad9 "HTTP/1.1 200 OK"
2026-09-16 14:16:40,305 - httpx2 - INFO - HTTP Request: POST http://testserver/api/v1/knowledge/documents "HTTP/1.1 400 Bad Request"
2026-09-16 14:16:40,326 - httpx2 - INFO - HTTP Request: POST http://testserver/api/v1/knowledge/documents "HTTP/1.1 200 OK"
2026-09-16 14:16:40,793 - asyncio - DEBUG - Using proactor: IocpProactor
2026-09-16 14:16:40,804 - multipart.multipart - DEBUG - Calling on_part_begin with no data
2026-09-16 14:16:40,805 - multipart.multipart - DEBUG - Calling on_header_field with data[36:55]
2026-09-16 14:16:40,805 - multipart.multipart - DEBUG - Calling on_header_value with data[57:106]
2026-09-16 14:16:40,805 - multipart.multipart - DEBUG - Calling on_header_end with no data
2026-09-16 14:16:40,806 - multipart.multipart - DEBUG - Calling on_header_field with data[108:120]
2026-09-16 14:16:40,806 - multipart.multipart - DEBUG - Calling on_header_value with data[122:131]
2026-09-16 14:16:40,806 - multipart.multipart - DEBUG - Calling on_header_end with no data
2026-09-16 14:16:40,807 - multipart.multipart - DEBUG - Calling on_headers_finished with no data
2026-09-16 14:16:40,807 - multipart.multipart - DEBUG - Calling on_part_data with data[135:153]
2026-09-16 14:16:40,807 - multipart.multipart - DEBUG - Calling on_part_end with no data
2026-09-16 14:16:40,808 - multipart.multipart - DEBUG - Calling on_end with no data
2026-09-16 14:16:40,823 - httpx2 - INFO - HTTP Request: POST http://testserver/api/v1/knowledge/documents "HTTP/1.1 403 Forbidden"
2026-09-16 14:16:40,960 - sovereign.llama_cpp.lifecycle - INFO - Loading deployment 'Model1' with command: C:\Users\Dell\AppData\Local\Microsoft\WinGet\Packages\ggml.llamacpp_Microsoft.Winget.Source_8wekyb3d8bbwe\llama-server.exe -m C:\Users\Dell\AppData\Local\Temp\pytest-of-Dell\pytest-4\test_llama_cpp_adapter_and_lif0\model1.gguf --port 8080 --host 127.0.0.1 -c 2048 -ngl 10
2026-09-16 14:16:40,961 - sovereign.llama_cpp.lifecycle - INFO - Deployment 'Model1' loaded successfully and is ready.
2026-09-16 14:16:40,963 - sovereign.llama_cpp.lifecycle - INFO - Switching deployment to 'Model2'...
2026-09-16 14:16:40,964 - sovereign.llama_cpp.lifecycle - INFO - Stopping active llama-server deployment...
2026-09-16 14:16:40,965 - sovereign.llama_cpp.lifecycle - INFO - llama-server stopped.
2026-09-16 14:16:40,965 - sovereign.llama_cpp.lifecycle - INFO - Loading deployment 'Model2' with command: C:\Users\Dell\AppData\Local\Microsoft\WinGet\Packages\ggml.llamacpp_Microsoft.Winget.Source_8wekyb3d8bbwe\llama-server.exe -m C:\Users\Dell\AppData\Local\Temp\pytest-of-Dell\pytest-4\test_llama_cpp_adapter_and_lif0\model2.gguf --port 8081 --host 127.0.0.1 -c 4096 -ngl 20
2026-09-16 14:16:40,966 - sovereign.llama_cpp.lifecycle - INFO - Deployment 'Model2' loaded successfully and is ready.
2026-09-16 14:16:40,967 - sovereign.llama_cpp.lifecycle - INFO - Stopping active llama-server deployment...
2026-09-16 14:16:40,968 - sovereign.llama_cpp.lifecycle - INFO - llama-server stopped.
2026-09-16 14:16:46,595 - sovereign.llama_cpp.lifecycle - INFO - Loading deployment 'test-model' with command: mock-server.exe -m /fake/model.gguf --port 8080 --host 127.0.0.1 -c 8192 -ngl 20
2026-09-16 14:16:46,595 - sovereign.llama_cpp.lifecycle - INFO - Deployment 'test-model' loaded successfully and is ready.
2026-09-16 14:16:46,596 - sovereign.llama_cpp.lifecycle - INFO - Stopping active llama-server deployment...
2026-09-16 14:16:46,596 - sovereign.llama_cpp.lifecycle - INFO - llama-server stopped.
2026-09-16 14:16:46,597 - sovereign.llama_cpp.lifecycle - INFO - Loading deployment 'test-vision-model' with command: mock-server.exe -m /fake/model.gguf --port 8080 --host 127.0.0.1 -c 8192 -ngl 20 --mmproj /fake/projector.gguf
2026-09-16 14:16:46,597 - sovereign.llama_cpp.lifecycle - INFO - Deployment 'test-vision-model' loaded successfully and is ready.
2026-09-16 14:18:27,006 - httpx2 - INFO - HTTP Request: GET http://testserver/api/v1/health "HTTP/1.1 200 OK"
2026-09-16 14:18:27,065 - httpx2 - INFO - HTTP Request: POST http://testserver/api/v1/tasks "HTTP/1.1 200 OK"
2026-09-16 14:18:27,074 - httpx2 - INFO - HTTP Request: GET http://testserver/api/v1/tasks/task-715467ef "HTTP/1.1 200 OK"
2026-09-16 14:18:27,097 - httpx2 - INFO - HTTP Request: POST http://testserver/api/v1/tasks "HTTP/1.1 422 Unprocessable Entity"
2026-09-16 14:18:27,129 - httpx2 - INFO - HTTP Request: GET http://testserver/api/v1/tasks/task-notexist "HTTP/1.1 404 Not Found"
2026-09-16 14:18:27,168 - httpx2 - INFO - HTTP Request: POST http://testserver/api/v1/tasks/task-e1877535/run "HTTP/1.1 400 Bad Request"
2026-09-16 14:18:27,195 - httpx2 - INFO - HTTP Request: POST http://testserver/api/v1/tasks/task-e1877535/run "HTTP/1.1 400 Bad Request"
2026-09-16 14:18:27,212 - httpx2 - INFO - HTTP Request: POST http://testserver/api/v1/tasks/task-e1877535/run "HTTP/1.1 400 Bad Request"
2026-09-16 14:18:27,228 - httpx2 - INFO - HTTP Request: POST http://testserver/api/v1/tasks/task-e1877535/run "HTTP/1.1 400 Bad Request"
2026-09-16 14:18:27,236 - httpx2 - INFO - HTTP Request: POST http://testserver/api/v1/tasks/task-notexist/run "HTTP/1.1 404 Not Found"
2026-09-16 14:18:27,285 - httpx2 - INFO - HTTP Request: POST http://testserver/api/v1/tasks/task-68c4722f/run "HTTP/1.1 200 OK"
2026-09-16 14:18:27,292 - httpx2 - INFO - HTTP Request: POST http://testserver/api/v1/tasks/task-68c4722f/run "HTTP/1.1 409 Conflict"
2026-09-16 14:18:27,489 - httpx2 - INFO - HTTP Request: POST http://testserver/api/v1/knowledge/documents "HTTP/1.1 400 Bad Request"
2026-09-16 14:18:27,520 - httpx2 - INFO - HTTP Request: POST http://testserver/api/v1/knowledge/documents "HTTP/1.1 413 Request Entity Too Large"
2026-09-16 14:18:27,544 - httpx2 - INFO - HTTP Request: GET http://testserver/api/v1/tasks/task-abc/artifacts "HTTP/1.1 200 OK"
2026-09-16 14:18:27,561 - httpx2 - INFO - HTTP Request: GET http://testserver/api/v1/artifacts/art-123 "HTTP/1.1 200 OK"
2026-09-16 14:18:27,568 - httpx2 - INFO - HTTP Request: GET http://testserver/api/v1/artifacts/art-notexist "HTTP/1.1 404 Not Found"
2026-09-16 14:18:27,604 - httpx2 - INFO - HTTP Request: GET http://testserver/api/v1/artifacts/art-hack "HTTP/1.1 404 Not Found"
2026-09-16 14:18:28,211 - httpx2 - INFO - HTTP Request: POST http://testserver/api/v1/tasks "HTTP/1.1 200 OK"
2026-09-16 14:18:28,252 - httpx2 - INFO - HTTP Request: POST http://testserver/api/v1/knowledge/documents "HTTP/1.1 200 OK"
2026-09-16 14:18:28,265 - sovereign.llama_cpp.lifecycle - INFO - Switching deployment to 'Llama-3.2-3B-Instruct'...
2026-09-16 14:18:28,265 - sovereign.llama_cpp.lifecycle - INFO - Loading deployment 'Llama-3.2-3B-Instruct' with command: C:\Users\Dell\AppData\Local\Microsoft\WinGet\Packages\ggml.llamacpp_Microsoft.Winget.Source_8wekyb3d8bbwe\llama-server.exe -m C:\Users\Dell\.cache\huggingface\hub\models--bartowski--Llama-3.2-3B-Instruct-GGUF\snapshots\5ab33fa94d1d04e903623ae72c95d1696f09f9e8\Llama-3.2-3B-Instruct-Q4_K_M.gguf --port 8080 --host 127.0.0.1 -c 8192 -ngl 20
2026-09-16 14:18:34,963 - sovereign.llama_cpp.lifecycle - INFO - Deployment 'Llama-3.2-3B-Instruct' loaded successfully and is ready.
2026-09-16 14:18:35,080 - httpx2 - INFO - HTTP Request: POST http://testserver/api/v1/tasks/task-87ee1c01/run "HTTP/1.1 200 OK"
2026-09-16 14:18:36,098 - httpx2 - INFO - HTTP Request: GET http://testserver/api/v1/tasks/task-87ee1c01 "HTTP/1.1 200 OK"
2026-09-16 14:18:36,119 - httpx2 - INFO - HTTP Request: GET http://testserver/api/v1/tasks/task-87ee1c01/artifacts "HTTP/1.1 200 OK"
2026-09-16 14:18:36,130 - httpx2 - INFO - HTTP Request: GET http://testserver/api/v1/artifacts/art-d7cae200 "HTTP/1.1 200 OK"
2026-09-16 14:18:37,283 - httpx2 - INFO - HTTP Request: POST http://testserver/api/v1/knowledge/documents "HTTP/1.1 400 Bad Request"
2026-09-16 14:18:37,303 - httpx2 - INFO - HTTP Request: POST http://testserver/api/v1/knowledge/documents "HTTP/1.1 200 OK"
2026-09-16 14:18:37,778 - asyncio - DEBUG - Using proactor: IocpProactor
2026-09-16 14:18:37,788 - multipart.multipart - DEBUG - Calling on_part_begin with no data
2026-09-16 14:18:37,789 - multipart.multipart - DEBUG - Calling on_header_field with data[36:55]
2026-09-16 14:18:37,789 - multipart.multipart - DEBUG - Calling on_header_value with data[57:106]
2026-09-16 14:18:37,789 - multipart.multipart - DEBUG - Calling on_header_end with no data
2026-09-16 14:18:37,790 - multipart.multipart - DEBUG - Calling on_header_field with data[108:120]
2026-09-16 14:18:37,790 - multipart.multipart - DEBUG - Calling on_header_value with data[122:131]
2026-09-16 14:18:37,790 - multipart.multipart - DEBUG - Calling on_header_end with no data
2026-09-16 14:18:37,791 - multipart.multipart - DEBUG - Calling on_headers_finished with no data
2026-09-16 14:18:37,791 - multipart.multipart - DEBUG - Calling on_part_data with data[135:153]
2026-09-16 14:18:37,791 - multipart.multipart - DEBUG - Calling on_part_end with no data
2026-09-16 14:18:37,792 - multipart.multipart - DEBUG - Calling on_end with no data
2026-09-16 14:18:37,806 - httpx2 - INFO - HTTP Request: POST http://testserver/api/v1/knowledge/documents "HTTP/1.1 403 Forbidden"
2026-09-16 14:18:37,943 - sovereign.llama_cpp.lifecycle - INFO - Loading deployment 'Model1' with command: C:\Users\Dell\AppData\Local\Microsoft\WinGet\Packages\ggml.llamacpp_Microsoft.Winget.Source_8wekyb3d8bbwe\llama-server.exe -m C:\Users\Dell\AppData\Local\Temp\pytest-of-Dell\pytest-5\test_llama_cpp_adapter_and_lif0\model1.gguf --port 8080 --host 127.0.0.1 -c 2048 -ngl 10
2026-09-16 14:18:37,944 - sovereign.llama_cpp.lifecycle - INFO - Deployment 'Model1' loaded successfully and is ready.
2026-09-16 14:18:37,946 - sovereign.llama_cpp.lifecycle - INFO - Switching deployment to 'Model2'...
2026-09-16 14:18:37,947 - sovereign.llama_cpp.lifecycle - INFO - Stopping active llama-server deployment...
2026-09-16 14:18:37,948 - sovereign.llama_cpp.lifecycle - INFO - llama-server stopped.
2026-09-16 14:18:37,948 - sovereign.llama_cpp.lifecycle - INFO - Loading deployment 'Model2' with command: C:\Users\Dell\AppData\Local\Microsoft\WinGet\Packages\ggml.llamacpp_Microsoft.Winget.Source_8wekyb3d8bbwe\llama-server.exe -m C:\Users\Dell\AppData\Local\Temp\pytest-of-Dell\pytest-5\test_llama_cpp_adapter_and_lif0\model2.gguf --port 8081 --host 127.0.0.1 -c 4096 -ngl 20
2026-09-16 14:18:37,949 - sovereign.llama_cpp.lifecycle - INFO - Deployment 'Model2' loaded successfully and is ready.
2026-09-16 14:18:37,951 - sovereign.llama_cpp.lifecycle - INFO - Stopping active llama-server deployment...
2026-09-16 14:18:37,951 - sovereign.llama_cpp.lifecycle - INFO - llama-server stopped.
2026-09-16 14:18:43,490 - sovereign.llama_cpp.lifecycle - INFO - Loading deployment 'test-model' with command: mock-server.exe -m /fake/model.gguf --port 8080 --host 127.0.0.1 -c 8192 -ngl 20
2026-09-16 14:18:43,490 - sovereign.llama_cpp.lifecycle - INFO - Deployment 'test-model' loaded successfully and is ready.
2026-09-16 14:18:43,491 - sovereign.llama_cpp.lifecycle - INFO - Stopping active llama-server deployment...
2026-09-16 14:18:43,491 - sovereign.llama_cpp.lifecycle - INFO - llama-server stopped.
2026-09-16 14:18:43,492 - sovereign.llama_cpp.lifecycle - INFO - Loading deployment 'test-vision-model' with command: mock-server.exe -m /fake/model.gguf --port 8080 --host 127.0.0.1 -c 8192 -ngl 20 --mmproj /fake/projector.gguf
2026-09-16 14:18:43,492 - sovereign.llama_cpp.lifecycle - INFO - Deployment 'test-vision-model' loaded successfully and is ready.
2026-09-16 14:18:43,533 - PIL.PngImagePlugin - DEBUG - STREAM b'IHDR' 16 13
2026-09-16 14:18:43,534 - PIL.PngImagePlugin - DEBUG - STREAM b'IDAT' 41 13308
2026-09-16 14:18:47,751 - PIL.PngImagePlugin - DEBUG - STREAM b'IHDR' 16 13
2026-09-16 14:18:47,752 - PIL.PngImagePlugin - DEBUG - STREAM b'IDAT' 41 14549
2026-09-16 14:18:51,973 - PIL.PngImagePlugin - DEBUG - STREAM b'IHDR' 16 13
2026-09-16 14:18:51,974 - PIL.PngImagePlugin - DEBUG - STREAM b'IDAT' 41 10362
2026-09-16 14:18:55,959 - PIL.PngImagePlugin - DEBUG - STREAM b'IHDR' 16 13
2026-09-16 14:18:55,960 - PIL.PngImagePlugin - DEBUG - STREAM b'IDAT' 41 6438
2026-09-16 14:18:55,993 - pypdf._reader - WARNING - EOF marker not found
2026-09-16 14:23:47,021 - httpx2 - INFO - HTTP Request: POST http://testserver/api/v1/tasks "HTTP/1.1 400 Bad Request"
2026-09-16 14:23:47,736 - httpx2 - INFO - HTTP Request: GET http://testserver/api/v1/health "HTTP/1.1 200 OK"
2026-09-16 14:23:48,465 - httpx2 - INFO - HTTP Request: POST http://testserver/api/v1/tasks "HTTP/1.1 422 Unprocessable Entity"
2026-09-16 14:23:48,502 - httpx2 - INFO - HTTP Request: GET http://testserver/api/v1/tasks/task-notexist "HTTP/1.1 404 Not Found"
2026-09-16 14:23:48,544 - httpx2 - INFO - HTTP Request: POST http://testserver/api/v1/tasks/task-fb712be5/run "HTTP/1.1 400 Bad Request"
2026-09-16 14:23:48,564 - httpx2 - INFO - HTTP Request: POST http://testserver/api/v1/tasks/task-fb712be5/run "HTTP/1.1 400 Bad Request"
2026-09-16 14:23:48,587 - httpx2 - INFO - HTTP Request: POST http://testserver/api/v1/tasks/task-fb712be5/run "HTTP/1.1 400 Bad Request"
2026-09-16 14:23:48,602 - httpx2 - INFO - HTTP Request: POST http://testserver/api/v1/tasks/task-fb712be5/run "HTTP/1.1 400 Bad Request"
2026-09-16 14:23:48,613 - httpx2 - INFO - HTTP Request: POST http://testserver/api/v1/tasks/task-notexist/run "HTTP/1.1 404 Not Found"
2026-09-16 14:23:48,651 - httpx2 - INFO - HTTP Request: POST http://testserver/api/v1/tasks/task-f47c26e4/run "HTTP/1.1 200 OK"
2026-09-16 14:23:48,661 - httpx2 - INFO - HTTP Request: POST http://testserver/api/v1/tasks/task-f47c26e4/run "HTTP/1.1 409 Conflict"
2026-09-16 14:23:48,886 - httpx2 - INFO - HTTP Request: POST http://testserver/api/v1/knowledge/documents "HTTP/1.1 400 Bad Request"
2026-09-16 14:23:48,914 - httpx2 - INFO - HTTP Request: POST http://testserver/api/v1/knowledge/documents "HTTP/1.1 413 Request Entity Too Large"
2026-09-16 14:23:48,943 - httpx2 - INFO - HTTP Request: GET http://testserver/api/v1/tasks/task-abc/artifacts "HTTP/1.1 200 OK"
2026-09-16 14:23:48,952 - httpx2 - INFO - HTTP Request: GET http://testserver/api/v1/artifacts/art-123 "HTTP/1.1 200 OK"
2026-09-16 14:23:48,956 - httpx2 - INFO - HTTP Request: GET http://testserver/api/v1/artifacts/art-notexist "HTTP/1.1 404 Not Found"
2026-09-16 14:23:48,982 - httpx2 - INFO - HTTP Request: GET http://testserver/api/v1/artifacts/art-hack "HTTP/1.1 404 Not Found"
2026-09-16 14:24:26,534 - httpx2 - INFO - HTTP Request: POST http://testserver/api/v1/tasks "HTTP/1.1 400 Bad Request"
2026-09-16 14:24:26,571 - httpx2 - INFO - HTTP Request: POST http://testserver/api/v1/tasks "HTTP/1.1 200 OK"
2026-09-16 14:24:26,581 - httpx2 - INFO - HTTP Request: GET http://testserver/api/v1/health "HTTP/1.1 200 OK"
2026-09-16 14:24:26,644 - httpx2 - INFO - HTTP Request: POST http://testserver/api/v1/tasks "HTTP/1.1 200 OK"
2026-09-16 14:24:26,688 - httpx2 - INFO - HTTP Request: GET http://testserver/api/v1/tasks/task-cbd5a65a "HTTP/1.1 200 OK"
2026-09-16 14:24:26,721 - httpx2 - INFO - HTTP Request: POST http://testserver/api/v1/tasks "HTTP/1.1 422 Unprocessable Entity"
2026-09-16 14:24:26,753 - httpx2 - INFO - HTTP Request: GET http://testserver/api/v1/tasks/task-notexist "HTTP/1.1 404 Not Found"
2026-09-16 14:24:26,793 - httpx2 - INFO - HTTP Request: POST http://testserver/api/v1/tasks/task-fe0cfa9b/run "HTTP/1.1 400 Bad Request"
2026-09-16 14:24:26,844 - httpx2 - INFO - HTTP Request: POST http://testserver/api/v1/tasks/task-fe0cfa9b/run "HTTP/1.1 400 Bad Request"
2026-09-16 14:24:26,874 - httpx2 - INFO - HTTP Request: POST http://testserver/api/v1/tasks/task-fe0cfa9b/run "HTTP/1.1 400 Bad Request"
2026-09-16 14:24:26,934 - httpx2 - INFO - HTTP Request: POST http://testserver/api/v1/tasks/task-fe0cfa9b/run "HTTP/1.1 400 Bad Request"
2026-09-16 14:24:26,944 - httpx2 - INFO - HTTP Request: POST http://testserver/api/v1/tasks/task-notexist/run "HTTP/1.1 404 Not Found"
2026-09-16 14:24:27,033 - httpx2 - INFO - HTTP Request: POST http://testserver/api/v1/tasks/task-f40a914e/run "HTTP/1.1 200 OK"
2026-09-16 14:24:27,046 - httpx2 - INFO - HTTP Request: POST http://testserver/api/v1/tasks/task-f40a914e/run "HTTP/1.1 409 Conflict"
2026-09-16 14:24:27,373 - httpx2 - INFO - HTTP Request: POST http://testserver/api/v1/knowledge/documents "HTTP/1.1 400 Bad Request"
2026-09-16 14:24:27,410 - httpx2 - INFO - HTTP Request: POST http://testserver/api/v1/knowledge/documents "HTTP/1.1 413 Request Entity Too Large"
2026-09-16 14:24:27,437 - httpx2 - INFO - HTTP Request: GET http://testserver/api/v1/tasks/task-abc/artifacts "HTTP/1.1 200 OK"
2026-09-16 14:24:27,449 - httpx2 - INFO - HTTP Request: GET http://testserver/api/v1/artifacts/art-123 "HTTP/1.1 200 OK"
2026-09-16 14:24:27,453 - httpx2 - INFO - HTTP Request: GET http://testserver/api/v1/artifacts/art-notexist "HTTP/1.1 404 Not Found"
2026-09-16 14:24:27,486 - httpx2 - INFO - HTTP Request: GET http://testserver/api/v1/artifacts/art-hack "HTTP/1.1 404 Not Found"
2026-09-16 14:24:59,249 - httpx2 - INFO - HTTP Request: GET http://testserver/api/v1/qualifications/passports "HTTP/1.1 200 OK"
2026-09-16 14:24:59,325 - httpx2 - INFO - HTTP Request: POST http://testserver/api/v1/tasks "HTTP/1.1 200 OK"
2026-09-16 14:24:59,339 - httpx2 - INFO - HTTP Request: GET http://testserver/api/v1/tasks/task-585b6d9c "HTTP/1.1 200 OK"
2026-09-16 14:24:59,359 - httpx2 - INFO - HTTP Request: POST http://testserver/api/v1/tasks "HTTP/1.1 400 Bad Request"
2026-09-16 14:24:59,379 - httpx2 - INFO - HTTP Request: POST http://testserver/api/v1/tasks "HTTP/1.1 200 OK"
2026-09-16 14:24:59,394 - httpx2 - INFO - HTTP Request: GET http://testserver/api/v1/health "HTTP/1.1 200 OK"
2026-09-16 14:24:59,430 - httpx2 - INFO - HTTP Request: POST http://testserver/api/v1/tasks "HTTP/1.1 200 OK"
2026-09-16 14:24:59,435 - httpx2 - INFO - HTTP Request: GET http://testserver/api/v1/tasks/task-ae5d5b2c "HTTP/1.1 200 OK"
2026-09-16 14:24:59,468 - httpx2 - INFO - HTTP Request: POST http://testserver/api/v1/tasks "HTTP/1.1 422 Unprocessable Entity"
2026-09-16 14:24:59,506 - httpx2 - INFO - HTTP Request: GET http://testserver/api/v1/tasks/task-notexist "HTTP/1.1 404 Not Found"
2026-09-16 14:24:59,549 - httpx2 - INFO - HTTP Request: POST http://testserver/api/v1/tasks/task-08249a8e/run "HTTP/1.1 400 Bad Request"
2026-09-16 14:24:59,567 - httpx2 - INFO - HTTP Request: POST http://testserver/api/v1/tasks/task-08249a8e/run "HTTP/1.1 400 Bad Request"
2026-09-16 14:24:59,582 - httpx2 - INFO - HTTP Request: POST http://testserver/api/v1/tasks/task-08249a8e/run "HTTP/1.1 400 Bad Request"
2026-09-16 14:24:59,598 - httpx2 - INFO - HTTP Request: POST http://testserver/api/v1/tasks/task-08249a8e/run "HTTP/1.1 400 Bad Request"
2026-09-16 14:24:59,608 - httpx2 - INFO - HTTP Request: POST http://testserver/api/v1/tasks/task-notexist/run "HTTP/1.1 404 Not Found"
2026-09-16 14:24:59,651 - httpx2 - INFO - HTTP Request: POST http://testserver/api/v1/tasks/task-18bd9b53/run "HTTP/1.1 200 OK"
2026-09-16 14:24:59,656 - httpx2 - INFO - HTTP Request: POST http://testserver/api/v1/tasks/task-18bd9b53/run "HTTP/1.1 409 Conflict"
2026-09-16 14:24:59,867 - httpx2 - INFO - HTTP Request: POST http://testserver/api/v1/knowledge/documents "HTTP/1.1 400 Bad Request"
2026-09-16 14:24:59,901 - httpx2 - INFO - HTTP Request: POST http://testserver/api/v1/knowledge/documents "HTTP/1.1 413 Request Entity Too Large"
2026-09-16 14:24:59,931 - httpx2 - INFO - HTTP Request: GET http://testserver/api/v1/tasks/task-abc/artifacts "HTTP/1.1 200 OK"
2026-09-16 14:24:59,939 - httpx2 - INFO - HTTP Request: GET http://testserver/api/v1/artifacts/art-123 "HTTP/1.1 200 OK"
2026-09-16 14:24:59,947 - httpx2 - INFO - HTTP Request: GET http://testserver/api/v1/artifacts/art-notexist "HTTP/1.1 404 Not Found"
2026-09-16 14:24:59,979 - httpx2 - INFO - HTTP Request: GET http://testserver/api/v1/artifacts/art-hack "HTTP/1.1 404 Not Found"
2026-09-16 14:25:16,581 - httpx2 - INFO - HTTP Request: GET http://testserver/api/v1/health "HTTP/1.1 200 OK"
2026-09-16 14:25:16,630 - httpx2 - INFO - HTTP Request: POST http://testserver/api/v1/tasks "HTTP/1.1 200 OK"
2026-09-16 14:25:16,647 - httpx2 - INFO - HTTP Request: GET http://testserver/api/v1/tasks/task-a9b19ee7 "HTTP/1.1 200 OK"
2026-09-16 14:25:16,663 - httpx2 - INFO - HTTP Request: POST http://testserver/api/v1/tasks "HTTP/1.1 422 Unprocessable Entity"
2026-09-16 14:25:16,697 - httpx2 - INFO - HTTP Request: GET http://testserver/api/v1/tasks/task-notexist "HTTP/1.1 404 Not Found"
2026-09-16 14:25:16,737 - httpx2 - INFO - HTTP Request: POST http://testserver/api/v1/tasks/task-68fcced2/run "HTTP/1.1 400 Bad Request"
2026-09-16 14:25:16,775 - httpx2 - INFO - HTTP Request: POST http://testserver/api/v1/tasks/task-68fcced2/run "HTTP/1.1 400 Bad Request"
2026-09-16 14:25:16,804 - httpx2 - INFO - HTTP Request: POST http://testserver/api/v1/tasks/task-68fcced2/run "HTTP/1.1 400 Bad Request"
2026-09-16 14:25:16,820 - httpx2 - INFO - HTTP Request: POST http://testserver/api/v1/tasks/task-68fcced2/run "HTTP/1.1 400 Bad Request"
2026-09-16 14:25:16,837 - httpx2 - INFO - HTTP Request: POST http://testserver/api/v1/tasks/task-notexist/run "HTTP/1.1 404 Not Found"
2026-09-16 14:25:16,887 - httpx2 - INFO - HTTP Request: POST http://testserver/api/v1/tasks/task-44a2354a/run "HTTP/1.1 200 OK"
2026-09-16 14:25:16,896 - httpx2 - INFO - HTTP Request: POST http://testserver/api/v1/tasks/task-44a2354a/run "HTTP/1.1 409 Conflict"
2026-09-16 14:25:17,114 - httpx2 - INFO - HTTP Request: POST http://testserver/api/v1/knowledge/documents "HTTP/1.1 400 Bad Request"
2026-09-16 14:25:17,138 - httpx2 - INFO - HTTP Request: POST http://testserver/api/v1/knowledge/documents "HTTP/1.1 413 Request Entity Too Large"
2026-09-16 14:25:17,170 - httpx2 - INFO - HTTP Request: GET http://testserver/api/v1/tasks/task-abc/artifacts "HTTP/1.1 200 OK"
2026-09-16 14:25:17,182 - httpx2 - INFO - HTTP Request: GET http://testserver/api/v1/artifacts/art-123 "HTTP/1.1 200 OK"
2026-09-16 14:25:17,188 - httpx2 - INFO - HTTP Request: GET http://testserver/api/v1/artifacts/art-notexist "HTTP/1.1 404 Not Found"
2026-09-16 14:25:17,220 - httpx2 - INFO - HTTP Request: GET http://testserver/api/v1/artifacts/art-hack "HTTP/1.1 404 Not Found"
2026-09-16 14:25:17,878 - httpx2 - INFO - HTTP Request: POST http://testserver/api/v1/tasks "HTTP/1.1 200 OK"
2026-09-16 14:25:17,927 - httpx2 - INFO - HTTP Request: POST http://testserver/api/v1/knowledge/documents "HTTP/1.1 200 OK"
2026-09-16 14:25:17,943 - sovereign.llama_cpp.lifecycle - INFO - Switching deployment to 'Llama-3.2-3B-Instruct'...
2026-09-16 14:25:17,943 - sovereign.llama_cpp.lifecycle - INFO - Loading deployment 'Llama-3.2-3B-Instruct' with command: C:\Users\Dell\AppData\Local\Microsoft\WinGet\Packages\ggml.llamacpp_Microsoft.Winget.Source_8wekyb3d8bbwe\llama-server.exe -m C:\Users\Dell\.cache\huggingface\hub\models--bartowski--Llama-3.2-3B-Instruct-GGUF\snapshots\5ab33fa94d1d04e903623ae72c95d1696f09f9e8\Llama-3.2-3B-Instruct-Q4_K_M.gguf --port 8080 --host 127.0.0.1 -c 8192 -ngl 20
2026-09-16 14:25:24,626 - sovereign.llama_cpp.lifecycle - INFO - Deployment 'Llama-3.2-3B-Instruct' loaded successfully and is ready.
2026-09-16 14:25:24,711 - httpx2 - INFO - HTTP Request: POST http://testserver/api/v1/tasks/task-db90cc66/run "HTTP/1.1 200 OK"
2026-09-16 14:25:25,724 - httpx2 - INFO - HTTP Request: GET http://testserver/api/v1/tasks/task-db90cc66 "HTTP/1.1 200 OK"
2026-09-16 14:25:25,742 - httpx2 - INFO - HTTP Request: GET http://testserver/api/v1/tasks/task-db90cc66/artifacts "HTTP/1.1 200 OK"
2026-09-16 14:25:25,753 - httpx2 - INFO - HTTP Request: GET http://testserver/api/v1/artifacts/art-7204af25 "HTTP/1.1 200 OK"
2026-09-16 14:25:26,819 - httpx2 - INFO - HTTP Request: POST http://testserver/api/v1/knowledge/documents "HTTP/1.1 400 Bad Request"
2026-09-16 14:25:26,836 - httpx2 - INFO - HTTP Request: POST http://testserver/api/v1/knowledge/documents "HTTP/1.1 200 OK"
2026-09-16 14:25:27,399 - asyncio - DEBUG - Using proactor: IocpProactor
2026-09-16 14:25:27,411 - multipart.multipart - DEBUG - Calling on_part_begin with no data
2026-09-16 14:25:27,411 - multipart.multipart - DEBUG - Calling on_header_field with data[36:55]
2026-09-16 14:25:27,412 - multipart.multipart - DEBUG - Calling on_header_value with data[57:106]
2026-09-16 14:25:27,412 - multipart.multipart - DEBUG - Calling on_header_end with no data
2026-09-16 14:25:27,412 - multipart.multipart - DEBUG - Calling on_header_field with data[108:120]
2026-09-16 14:25:27,413 - multipart.multipart - DEBUG - Calling on_header_value with data[122:131]
2026-09-16 14:25:27,413 - multipart.multipart - DEBUG - Calling on_header_end with no data
2026-09-16 14:25:27,413 - multipart.multipart - DEBUG - Calling on_headers_finished with no data
2026-09-16 14:25:27,414 - multipart.multipart - DEBUG - Calling on_part_data with data[135:153]
2026-09-16 14:25:27,414 - multipart.multipart - DEBUG - Calling on_part_end with no data
2026-09-16 14:25:27,415 - multipart.multipart - DEBUG - Calling on_end with no data
2026-09-16 14:25:27,430 - httpx2 - INFO - HTTP Request: POST http://testserver/api/v1/knowledge/documents "HTTP/1.1 403 Forbidden"
2026-09-16 14:25:27,564 - sovereign.llama_cpp.lifecycle - INFO - Loading deployment 'Model1' with command: C:\Users\Dell\AppData\Local\Microsoft\WinGet\Packages\ggml.llamacpp_Microsoft.Winget.Source_8wekyb3d8bbwe\llama-server.exe -m C:\Users\Dell\AppData\Local\Temp\pytest-of-Dell\pytest-9\test_llama_cpp_adapter_and_lif0\model1.gguf --port 8080 --host 127.0.0.1 -c 2048 -ngl 10
2026-09-16 14:25:27,565 - sovereign.llama_cpp.lifecycle - INFO - Deployment 'Model1' loaded successfully and is ready.
2026-09-16 14:25:27,567 - sovereign.llama_cpp.lifecycle - INFO - Switching deployment to 'Model2'...
2026-09-16 14:25:27,568 - sovereign.llama_cpp.lifecycle - INFO - Stopping active llama-server deployment...
2026-09-16 14:25:27,568 - sovereign.llama_cpp.lifecycle - INFO - llama-server stopped.
2026-09-16 14:25:27,569 - sovereign.llama_cpp.lifecycle - INFO - Loading deployment 'Model2' with command: C:\Users\Dell\AppData\Local\Microsoft\WinGet\Packages\ggml.llamacpp_Microsoft.Winget.Source_8wekyb3d8bbwe\llama-server.exe -m C:\Users\Dell\AppData\Local\Temp\pytest-of-Dell\pytest-9\test_llama_cpp_adapter_and_lif0\model2.gguf --port 8081 --host 127.0.0.1 -c 4096 -ngl 20
2026-09-16 14:25:27,569 - sovereign.llama_cpp.lifecycle - INFO - Deployment 'Model2' loaded successfully and is ready.
2026-09-16 14:25:27,571 - sovereign.llama_cpp.lifecycle - INFO - Stopping active llama-server deployment...
2026-09-16 14:25:27,572 - sovereign.llama_cpp.lifecycle - INFO - llama-server stopped.
2026-09-16 14:25:32,609 - asyncio - DEBUG - Using proactor: IocpProactor
2026-09-16 14:25:32,616 - httpx2 - INFO - HTTP Request: GET http://testserver/api/v1/qualifications/passports "HTTP/1.1 200 OK"
2026-09-16 14:25:32,632 - asyncio - DEBUG - Using proactor: IocpProactor
2026-09-16 14:25:32,719 - httpx2 - INFO - HTTP Request: POST http://testserver/api/v1/tasks "HTTP/1.1 200 OK"
2026-09-16 14:25:32,725 - asyncio - DEBUG - Using proactor: IocpProactor
2026-09-16 14:25:32,736 - httpx2 - INFO - HTTP Request: GET http://testserver/api/v1/tasks/task-1f275e92 "HTTP/1.1 200 OK"
2026-09-16 14:25:32,743 - asyncio - DEBUG - Using proactor: IocpProactor
2026-09-16 14:25:32,772 - httpx2 - INFO - HTTP Request: POST http://testserver/api/v1/tasks "HTTP/1.1 400 Bad Request"
2026-09-16 14:25:32,777 - asyncio - DEBUG - Using proactor: IocpProactor
2026-09-16 14:25:32,796 - httpx2 - INFO - HTTP Request: POST http://testserver/api/v1/tasks "HTTP/1.1 200 OK"
2026-09-16 14:25:33,507 - sovereign.llama_cpp.lifecycle - INFO - Loading deployment 'test-model' with command: mock-server.exe -m /fake/model.gguf --port 8080 --host 127.0.0.1 -c 8192 -ngl 20
2026-09-16 14:25:33,508 - sovereign.llama_cpp.lifecycle - INFO - Deployment 'test-model' loaded successfully and is ready.
2026-09-16 14:25:33,508 - sovereign.llama_cpp.lifecycle - INFO - Stopping active llama-server deployment...
2026-09-16 14:25:33,509 - sovereign.llama_cpp.lifecycle - INFO - llama-server stopped.
2026-09-16 14:25:33,510 - sovereign.llama_cpp.lifecycle - INFO - Loading deployment 'test-vision-model' with command: mock-server.exe -m /fake/model.gguf --port 8080 --host 127.0.0.1 -c 8192 -ngl 20 --mmproj /fake/projector.gguf
2026-09-16 14:25:33,510 - sovereign.llama_cpp.lifecycle - INFO - Deployment 'test-vision-model' loaded successfully and is ready.
2026-09-16 14:25:33,552 - PIL.PngImagePlugin - DEBUG - STREAM b'IHDR' 16 13
2026-09-16 14:25:33,553 - PIL.PngImagePlugin - DEBUG - STREAM b'IDAT' 41 13308
2026-09-16 14:25:37,208 - PIL.PngImagePlugin - DEBUG - STREAM b'IHDR' 16 13
2026-09-16 14:25:37,209 - PIL.PngImagePlugin - DEBUG - STREAM b'IDAT' 41 14549
2026-09-16 14:25:40,803 - PIL.PngImagePlugin - DEBUG - STREAM b'IHDR' 16 13
2026-09-16 14:25:40,804 - PIL.PngImagePlugin - DEBUG - STREAM b'IDAT' 41 10362
2026-09-16 14:25:44,293 - PIL.PngImagePlugin - DEBUG - STREAM b'IHDR' 16 13
2026-09-16 14:25:44,294 - PIL.PngImagePlugin - DEBUG - STREAM b'IDAT' 41 6438
2026-09-16 14:25:44,325 - pypdf._reader - WARNING - EOF marker not found
2026-09-16 14:32:00,924 - httpx2 - INFO - HTTP Request: GET http://testserver/api/v1/health "HTTP/1.1 200 OK"
2026-09-16 14:32:00,973 - httpx2 - INFO - HTTP Request: POST http://testserver/api/v1/tasks "HTTP/1.1 200 OK"
2026-09-16 14:32:00,981 - httpx2 - INFO - HTTP Request: GET http://testserver/api/v1/tasks/task-bfee740e "HTTP/1.1 200 OK"
2026-09-16 14:32:01,011 - httpx2 - INFO - HTTP Request: POST http://testserver/api/v1/tasks "HTTP/1.1 422 Unprocessable Entity"
2026-09-16 14:32:01,044 - httpx2 - INFO - HTTP Request: GET http://testserver/api/v1/tasks/task-notexist "HTTP/1.1 404 Not Found"
2026-09-16 14:32:01,084 - httpx2 - INFO - HTTP Request: POST http://testserver/api/v1/tasks/task-6646adba/run "HTTP/1.1 400 Bad Request"
2026-09-16 14:32:01,105 - httpx2 - INFO - HTTP Request: POST http://testserver/api/v1/tasks/task-6646adba/run "HTTP/1.1 400 Bad Request"
2026-09-16 14:32:01,129 - httpx2 - INFO - HTTP Request: POST http://testserver/api/v1/tasks/task-6646adba/run "HTTP/1.1 400 Bad Request"
2026-09-16 14:32:01,159 - httpx2 - INFO - HTTP Request: POST http://testserver/api/v1/tasks/task-6646adba/run "HTTP/1.1 400 Bad Request"
2026-09-16 14:32:01,166 - httpx2 - INFO - HTTP Request: POST http://testserver/api/v1/tasks/task-notexist/run "HTTP/1.1 404 Not Found"
2026-09-16 14:32:01,211 - httpx2 - INFO - HTTP Request: POST http://testserver/api/v1/tasks/task-8b5593d1/run "HTTP/1.1 200 OK"
2026-09-16 14:32:01,217 - httpx2 - INFO - HTTP Request: POST http://testserver/api/v1/tasks/task-8b5593d1/run "HTTP/1.1 409 Conflict"
2026-09-16 14:32:01,438 - httpx2 - INFO - HTTP Request: POST http://testserver/api/v1/knowledge/documents "HTTP/1.1 400 Bad Request"
2026-09-16 14:32:01,461 - httpx2 - INFO - HTTP Request: POST http://testserver/api/v1/knowledge/documents "HTTP/1.1 413 Request Entity Too Large"
2026-09-16 14:32:01,494 - httpx2 - INFO - HTTP Request: GET http://testserver/api/v1/tasks/task-abc/artifacts "HTTP/1.1 200 OK"
2026-09-16 14:32:01,505 - httpx2 - INFO - HTTP Request: GET http://testserver/api/v1/artifacts/art-123 "HTTP/1.1 200 OK"
2026-09-16 14:32:01,513 - httpx2 - INFO - HTTP Request: GET http://testserver/api/v1/artifacts/art-notexist "HTTP/1.1 404 Not Found"
2026-09-16 14:32:01,543 - httpx2 - INFO - HTTP Request: GET http://testserver/api/v1/artifacts/art-hack "HTTP/1.1 404 Not Found"
2026-09-16 14:32:02,194 - httpx2 - INFO - HTTP Request: POST http://testserver/api/v1/tasks "HTTP/1.1 200 OK"
2026-09-16 14:32:02,234 - httpx2 - INFO - HTTP Request: POST http://testserver/api/v1/knowledge/documents "HTTP/1.1 200 OK"
2026-09-16 14:32:02,251 - sovereign.llama_cpp.lifecycle - INFO - Switching deployment to 'Llama-3.2-3B-Instruct'...
2026-09-16 14:32:02,251 - sovereign.llama_cpp.lifecycle - INFO - Loading deployment 'Llama-3.2-3B-Instruct' with command: C:\Users\Dell\AppData\Local\Microsoft\WinGet\Packages\ggml.llamacpp_Microsoft.Winget.Source_8wekyb3d8bbwe\llama-server.exe -m C:\Users\Dell\.cache\huggingface\hub\models--bartowski--Llama-3.2-3B-Instruct-GGUF\snapshots\5ab33fa94d1d04e903623ae72c95d1696f09f9e8\Llama-3.2-3B-Instruct-Q4_K_M.gguf --port 8080 --host 127.0.0.1 -c 8192 -ngl 20
2026-09-16 14:32:08,937 - sovereign.llama_cpp.lifecycle - INFO - Deployment 'Llama-3.2-3B-Instruct' loaded successfully and is ready.
2026-09-16 14:32:09,005 - httpx2 - INFO - HTTP Request: POST http://testserver/api/v1/tasks/task-52ea75f3/run "HTTP/1.1 200 OK"
2026-09-16 14:32:10,021 - httpx2 - INFO - HTTP Request: GET http://testserver/api/v1/tasks/task-52ea75f3 "HTTP/1.1 200 OK"
2026-09-16 14:32:10,044 - httpx2 - INFO - HTTP Request: GET http://testserver/api/v1/tasks/task-52ea75f3/artifacts "HTTP/1.1 200 OK"
2026-09-16 14:32:10,056 - httpx2 - INFO - HTTP Request: GET http://testserver/api/v1/artifacts/art-4ee7b268 "HTTP/1.1 200 OK"
2026-09-16 14:32:11,107 - httpx2 - INFO - HTTP Request: POST http://testserver/api/v1/knowledge/documents "HTTP/1.1 400 Bad Request"
2026-09-16 14:32:11,124 - httpx2 - INFO - HTTP Request: POST http://testserver/api/v1/knowledge/documents "HTTP/1.1 200 OK"
2026-09-16 14:32:11,574 - asyncio - DEBUG - Using proactor: IocpProactor
2026-09-16 14:32:11,597 - multipart.multipart - DEBUG - Calling on_part_begin with no data
2026-09-16 14:32:11,597 - multipart.multipart - DEBUG - Calling on_header_field with data[36:55]
2026-09-16 14:32:11,598 - multipart.multipart - DEBUG - Calling on_header_value with data[57:106]
2026-09-16 14:32:11,598 - multipart.multipart - DEBUG - Calling on_header_end with no data
2026-09-16 14:32:11,598 - multipart.multipart - DEBUG - Calling on_header_field with data[108:120]
2026-09-16 14:32:11,599 - multipart.multipart - DEBUG - Calling on_header_value with data[122:131]
2026-09-16 14:32:11,600 - multipart.multipart - DEBUG - Calling on_header_end with no data
2026-09-16 14:32:11,600 - multipart.multipart - DEBUG - Calling on_headers_finished with no data
2026-09-16 14:32:11,601 - multipart.multipart - DEBUG - Calling on_part_data with data[135:153]
2026-09-16 14:32:11,601 - multipart.multipart - DEBUG - Calling on_part_end with no data
2026-09-16 14:32:11,601 - multipart.multipart - DEBUG - Calling on_end with no data
2026-09-16 14:32:11,621 - httpx2 - INFO - HTTP Request: POST http://testserver/api/v1/knowledge/documents "HTTP/1.1 403 Forbidden"
2026-09-16 14:32:11,766 - sovereign.llama_cpp.lifecycle - INFO - Loading deployment 'Model1' with command: C:\Users\Dell\AppData\Local\Microsoft\WinGet\Packages\ggml.llamacpp_Microsoft.Winget.Source_8wekyb3d8bbwe\llama-server.exe -m C:\Users\Dell\AppData\Local\Temp\pytest-of-Dell\pytest-10\test_llama_cpp_adapter_and_lif0\model1.gguf --port 8080 --host 127.0.0.1 -c 2048 -ngl 10
2026-09-16 14:32:11,766 - sovereign.llama_cpp.lifecycle - INFO - Deployment 'Model1' loaded successfully and is ready.
2026-09-16 14:32:11,769 - sovereign.llama_cpp.lifecycle - INFO - Switching deployment to 'Model2'...
2026-09-16 14:32:11,770 - sovereign.llama_cpp.lifecycle - INFO - Stopping active llama-server deployment...
2026-09-16 14:32:11,772 - sovereign.llama_cpp.lifecycle - INFO - llama-server stopped.
2026-09-16 14:32:11,772 - sovereign.llama_cpp.lifecycle - INFO - Loading deployment 'Model2' with command: C:\Users\Dell\AppData\Local\Microsoft\WinGet\Packages\ggml.llamacpp_Microsoft.Winget.Source_8wekyb3d8bbwe\llama-server.exe -m C:\Users\Dell\AppData\Local\Temp\pytest-of-Dell\pytest-10\test_llama_cpp_adapter_and_lif0\model2.gguf --port 8081 --host 127.0.0.1 -c 4096 -ngl 20
2026-09-16 14:32:11,774 - sovereign.llama_cpp.lifecycle - INFO - Deployment 'Model2' loaded successfully and is ready.
2026-09-16 14:32:11,775 - sovereign.llama_cpp.lifecycle - INFO - Stopping active llama-server deployment...
2026-09-16 14:32:11,776 - sovereign.llama_cpp.lifecycle - INFO - llama-server stopped.
2026-09-16 14:32:16,832 - asyncio - DEBUG - Using proactor: IocpProactor
2026-09-16 14:32:16,840 - httpx2 - INFO - HTTP Request: GET http://testserver/api/v1/qualifications/passports "HTTP/1.1 200 OK"
2026-09-16 14:32:16,856 - asyncio - DEBUG - Using proactor: IocpProactor
2026-09-16 14:32:16,900 - httpx2 - INFO - HTTP Request: POST http://testserver/api/v1/tasks "HTTP/1.1 200 OK"
2026-09-16 14:32:16,903 - asyncio - DEBUG - Using proactor: IocpProactor
2026-09-16 14:32:16,911 - httpx2 - INFO - HTTP Request: GET http://testserver/api/v1/tasks/task-40eb789d "HTTP/1.1 200 OK"
2026-09-16 14:32:16,915 - asyncio - DEBUG - Using proactor: IocpProactor
2026-09-16 14:32:16,936 - httpx2 - INFO - HTTP Request: POST http://testserver/api/v1/tasks "HTTP/1.1 400 Bad Request"
2026-09-16 14:32:16,942 - asyncio - DEBUG - Using proactor: IocpProactor
2026-09-16 14:32:16,962 - httpx2 - INFO - HTTP Request: POST http://testserver/api/v1/tasks "HTTP/1.1 200 OK"
2026-09-16 14:32:17,506 - sovereign.llama_cpp.lifecycle - INFO - Loading deployment 'test-model' with command: mock-server.exe -m /fake/model.gguf --port 8080 --host 127.0.0.1 -c 8192 -ngl 20
2026-09-16 14:32:17,507 - sovereign.llama_cpp.lifecycle - INFO - Deployment 'test-model' loaded successfully and is ready.
2026-09-16 14:32:17,507 - sovereign.llama_cpp.lifecycle - INFO - Stopping active llama-server deployment...
2026-09-16 14:32:17,508 - sovereign.llama_cpp.lifecycle - INFO - llama-server stopped.
2026-09-16 14:32:17,508 - sovereign.llama_cpp.lifecycle - INFO - Loading deployment 'test-vision-model' with command: mock-server.exe -m /fake/model.gguf --port 8080 --host 127.0.0.1 -c 8192 -ngl 20 --mmproj /fake/projector.gguf
2026-09-16 14:32:17,508 - sovereign.llama_cpp.lifecycle - INFO - Deployment 'test-vision-model' loaded successfully and is ready.
2026-09-16 14:32:17,558 - PIL.PngImagePlugin - DEBUG - STREAM b'IHDR' 16 13
2026-09-16 14:32:17,560 - PIL.PngImagePlugin - DEBUG - STREAM b'IDAT' 41 13308
2026-09-16 14:32:19,406 - PIL.PngImagePlugin - DEBUG - STREAM b'IHDR' 16 13
2026-09-16 14:32:19,407 - PIL.PngImagePlugin - DEBUG - STREAM b'IDAT' 41 14549
2026-09-16 14:32:20,859 - PIL.PngImagePlugin - DEBUG - STREAM b'IHDR' 16 13
2026-09-16 14:32:20,859 - PIL.PngImagePlugin - DEBUG - STREAM b'IDAT' 41 10362
2026-09-16 14:32:22,191 - PIL.PngImagePlugin - DEBUG - STREAM b'IHDR' 16 13
2026-09-16 14:32:22,192 - PIL.PngImagePlugin - DEBUG - STREAM b'IDAT' 41 6438
2026-09-16 14:32:22,228 - pypdf._reader - WARNING - EOF marker not found
2026-09-16 14:32:39,790 - httpx2 - INFO - HTTP Request: GET http://testserver/api/v1/health "HTTP/1.1 200 OK"
2026-09-16 14:32:39,843 - httpx2 - INFO - HTTP Request: POST http://testserver/api/v1/tasks "HTTP/1.1 200 OK"
2026-09-16 14:32:39,855 - httpx2 - INFO - HTTP Request: GET http://testserver/api/v1/tasks/task-ae8f09dc "HTTP/1.1 200 OK"
2026-09-16 14:32:39,871 - httpx2 - INFO - HTTP Request: POST http://testserver/api/v1/tasks "HTTP/1.1 422 Unprocessable Entity"
2026-09-16 14:32:39,904 - httpx2 - INFO - HTTP Request: GET http://testserver/api/v1/tasks/task-notexist "HTTP/1.1 404 Not Found"
2026-09-16 14:32:39,943 - httpx2 - INFO - HTTP Request: POST http://testserver/api/v1/tasks/task-784322db/run "HTTP/1.1 400 Bad Request"
2026-09-16 14:32:39,956 - httpx2 - INFO - HTTP Request: POST http://testserver/api/v1/tasks/task-784322db/run "HTTP/1.1 400 Bad Request"
2026-09-16 14:32:39,976 - httpx2 - INFO - HTTP Request: POST http://testserver/api/v1/tasks/task-784322db/run "HTTP/1.1 400 Bad Request"
2026-09-16 14:32:39,993 - httpx2 - INFO - HTTP Request: POST http://testserver/api/v1/tasks/task-784322db/run "HTTP/1.1 400 Bad Request"
2026-09-16 14:32:39,996 - httpx2 - INFO - HTTP Request: POST http://testserver/api/v1/tasks/task-notexist/run "HTTP/1.1 404 Not Found"
2026-09-16 14:32:40,033 - httpx2 - INFO - HTTP Request: POST http://testserver/api/v1/tasks/task-487ee291/run "HTTP/1.1 200 OK"
2026-09-16 14:32:40,041 - httpx2 - INFO - HTTP Request: POST http://testserver/api/v1/tasks/task-487ee291/run "HTTP/1.1 409 Conflict"
2026-09-16 14:32:40,239 - httpx2 - INFO - HTTP Request: POST http://testserver/api/v1/knowledge/documents "HTTP/1.1 400 Bad Request"
2026-09-16 14:32:40,262 - httpx2 - INFO - HTTP Request: POST http://testserver/api/v1/knowledge/documents "HTTP/1.1 413 Request Entity Too Large"
2026-09-16 14:32:40,287 - httpx2 - INFO - HTTP Request: GET http://testserver/api/v1/tasks/task-abc/artifacts "HTTP/1.1 200 OK"
2026-09-16 14:32:40,295 - httpx2 - INFO - HTTP Request: GET http://testserver/api/v1/artifacts/art-123 "HTTP/1.1 200 OK"
2026-09-16 14:32:40,304 - httpx2 - INFO - HTTP Request: GET http://testserver/api/v1/artifacts/art-notexist "HTTP/1.1 404 Not Found"
2026-09-16 14:32:40,335 - httpx2 - INFO - HTTP Request: GET http://testserver/api/v1/artifacts/art-hack "HTTP/1.1 404 Not Found"
2026-09-16 14:32:40,921 - httpx2 - INFO - HTTP Request: POST http://testserver/api/v1/tasks "HTTP/1.1 200 OK"
2026-09-16 14:32:40,955 - httpx2 - INFO - HTTP Request: POST http://testserver/api/v1/knowledge/documents "HTTP/1.1 200 OK"
2026-09-16 14:32:40,978 - sovereign.llama_cpp.lifecycle - INFO - Switching deployment to 'Llama-3.2-3B-Instruct'...
2026-09-16 14:32:40,980 - sovereign.llama_cpp.lifecycle - INFO - Loading deployment 'Llama-3.2-3B-Instruct' with command: C:\Users\Dell\AppData\Local\Microsoft\WinGet\Packages\ggml.llamacpp_Microsoft.Winget.Source_8wekyb3d8bbwe\llama-server.exe -m C:\Users\Dell\.cache\huggingface\hub\models--bartowski--Llama-3.2-3B-Instruct-GGUF\snapshots\5ab33fa94d1d04e903623ae72c95d1696f09f9e8\Llama-3.2-3B-Instruct-Q4_K_M.gguf --port 8080 --host 127.0.0.1 -c 8192 -ngl 20
2026-09-16 14:32:47,176 - sovereign.llama_cpp.lifecycle - INFO - Deployment 'Llama-3.2-3B-Instruct' loaded successfully and is ready.
2026-09-16 14:32:47,272 - httpx2 - INFO - HTTP Request: POST http://testserver/api/v1/tasks/task-bf91008c/run "HTTP/1.1 200 OK"
2026-09-16 14:32:48,289 - httpx2 - INFO - HTTP Request: GET http://testserver/api/v1/tasks/task-bf91008c "HTTP/1.1 200 OK"
2026-09-16 14:32:48,310 - httpx2 - INFO - HTTP Request: GET http://testserver/api/v1/tasks/task-bf91008c/artifacts "HTTP/1.1 200 OK"
2026-09-16 14:32:48,322 - httpx2 - INFO - HTTP Request: GET http://testserver/api/v1/artifacts/art-ce06c2e9 "HTTP/1.1 200 OK"
2026-09-16 14:32:49,351 - httpx2 - INFO - HTTP Request: POST http://testserver/api/v1/knowledge/documents "HTTP/1.1 400 Bad Request"
2026-09-16 14:32:49,368 - httpx2 - INFO - HTTP Request: POST http://testserver/api/v1/knowledge/documents "HTTP/1.1 200 OK"
2026-09-16 14:32:49,806 - asyncio - DEBUG - Using proactor: IocpProactor
2026-09-16 14:32:49,822 - multipart.multipart - DEBUG - Calling on_part_begin with no data
2026-09-16 14:32:49,823 - multipart.multipart - DEBUG - Calling on_header_field with data[36:55]
2026-09-16 14:32:49,823 - multipart.multipart - DEBUG - Calling on_header_value with data[57:106]
2026-09-16 14:32:49,823 - multipart.multipart - DEBUG - Calling on_header_end with no data
2026-09-16 14:32:49,825 - multipart.multipart - DEBUG - Calling on_header_field with data[108:120]
2026-09-16 14:32:49,825 - multipart.multipart - DEBUG - Calling on_header_value with data[122:131]
2026-09-16 14:32:49,825 - multipart.multipart - DEBUG - Calling on_header_end with no data
2026-09-16 14:32:49,826 - multipart.multipart - DEBUG - Calling on_headers_finished with no data
2026-09-16 14:32:49,826 - multipart.multipart - DEBUG - Calling on_part_data with data[135:153]
2026-09-16 14:32:49,826 - multipart.multipart - DEBUG - Calling on_part_end with no data
2026-09-16 14:32:49,827 - multipart.multipart - DEBUG - Calling on_end with no data
2026-09-16 14:32:49,843 - httpx2 - INFO - HTTP Request: POST http://testserver/api/v1/knowledge/documents "HTTP/1.1 403 Forbidden"
2026-09-16 14:32:49,983 - sovereign.llama_cpp.lifecycle - INFO - Loading deployment 'Model1' with command: C:\Users\Dell\AppData\Local\Microsoft\WinGet\Packages\ggml.llamacpp_Microsoft.Winget.Source_8wekyb3d8bbwe\llama-server.exe -m C:\Users\Dell\AppData\Local\Temp\pytest-of-Dell\pytest-11\test_llama_cpp_adapter_and_lif0\model1.gguf --port 8080 --host 127.0.0.1 -c 2048 -ngl 10
2026-09-16 14:32:49,984 - sovereign.llama_cpp.lifecycle - INFO - Deployment 'Model1' loaded successfully and is ready.
2026-09-16 14:32:49,986 - sovereign.llama_cpp.lifecycle - INFO - Switching deployment to 'Model2'...
2026-09-16 14:32:49,987 - sovereign.llama_cpp.lifecycle - INFO - Stopping active llama-server deployment...
2026-09-16 14:32:49,988 - sovereign.llama_cpp.lifecycle - INFO - llama-server stopped.
2026-09-16 14:32:49,988 - sovereign.llama_cpp.lifecycle - INFO - Loading deployment 'Model2' with command: C:\Users\Dell\AppData\Local\Microsoft\WinGet\Packages\ggml.llamacpp_Microsoft.Winget.Source_8wekyb3d8bbwe\llama-server.exe -m C:\Users\Dell\AppData\Local\Temp\pytest-of-Dell\pytest-11\test_llama_cpp_adapter_and_lif0\model2.gguf --port 8081 --host 127.0.0.1 -c 4096 -ngl 20
2026-09-16 14:32:49,989 - sovereign.llama_cpp.lifecycle - INFO - Deployment 'Model2' loaded successfully and is ready.
2026-09-16 14:32:49,990 - sovereign.llama_cpp.lifecycle - INFO - Stopping active llama-server deployment...
2026-09-16 14:32:49,991 - sovereign.llama_cpp.lifecycle - INFO - llama-server stopped.
2026-09-16 14:32:54,845 - asyncio - DEBUG - Using proactor: IocpProactor
2026-09-16 14:32:54,853 - httpx2 - INFO - HTTP Request: GET http://testserver/api/v1/qualifications/passports "HTTP/1.1 200 OK"
2026-09-16 14:32:54,867 - asyncio - DEBUG - Using proactor: IocpProactor
2026-09-16 14:32:54,909 - httpx2 - INFO - HTTP Request: POST http://testserver/api/v1/tasks "HTTP/1.1 200 OK"
2026-09-16 14:32:54,912 - asyncio - DEBUG - Using proactor: IocpProactor
2026-09-16 14:32:54,919 - httpx2 - INFO - HTTP Request: GET http://testserver/api/v1/tasks/task-59d71da5 "HTTP/1.1 200 OK"
2026-09-16 14:32:54,924 - asyncio - DEBUG - Using proactor: IocpProactor
2026-09-16 14:32:54,940 - httpx2 - INFO - HTTP Request: POST http://testserver/api/v1/tasks "HTTP/1.1 400 Bad Request"
2026-09-16 14:32:54,944 - asyncio - DEBUG - Using proactor: IocpProactor
2026-09-16 14:32:54,964 - httpx2 - INFO - HTTP Request: POST http://testserver/api/v1/tasks "HTTP/1.1 200 OK"
2026-09-16 14:32:55,533 - sovereign.llama_cpp.lifecycle - INFO - Loading deployment 'test-model' with command: mock-server.exe -m /fake/model.gguf --port 8080 --host 127.0.0.1 -c 8192 -ngl 20
2026-09-16 14:32:55,533 - sovereign.llama_cpp.lifecycle - INFO - Deployment 'test-model' loaded successfully and is ready.
2026-09-16 14:32:55,534 - sovereign.llama_cpp.lifecycle - INFO - Stopping active llama-server deployment...
2026-09-16 14:32:55,535 - sovereign.llama_cpp.lifecycle - INFO - llama-server stopped.
2026-09-16 14:32:55,535 - sovereign.llama_cpp.lifecycle - INFO - Loading deployment 'test-vision-model' with command: mock-server.exe -m /fake/model.gguf --port 8080 --host 127.0.0.1 -c 8192 -ngl 20 --mmproj /fake/projector.gguf
2026-09-16 14:32:55,536 - sovereign.llama_cpp.lifecycle - INFO - Deployment 'test-vision-model' loaded successfully and is ready.
2026-09-16 14:32:55,578 - PIL.PngImagePlugin - DEBUG - STREAM b'IHDR' 16 13
2026-09-16 14:32:55,578 - PIL.PngImagePlugin - DEBUG - STREAM b'IDAT' 41 13308
2026-09-16 14:32:57,409 - PIL.PngImagePlugin - DEBUG - STREAM b'IHDR' 16 13
2026-09-16 14:32:57,409 - PIL.PngImagePlugin - DEBUG - STREAM b'IDAT' 41 14549
2026-09-16 14:32:58,877 - PIL.PngImagePlugin - DEBUG - STREAM b'IHDR' 16 13
2026-09-16 14:32:58,879 - PIL.PngImagePlugin - DEBUG - STREAM b'IDAT' 41 10362
2026-09-16 14:33:00,296 - PIL.PngImagePlugin - DEBUG - STREAM b'IHDR' 16 13
2026-09-16 14:33:00,296 - PIL.PngImagePlugin - DEBUG - STREAM b'IDAT' 41 6438
2026-09-16 14:33:00,325 - pypdf._reader - WARNING - EOF marker not found
2026-09-16 14:33:41,386 - httpx2 - INFO - HTTP Request: GET http://testserver/api/v1/health "HTTP/1.1 200 OK"
2026-09-16 14:33:41,439 - httpx2 - INFO - HTTP Request: POST http://testserver/api/v1/tasks "HTTP/1.1 200 OK"
2026-09-16 14:33:41,447 - httpx2 - INFO - HTTP Request: GET http://testserver/api/v1/tasks/task-3c2de100 "HTTP/1.1 200 OK"
2026-09-16 14:33:41,494 - httpx2 - INFO - HTTP Request: POST http://testserver/api/v1/tasks "HTTP/1.1 422 Unprocessable Entity"
2026-09-16 14:33:41,521 - httpx2 - INFO - HTTP Request: GET http://testserver/api/v1/tasks/task-notexist "HTTP/1.1 404 Not Found"
2026-09-16 14:33:41,564 - httpx2 - INFO - HTTP Request: POST http://testserver/api/v1/tasks/task-3e2412b7/run "HTTP/1.1 400 Bad Request"
2026-09-16 14:33:41,584 - httpx2 - INFO - HTTP Request: POST http://testserver/api/v1/tasks/task-3e2412b7/run "HTTP/1.1 400 Bad Request"
2026-09-16 14:33:41,599 - httpx2 - INFO - HTTP Request: POST http://testserver/api/v1/tasks/task-3e2412b7/run "HTTP/1.1 400 Bad Request"
2026-09-16 14:33:41,621 - httpx2 - INFO - HTTP Request: POST http://testserver/api/v1/tasks/task-3e2412b7/run "HTTP/1.1 400 Bad Request"
2026-09-16 14:33:41,621 - httpx2 - INFO - HTTP Request: POST http://testserver/api/v1/tasks/task-notexist/run "HTTP/1.1 404 Not Found"
2026-09-16 14:33:41,668 - httpx2 - INFO - HTTP Request: POST http://testserver/api/v1/tasks/task-4d9fff67/run "HTTP/1.1 200 OK"
2026-09-16 14:33:41,670 - httpx2 - INFO - HTTP Request: POST http://testserver/api/v1/tasks/task-4d9fff67/run "HTTP/1.1 409 Conflict"
2026-09-16 14:33:41,886 - httpx2 - INFO - HTTP Request: POST http://testserver/api/v1/knowledge/documents "HTTP/1.1 400 Bad Request"
2026-09-16 14:33:41,926 - httpx2 - INFO - HTTP Request: POST http://testserver/api/v1/knowledge/documents "HTTP/1.1 413 Request Entity Too Large"
2026-09-16 14:33:41,959 - httpx2 - INFO - HTTP Request: GET http://testserver/api/v1/tasks/task-abc/artifacts "HTTP/1.1 200 OK"
2026-09-16 14:33:41,974 - httpx2 - INFO - HTTP Request: GET http://testserver/api/v1/artifacts/art-123 "HTTP/1.1 200 OK"
2026-09-16 14:33:41,974 - httpx2 - INFO - HTTP Request: GET http://testserver/api/v1/artifacts/art-notexist "HTTP/1.1 404 Not Found"
2026-09-16 14:33:42,017 - httpx2 - INFO - HTTP Request: GET http://testserver/api/v1/artifacts/art-hack "HTTP/1.1 404 Not Found"
2026-09-16 14:33:42,638 - httpx2 - INFO - HTTP Request: POST http://testserver/api/v1/tasks "HTTP/1.1 200 OK"
2026-09-16 14:33:42,679 - httpx2 - INFO - HTTP Request: POST http://testserver/api/v1/knowledge/documents "HTTP/1.1 200 OK"
2026-09-16 14:33:42,695 - sovereign.llama_cpp.lifecycle - INFO - Switching deployment to 'Llama-3.2-3B-Instruct'...
2026-09-16 14:33:42,695 - sovereign.llama_cpp.lifecycle - INFO - Loading deployment 'Llama-3.2-3B-Instruct' with command: C:\Users\Dell\AppData\Local\Microsoft\WinGet\Packages\ggml.llamacpp_Microsoft.Winget.Source_8wekyb3d8bbwe\llama-server.exe -m C:\Users\Dell\.cache\huggingface\hub\models--bartowski--Llama-3.2-3B-Instruct-GGUF\snapshots\5ab33fa94d1d04e903623ae72c95d1696f09f9e8\Llama-3.2-3B-Instruct-Q4_K_M.gguf --port 8080 --host 127.0.0.1 -c 8192 -ngl 20
2026-09-16 14:33:48,856 - sovereign.llama_cpp.lifecycle - INFO - Deployment 'Llama-3.2-3B-Instruct' loaded successfully and is ready.
2026-09-16 14:33:48,927 - httpx2 - INFO - HTTP Request: POST http://testserver/api/v1/tasks/task-4d1e3e53/run "HTTP/1.1 200 OK"
2026-09-16 14:33:49,943 - httpx2 - INFO - HTTP Request: GET http://testserver/api/v1/tasks/task-4d1e3e53 "HTTP/1.1 200 OK"
2026-09-16 14:33:49,966 - httpx2 - INFO - HTTP Request: GET http://testserver/api/v1/tasks/task-4d1e3e53/artifacts "HTTP/1.1 200 OK"
2026-09-16 14:33:49,980 - httpx2 - INFO - HTTP Request: GET http://testserver/api/v1/artifacts/art-348cd019 "HTTP/1.1 200 OK"
2026-09-16 14:33:50,956 - httpx2 - INFO - HTTP Request: POST http://testserver/api/v1/knowledge/documents "HTTP/1.1 400 Bad Request"
2026-09-16 14:33:50,972 - httpx2 - INFO - HTTP Request: POST http://testserver/api/v1/knowledge/documents "HTTP/1.1 200 OK"
2026-09-16 14:33:51,488 - asyncio - DEBUG - Using proactor: IocpProactor
2026-09-16 14:33:51,500 - multipart.multipart - DEBUG - Calling on_part_begin with no data
2026-09-16 14:33:51,500 - multipart.multipart - DEBUG - Calling on_header_field with data[36:55]
2026-09-16 14:33:51,501 - multipart.multipart - DEBUG - Calling on_header_value with data[57:106]
2026-09-16 14:33:51,501 - multipart.multipart - DEBUG - Calling on_header_end with no data
2026-09-16 14:33:51,501 - multipart.multipart - DEBUG - Calling on_header_field with data[108:120]
2026-09-16 14:33:51,502 - multipart.multipart - DEBUG - Calling on_header_value with data[122:131]
2026-09-16 14:33:51,502 - multipart.multipart - DEBUG - Calling on_header_end with no data
2026-09-16 14:33:51,502 - multipart.multipart - DEBUG - Calling on_headers_finished with no data
2026-09-16 14:33:51,503 - multipart.multipart - DEBUG - Calling on_part_data with data[135:153]
2026-09-16 14:33:51,503 - multipart.multipart - DEBUG - Calling on_part_end with no data
2026-09-16 14:33:51,503 - multipart.multipart - DEBUG - Calling on_end with no data
2026-09-16 14:33:51,519 - httpx2 - INFO - HTTP Request: POST http://testserver/api/v1/knowledge/documents "HTTP/1.1 403 Forbidden"
2026-09-16 14:33:51,654 - sovereign.llama_cpp.lifecycle - INFO - Loading deployment 'Model1' with command: C:\Users\Dell\AppData\Local\Microsoft\WinGet\Packages\ggml.llamacpp_Microsoft.Winget.Source_8wekyb3d8bbwe\llama-server.exe -m C:\Users\Dell\AppData\Local\Temp\pytest-of-Dell\pytest-12\test_llama_cpp_adapter_and_lif0\model1.gguf --port 8080 --host 127.0.0.1 -c 2048 -ngl 10
2026-09-16 14:33:51,654 - sovereign.llama_cpp.lifecycle - INFO - Deployment 'Model1' loaded successfully and is ready.
2026-09-16 14:33:51,655 - sovereign.llama_cpp.lifecycle - INFO - Switching deployment to 'Model2'...
2026-09-16 14:33:51,656 - sovereign.llama_cpp.lifecycle - INFO - Stopping active llama-server deployment...
2026-09-16 14:33:51,656 - sovereign.llama_cpp.lifecycle - INFO - llama-server stopped.
2026-09-16 14:33:51,656 - sovereign.llama_cpp.lifecycle - INFO - Loading deployment 'Model2' with command: C:\Users\Dell\AppData\Local\Microsoft\WinGet\Packages\ggml.llamacpp_Microsoft.Winget.Source_8wekyb3d8bbwe\llama-server.exe -m C:\Users\Dell\AppData\Local\Temp\pytest-of-Dell\pytest-12\test_llama_cpp_adapter_and_lif0\model2.gguf --port 8081 --host 127.0.0.1 -c 4096 -ngl 20
2026-09-16 14:33:51,657 - sovereign.llama_cpp.lifecycle - INFO - Deployment 'Model2' loaded successfully and is ready.
2026-09-16 14:33:51,657 - sovereign.llama_cpp.lifecycle - INFO - Stopping active llama-server deployment...
2026-09-16 14:33:51,657 - sovereign.llama_cpp.lifecycle - INFO - llama-server stopped.
2026-09-16 14:33:56,582 - asyncio - DEBUG - Using proactor: IocpProactor
2026-09-16 14:33:56,588 - httpx2 - INFO - HTTP Request: GET http://testserver/api/v1/qualifications/passports "HTTP/1.1 200 OK"
2026-09-16 14:33:56,604 - asyncio - DEBUG - Using proactor: IocpProactor
2026-09-16 14:33:56,644 - httpx2 - INFO - HTTP Request: POST http://testserver/api/v1/tasks "HTTP/1.1 200 OK"
2026-09-16 14:33:56,647 - asyncio - DEBUG - Using proactor: IocpProactor
2026-09-16 14:33:56,654 - httpx2 - INFO - HTTP Request: GET http://testserver/api/v1/tasks/task-92c29e0d "HTTP/1.1 200 OK"
2026-09-16 14:33:56,658 - asyncio - DEBUG - Using proactor: IocpProactor
2026-09-16 14:33:56,679 - httpx2 - INFO - HTTP Request: POST http://testserver/api/v1/tasks "HTTP/1.1 400 Bad Request"
2026-09-16 14:33:56,685 - asyncio - DEBUG - Using proactor: IocpProactor
2026-09-16 14:33:56,708 - httpx2 - INFO - HTTP Request: POST http://testserver/api/v1/tasks "HTTP/1.1 200 OK"
2026-09-16 14:33:57,261 - sovereign.llama_cpp.lifecycle - INFO - Loading deployment 'test-model' with command: mock-server.exe -m /fake/model.gguf --port 8080 --host 127.0.0.1 -c 8192 -ngl 20
2026-09-16 14:33:57,261 - sovereign.llama_cpp.lifecycle - INFO - Deployment 'test-model' loaded successfully and is ready.
2026-09-16 14:33:57,262 - sovereign.llama_cpp.lifecycle - INFO - Stopping active llama-server deployment...
2026-09-16 14:33:57,263 - sovereign.llama_cpp.lifecycle - INFO - llama-server stopped.
2026-09-16 14:33:57,263 - sovereign.llama_cpp.lifecycle - INFO - Loading deployment 'test-vision-model' with command: mock-server.exe -m /fake/model.gguf --port 8080 --host 127.0.0.1 -c 8192 -ngl 20 --mmproj /fake/projector.gguf
2026-09-16 14:33:57,263 - sovereign.llama_cpp.lifecycle - INFO - Deployment 'test-vision-model' loaded successfully and is ready.
2026-09-16 14:33:57,304 - PIL.PngImagePlugin - DEBUG - STREAM b'IHDR' 16 13
2026-09-16 14:33:57,305 - PIL.PngImagePlugin - DEBUG - STREAM b'IDAT' 41 13308
2026-09-16 14:34:00,889 - PIL.PngImagePlugin - DEBUG - STREAM b'IHDR' 16 13
2026-09-16 14:34:00,889 - PIL.PngImagePlugin - DEBUG - STREAM b'IDAT' 41 14549
2026-09-16 14:34:04,483 - PIL.PngImagePlugin - DEBUG - STREAM b'IHDR' 16 13
2026-09-16 14:34:04,483 - PIL.PngImagePlugin - DEBUG - STREAM b'IDAT' 41 10362
2026-09-16 14:34:07,875 - PIL.PngImagePlugin - DEBUG - STREAM b'IHDR' 16 13
2026-09-16 14:34:07,875 - PIL.PngImagePlugin - DEBUG - STREAM b'IDAT' 41 6438
2026-09-16 14:34:07,906 - pypdf._reader - WARNING - EOF marker not found
2026-09-16 14:40:43,392 - httpx2 - INFO - HTTP Request: POST http://testserver/api/v1/knowledge/documents "HTTP/1.1 200 OK"
2026-09-16 14:41:15,189 - httpx2 - INFO - HTTP Request: POST http://testserver/api/v1/knowledge/documents "HTTP/1.1 200 OK"
2026-09-16 14:41:15,241 - httpx2 - INFO - HTTP Request: POST http://testserver/api/v1/tasks "HTTP/1.1 200 OK"
2026-09-16 14:41:15,330 - httpx2 - INFO - HTTP Request: POST http://testserver/api/v1/tasks/task-0012949c/run "HTTP/1.1 200 OK"
2026-09-16 14:41:15,347 - httpx2 - INFO - HTTP Request: GET http://testserver/api/v1/tasks/task-0012949c "HTTP/1.1 200 OK"
2026-09-16 14:41:15,359 - httpx2 - INFO - HTTP Request: GET http://testserver/api/v1/tasks/task-0012949c/artifacts "HTTP/1.1 200 OK"
2026-09-16 14:41:15,378 - httpx2 - INFO - HTTP Request: POST http://testserver/api/v1/tasks "HTTP/1.1 200 OK"
2026-09-16 14:41:15,442 - httpx2 - INFO - HTTP Request: POST http://testserver/api/v1/tasks/task-4c0fb178/run "HTTP/1.1 200 OK"
2026-09-16 14:41:17,463 - httpx2 - INFO - HTTP Request: GET http://testserver/api/v1/tasks/task-4c0fb178 "HTTP/1.1 200 OK"
2026-09-16 14:42:10,261 - httpx2 - INFO - HTTP Request: POST http://testserver/api/v1/knowledge/documents "HTTP/1.1 200 OK"
2026-09-16 14:42:10,310 - httpx2 - INFO - HTTP Request: POST http://testserver/api/v1/tasks "HTTP/1.1 200 OK"
2026-09-16 14:42:10,325 - sovereign.llama_cpp.lifecycle - INFO - Switching deployment to 'Llama-3.2-3B-Instruct'...
2026-09-16 14:42:10,332 - sovereign.llama_cpp.lifecycle - INFO - Loading deployment 'Llama-3.2-3B-Instruct' with command: C:\Users\Dell\AppData\Local\Microsoft\WinGet\Packages\ggml.llamacpp_Microsoft.Winget.Source_8wekyb3d8bbwe\llama-server.exe -m C:\Users\Dell\.cache\huggingface\hub\models--bartowski--Llama-3.2-3B-Instruct-GGUF\snapshots\5ab33fa94d1d04e903623ae72c95d1696f09f9e8\Llama-3.2-3B-Instruct-Q4_K_M.gguf --port 8080 --host 127.0.0.1 -c 8192 -ngl 20
2026-09-16 14:42:15,985 - sovereign.llama_cpp.lifecycle - INFO - Deployment 'Llama-3.2-3B-Instruct' loaded successfully and is ready.
2026-09-16 14:42:18,873 - httpx2 - INFO - HTTP Request: POST http://testserver/api/v1/tasks/task-81f032e3/run "HTTP/1.1 200 OK"
2026-09-16 14:42:18,885 - httpx2 - INFO - HTTP Request: GET http://testserver/api/v1/tasks/task-81f032e3 "HTTP/1.1 200 OK"
2026-09-16 14:42:18,893 - httpx2 - INFO - HTTP Request: GET http://testserver/api/v1/tasks/task-81f032e3/artifacts "HTTP/1.1 200 OK"
2026-09-16 14:42:18,913 - httpx2 - INFO - HTTP Request: POST http://testserver/api/v1/tasks "HTTP/1.1 200 OK"
2026-09-16 14:42:18,991 - httpx2 - INFO - HTTP Request: POST http://testserver/api/v1/tasks/task-c9611fe0/run "HTTP/1.1 200 OK"
2026-09-16 14:42:21,010 - httpx2 - INFO - HTTP Request: GET http://testserver/api/v1/tasks/task-c9611fe0 "HTTP/1.1 200 OK"
2026-09-16 14:52:46,776 - sovereign.llama_cpp.lifecycle - INFO - Switching deployment to 'Llama-3.2-3B-Instruct'...
2026-09-16 14:52:46,779 - sovereign.llama_cpp.lifecycle - INFO - Loading deployment 'Llama-3.2-3B-Instruct' with command: C:\Users\Dell\AppData\Local\Microsoft\WinGet\Packages\ggml.llamacpp_Microsoft.Winget.Source_8wekyb3d8bbwe\llama-server.exe -m C:\Users\Dell\.cache\huggingface\hub\models--bartowski--Llama-3.2-3B-Instruct-GGUF\snapshots\5ab33fa94d1d04e903623ae72c95d1696f09f9e8\Llama-3.2-3B-Instruct-Q4_K_M.gguf --port 8080 --host 127.0.0.1 -c 8192 -ngl 20
2026-09-16 14:52:56,066 - sovereign.llama_cpp.lifecycle - INFO - Deployment 'Llama-3.2-3B-Instruct' loaded successfully and is ready.
2026-09-16 14:58:08,524 - httpx2 - INFO - HTTP Request: GET http://testserver/api/v1/health "HTTP/1.1 200 OK"
2026-09-16 14:58:08,633 - httpx2 - INFO - HTTP Request: POST http://testserver/api/v1/tasks "HTTP/1.1 200 OK"
2026-09-16 14:58:08,651 - httpx2 - INFO - HTTP Request: GET http://testserver/api/v1/tasks/task-8b365aee "HTTP/1.1 200 OK"
2026-09-16 14:58:08,717 - httpx2 - INFO - HTTP Request: POST http://testserver/api/v1/tasks "HTTP/1.1 422 Unprocessable Entity"
2026-09-16 14:58:08,776 - httpx2 - INFO - HTTP Request: GET http://testserver/api/v1/tasks/task-notexist "HTTP/1.1 404 Not Found"
2026-09-16 14:58:08,857 - httpx2 - INFO - HTTP Request: POST http://testserver/api/v1/tasks/task-bb438adf/run "HTTP/1.1 400 Bad Request"
2026-09-16 14:58:08,884 - httpx2 - INFO - HTTP Request: POST http://testserver/api/v1/tasks/task-bb438adf/run "HTTP/1.1 400 Bad Request"
2026-09-16 14:58:08,938 - httpx2 - INFO - HTTP Request: POST http://testserver/api/v1/tasks/task-bb438adf/run "HTTP/1.1 400 Bad Request"
2026-09-16 14:58:08,979 - httpx2 - INFO - HTTP Request: POST http://testserver/api/v1/tasks/task-bb438adf/run "HTTP/1.1 400 Bad Request"
2026-09-16 14:58:08,999 - httpx2 - INFO - HTTP Request: POST http://testserver/api/v1/tasks/task-notexist/run "HTTP/1.1 404 Not Found"
2026-09-16 14:58:09,100 - httpx2 - INFO - HTTP Request: POST http://testserver/api/v1/tasks/task-c52619a8/run "HTTP/1.1 200 OK"
2026-09-16 14:58:09,114 - httpx2 - INFO - HTTP Request: POST http://testserver/api/v1/tasks/task-c52619a8/run "HTTP/1.1 409 Conflict"
2026-09-16 14:58:09,529 - httpx2 - INFO - HTTP Request: POST http://testserver/api/v1/knowledge/documents "HTTP/1.1 400 Bad Request"
2026-09-16 14:58:09,587 - httpx2 - INFO - HTTP Request: POST http://testserver/api/v1/knowledge/documents "HTTP/1.1 413 Request Entity Too Large"
2026-09-16 14:58:09,655 - httpx2 - INFO - HTTP Request: GET http://testserver/api/v1/tasks/task-abc/artifacts "HTTP/1.1 200 OK"
2026-09-16 14:58:09,671 - httpx2 - INFO - HTTP Request: GET http://testserver/api/v1/artifacts/art-123 "HTTP/1.1 200 OK"
2026-09-16 14:58:09,682 - httpx2 - INFO - HTTP Request: GET http://testserver/api/v1/artifacts/art-notexist "HTTP/1.1 404 Not Found"
2026-09-16 14:58:09,741 - httpx2 - INFO - HTTP Request: GET http://testserver/api/v1/artifacts/art-hack "HTTP/1.1 404 Not Found"
2026-09-16 14:58:10,649 - httpx2 - INFO - HTTP Request: POST http://testserver/api/v1/tasks "HTTP/1.1 200 OK"
2026-09-16 14:58:10,715 - httpx2 - INFO - HTTP Request: POST http://testserver/api/v1/knowledge/documents "HTTP/1.1 200 OK"
2026-09-16 14:58:10,745 - sovereign.llama_cpp.lifecycle - INFO - Switching deployment to 'Llama-3.2-3B-Instruct'...
2026-09-16 14:58:10,747 - sovereign.llama_cpp.lifecycle - INFO - Loading deployment 'Llama-3.2-3B-Instruct' with command: C:\Users\Dell\AppData\Local\Microsoft\WinGet\Packages\ggml.llamacpp_Microsoft.Winget.Source_8wekyb3d8bbwe\llama-server.exe -m C:\Users\Dell\.cache\huggingface\hub\models--bartowski--Llama-3.2-3B-Instruct-GGUF\snapshots\5ab33fa94d1d04e903623ae72c95d1696f09f9e8\Llama-3.2-3B-Instruct-Q4_K_M.gguf --port 8080 --host 127.0.0.1 -c 8192 -ngl 20
2026-09-16 14:58:10,773 - sovereign.llama_cpp.lifecycle - INFO - Deployment 'Llama-3.2-3B-Instruct' loaded successfully and is ready.
2026-09-16 14:58:10,890 - httpx2 - INFO - HTTP Request: POST http://testserver/api/v1/tasks/task-f54bee76/run "HTTP/1.1 200 OK"
2026-09-16 14:58:11,907 - httpx2 - INFO - HTTP Request: GET http://testserver/api/v1/tasks/task-f54bee76 "HTTP/1.1 200 OK"
2026-09-16 14:58:11,931 - httpx2 - INFO - HTTP Request: GET http://testserver/api/v1/tasks/task-f54bee76/artifacts "HTTP/1.1 200 OK"
2026-09-16 14:58:14,685 - httpx2 - INFO - HTTP Request: POST http://testserver/api/v1/knowledge/documents "HTTP/1.1 400 Bad Request"
2026-09-16 14:58:14,738 - httpx2 - INFO - HTTP Request: POST http://testserver/api/v1/knowledge/documents "HTTP/1.1 200 OK"
2026-09-16 14:58:15,470 - asyncio - DEBUG - Using proactor: IocpProactor
2026-09-16 14:58:15,492 - multipart.multipart - DEBUG - Calling on_part_begin with no data
2026-09-16 14:58:15,493 - multipart.multipart - DEBUG - Calling on_header_field with data[36:55]
2026-09-16 14:58:15,494 - multipart.multipart - DEBUG - Calling on_header_value with data[57:106]
2026-09-16 14:58:15,494 - multipart.multipart - DEBUG - Calling on_header_end with no data
2026-09-16 14:58:15,495 - multipart.multipart - DEBUG - Calling on_header_field with data[108:120]
2026-09-16 14:58:15,496 - multipart.multipart - DEBUG - Calling on_header_value with data[122:131]
2026-09-16 14:58:15,497 - multipart.multipart - DEBUG - Calling on_header_end with no data
2026-09-16 14:58:15,498 - multipart.multipart - DEBUG - Calling on_headers_finished with no data
2026-09-16 14:58:15,499 - multipart.multipart - DEBUG - Calling on_part_data with data[135:153]
2026-09-16 14:58:15,500 - multipart.multipart - DEBUG - Calling on_part_end with no data
2026-09-16 14:58:15,500 - multipart.multipart - DEBUG - Calling on_end with no data
2026-09-16 14:58:15,526 - httpx2 - INFO - HTTP Request: POST http://testserver/api/v1/knowledge/documents "HTTP/1.1 403 Forbidden"
2026-09-16 14:58:15,694 - sovereign.llama_cpp.lifecycle - INFO - Loading deployment 'Model1' with command: C:\Users\Dell\AppData\Local\Microsoft\WinGet\Packages\ggml.llamacpp_Microsoft.Winget.Source_8wekyb3d8bbwe\llama-server.exe -m C:\Users\Dell\AppData\Local\Temp\pytest-of-Dell\pytest-13\test_llama_cpp_adapter_and_lif0\model1.gguf --port 8080 --host 127.0.0.1 -c 2048 -ngl 10
2026-09-16 14:58:15,696 - sovereign.llama_cpp.lifecycle - INFO - Deployment 'Model1' loaded successfully and is ready.
2026-09-16 14:58:15,698 - sovereign.llama_cpp.lifecycle - INFO - Switching deployment to 'Model2'...
2026-09-16 14:58:15,699 - sovereign.llama_cpp.lifecycle - INFO - Stopping active llama-server deployment...
2026-09-16 14:58:15,700 - sovereign.llama_cpp.lifecycle - INFO - llama-server stopped.
2026-09-16 14:58:15,700 - sovereign.llama_cpp.lifecycle - INFO - Loading deployment 'Model2' with command: C:\Users\Dell\AppData\Local\Microsoft\WinGet\Packages\ggml.llamacpp_Microsoft.Winget.Source_8wekyb3d8bbwe\llama-server.exe -m C:\Users\Dell\AppData\Local\Temp\pytest-of-Dell\pytest-13\test_llama_cpp_adapter_and_lif0\model2.gguf --port 8081 --host 127.0.0.1 -c 4096 -ngl 20
2026-09-16 14:58:15,701 - sovereign.llama_cpp.lifecycle - INFO - Deployment 'Model2' loaded successfully and is ready.
2026-09-16 14:58:15,702 - sovereign.llama_cpp.lifecycle - INFO - Stopping active llama-server deployment...
2026-09-16 14:58:15,703 - sovereign.llama_cpp.lifecycle - INFO - llama-server stopped.
2026-09-16 14:58:22,292 - asyncio - DEBUG - Using proactor: IocpProactor
2026-09-16 14:58:22,313 - httpx2 - INFO - HTTP Request: GET http://testserver/api/v1/qualifications/passports "HTTP/1.1 200 OK"
2026-09-16 14:58:22,343 - asyncio - DEBUG - Using proactor: IocpProactor
2026-09-16 14:58:22,416 - httpx2 - INFO - HTTP Request: POST http://testserver/api/v1/tasks "HTTP/1.1 200 OK"
2026-09-16 14:58:22,425 - asyncio - DEBUG - Using proactor: IocpProactor
2026-09-16 14:58:22,444 - httpx2 - INFO - HTTP Request: GET http://testserver/api/v1/tasks/task-4d191a99 "HTTP/1.1 200 OK"
2026-09-16 14:58:22,453 - asyncio - DEBUG - Using proactor: IocpProactor
2026-09-16 14:58:22,483 - httpx2 - INFO - HTTP Request: POST http://testserver/api/v1/tasks "HTTP/1.1 400 Bad Request"
2026-09-16 14:58:22,492 - asyncio - DEBUG - Using proactor: IocpProactor
2026-09-16 14:58:22,527 - httpx2 - INFO - HTTP Request: POST http://testserver/api/v1/tasks "HTTP/1.1 200 OK"
2026-09-16 14:58:23,331 - sovereign.llama_cpp.lifecycle - INFO - Loading deployment 'test-model' with command: mock-server.exe -m /fake/model.gguf --port 8080 --host 127.0.0.1 -c 8192 -ngl 20
2026-09-16 14:58:23,333 - sovereign.llama_cpp.lifecycle - INFO - Deployment 'test-model' loaded successfully and is ready.
2026-09-16 14:58:23,334 - sovereign.llama_cpp.lifecycle - INFO - Stopping active llama-server deployment...
2026-09-16 14:58:23,335 - sovereign.llama_cpp.lifecycle - INFO - llama-server stopped.
2026-09-16 14:58:23,337 - sovereign.llama_cpp.lifecycle - INFO - Loading deployment 'test-vision-model' with command: mock-server.exe -m /fake/model.gguf --port 8080 --host 127.0.0.1 -c 8192 -ngl 20 --mmproj /fake/projector.gguf
2026-09-16 14:58:23,337 - sovereign.llama_cpp.lifecycle - INFO - Deployment 'test-vision-model' loaded successfully and is ready.
2026-09-16 14:58:23,445 - PIL.PngImagePlugin - DEBUG - STREAM b'IHDR' 16 13
2026-09-16 14:58:23,447 - PIL.PngImagePlugin - DEBUG - STREAM b'IDAT' 41 13308
2026-09-16 14:58:33,073 - PIL.PngImagePlugin - DEBUG - STREAM b'IHDR' 16 13
2026-09-16 14:58:33,075 - PIL.PngImagePlugin - DEBUG - STREAM b'IDAT' 41 14549
2026-09-16 14:58:43,009 - PIL.PngImagePlugin - DEBUG - STREAM b'IHDR' 16 13
2026-09-16 14:58:43,010 - PIL.PngImagePlugin - DEBUG - STREAM b'IDAT' 41 10362
2026-09-16 14:58:50,326 - PIL.PngImagePlugin - DEBUG - STREAM b'IHDR' 16 13
2026-09-16 14:58:50,327 - PIL.PngImagePlugin - DEBUG - STREAM b'IDAT' 41 6438
2026-09-16 14:58:50,398 - pypdf._reader - WARNING - EOF marker not found
2026-09-16 14:59:20,217 - httpx2 - INFO - HTTP Request: GET http://testserver/api/v1/health "HTTP/1.1 200 OK"
2026-09-16 14:59:20,305 - httpx2 - INFO - HTTP Request: POST http://testserver/api/v1/tasks "HTTP/1.1 200 OK"
2026-09-16 14:59:20,325 - httpx2 - INFO - HTTP Request: GET http://testserver/api/v1/tasks/task-fb17b21b "HTTP/1.1 200 OK"
2026-09-16 14:59:20,385 - httpx2 - INFO - HTTP Request: POST http://testserver/api/v1/tasks "HTTP/1.1 422 Unprocessable Entity"
2026-09-16 14:59:20,453 - httpx2 - INFO - HTTP Request: GET http://testserver/api/v1/tasks/task-notexist "HTTP/1.1 404 Not Found"
2026-09-16 14:59:20,535 - httpx2 - INFO - HTTP Request: POST http://testserver/api/v1/tasks/task-5407b132/run "HTTP/1.1 400 Bad Request"
2026-09-16 14:59:20,563 - httpx2 - INFO - HTTP Request: POST http://testserver/api/v1/tasks/task-5407b132/run "HTTP/1.1 400 Bad Request"
2026-09-16 14:59:20,591 - httpx2 - INFO - HTTP Request: POST http://testserver/api/v1/tasks/task-5407b132/run "HTTP/1.1 400 Bad Request"
2026-09-16 14:59:20,620 - httpx2 - INFO - HTTP Request: POST http://testserver/api/v1/tasks/task-5407b132/run "HTTP/1.1 400 Bad Request"
2026-09-16 14:59:20,633 - httpx2 - INFO - HTTP Request: POST http://testserver/api/v1/tasks/task-notexist/run "HTTP/1.1 404 Not Found"
2026-09-16 14:59:20,705 - httpx2 - INFO - HTTP Request: POST http://testserver/api/v1/tasks/task-f781b9b6/run "HTTP/1.1 200 OK"
2026-09-16 14:59:20,721 - httpx2 - INFO - HTTP Request: POST http://testserver/api/v1/tasks/task-f781b9b6/run "HTTP/1.1 409 Conflict"
2026-09-16 14:59:21,181 - httpx2 - INFO - HTTP Request: POST http://testserver/api/v1/knowledge/documents "HTTP/1.1 400 Bad Request"
2026-09-16 14:59:21,249 - httpx2 - INFO - HTTP Request: POST http://testserver/api/v1/knowledge/documents "HTTP/1.1 413 Request Entity Too Large"
2026-09-16 14:59:21,325 - httpx2 - INFO - HTTP Request: GET http://testserver/api/v1/tasks/task-abc/artifacts "HTTP/1.1 200 OK"
2026-09-16 14:59:21,349 - httpx2 - INFO - HTTP Request: GET http://testserver/api/v1/artifacts/art-123 "HTTP/1.1 200 OK"
2026-09-16 14:59:21,364 - httpx2 - INFO - HTTP Request: GET http://testserver/api/v1/artifacts/art-notexist "HTTP/1.1 404 Not Found"
2026-09-16 14:59:21,448 - httpx2 - INFO - HTTP Request: GET http://testserver/api/v1/artifacts/art-hack "HTTP/1.1 404 Not Found"
2026-09-16 14:59:22,499 - httpx2 - INFO - HTTP Request: POST http://testserver/api/v1/tasks "HTTP/1.1 200 OK"
2026-09-16 14:59:22,568 - httpx2 - INFO - HTTP Request: POST http://testserver/api/v1/knowledge/documents "HTTP/1.1 200 OK"
2026-09-16 14:59:22,607 - sovereign.llama_cpp.lifecycle - INFO - Switching deployment to 'Llama-3.2-3B-Instruct'...
2026-09-16 14:59:22,608 - sovereign.llama_cpp.lifecycle - INFO - Loading deployment 'Llama-3.2-3B-Instruct' with command: C:\Users\Dell\AppData\Local\Microsoft\WinGet\Packages\ggml.llamacpp_Microsoft.Winget.Source_8wekyb3d8bbwe\llama-server.exe -m C:\Users\Dell\.cache\huggingface\hub\models--bartowski--Llama-3.2-3B-Instruct-GGUF\snapshots\5ab33fa94d1d04e903623ae72c95d1696f09f9e8\Llama-3.2-3B-Instruct-Q4_K_M.gguf --port 8080 --host 127.0.0.1 -c 8192 -ngl 20
2026-09-16 14:59:22,659 - sovereign.llama_cpp.lifecycle - INFO - Deployment 'Llama-3.2-3B-Instruct' loaded successfully and is ready.
2026-09-16 14:59:22,782 - httpx2 - INFO - HTTP Request: POST http://testserver/api/v1/tasks/task-cb3d1d7a/run "HTTP/1.1 200 OK"
2026-09-16 14:59:23,801 - httpx2 - INFO - HTTP Request: GET http://testserver/api/v1/tasks/task-cb3d1d7a "HTTP/1.1 200 OK"
2026-09-16 14:59:23,829 - httpx2 - INFO - HTTP Request: GET http://testserver/api/v1/tasks/task-cb3d1d7a/artifacts "HTTP/1.1 200 OK"
2026-09-16 14:59:23,845 - httpx2 - INFO - HTTP Request: GET http://testserver/api/v1/artifacts/art-bbdc3c08 "HTTP/1.1 200 OK"
2026-09-16 14:59:25,916 - httpx2 - INFO - HTTP Request: POST http://testserver/api/v1/knowledge/documents "HTTP/1.1 400 Bad Request"
2026-09-16 14:59:25,965 - httpx2 - INFO - HTTP Request: POST http://testserver/api/v1/knowledge/documents "HTTP/1.1 200 OK"
2026-09-16 14:59:26,577 - asyncio - DEBUG - Using proactor: IocpProactor
2026-09-16 14:59:26,603 - multipart.multipart - DEBUG - Calling on_part_begin with no data
2026-09-16 14:59:26,605 - multipart.multipart - DEBUG - Calling on_header_field with data[36:55]
2026-09-16 14:59:26,605 - multipart.multipart - DEBUG - Calling on_header_value with data[57:106]
2026-09-16 14:59:26,606 - multipart.multipart - DEBUG - Calling on_header_end with no data
2026-09-16 14:59:26,607 - multipart.multipart - DEBUG - Calling on_header_field with data[108:120]
2026-09-16 14:59:26,608 - multipart.multipart - DEBUG - Calling on_header_value with data[122:131]
2026-09-16 14:59:26,608 - multipart.multipart - DEBUG - Calling on_header_end with no data
2026-09-16 14:59:26,609 - multipart.multipart - DEBUG - Calling on_headers_finished with no data
2026-09-16 14:59:26,610 - multipart.multipart - DEBUG - Calling on_part_data with data[135:153]
2026-09-16 14:59:26,611 - multipart.multipart - DEBUG - Calling on_part_end with no data
2026-09-16 14:59:26,612 - multipart.multipart - DEBUG - Calling on_end with no data
2026-09-16 14:59:26,640 - httpx2 - INFO - HTTP Request: POST http://testserver/api/v1/knowledge/documents "HTTP/1.1 403 Forbidden"
2026-09-16 14:59:26,805 - sovereign.llama_cpp.lifecycle - INFO - Loading deployment 'Model1' with command: C:\Users\Dell\AppData\Local\Microsoft\WinGet\Packages\ggml.llamacpp_Microsoft.Winget.Source_8wekyb3d8bbwe\llama-server.exe -m C:\Users\Dell\AppData\Local\Temp\pytest-of-Dell\pytest-14\test_llama_cpp_adapter_and_lif0\model1.gguf --port 8080 --host 127.0.0.1 -c 2048 -ngl 10
2026-09-16 14:59:26,806 - sovereign.llama_cpp.lifecycle - INFO - Deployment 'Model1' loaded successfully and is ready.
2026-09-16 14:59:26,808 - sovereign.llama_cpp.lifecycle - INFO - Switching deployment to 'Model2'...
2026-09-16 14:59:26,809 - sovereign.llama_cpp.lifecycle - INFO - Stopping active llama-server deployment...
2026-09-16 14:59:26,810 - sovereign.llama_cpp.lifecycle - INFO - llama-server stopped.
2026-09-16 14:59:26,811 - sovereign.llama_cpp.lifecycle - INFO - Loading deployment 'Model2' with command: C:\Users\Dell\AppData\Local\Microsoft\WinGet\Packages\ggml.llamacpp_Microsoft.Winget.Source_8wekyb3d8bbwe\llama-server.exe -m C:\Users\Dell\AppData\Local\Temp\pytest-of-Dell\pytest-14\test_llama_cpp_adapter_and_lif0\model2.gguf --port 8081 --host 127.0.0.1 -c 4096 -ngl 20
2026-09-16 14:59:26,812 - sovereign.llama_cpp.lifecycle - INFO - Deployment 'Model2' loaded successfully and is ready.
2026-09-16 14:59:26,813 - sovereign.llama_cpp.lifecycle - INFO - Stopping active llama-server deployment...
2026-09-16 14:59:26,814 - sovereign.llama_cpp.lifecycle - INFO - llama-server stopped.
2026-09-16 14:59:33,171 - asyncio - DEBUG - Using proactor: IocpProactor
2026-09-16 14:59:33,185 - httpx2 - INFO - HTTP Request: GET http://testserver/api/v1/qualifications/passports "HTTP/1.1 200 OK"
2026-09-16 14:59:33,208 - asyncio - DEBUG - Using proactor: IocpProactor
2026-09-16 14:59:33,269 - httpx2 - INFO - HTTP Request: POST http://testserver/api/v1/tasks "HTTP/1.1 200 OK"
2026-09-16 14:59:33,276 - asyncio - DEBUG - Using proactor: IocpProactor
2026-09-16 14:59:33,291 - httpx2 - INFO - HTTP Request: GET http://testserver/api/v1/tasks/task-7fa4960b "HTTP/1.1 200 OK"
2026-09-16 14:59:33,300 - asyncio - DEBUG - Using proactor: IocpProactor
2026-09-16 14:59:33,329 - httpx2 - INFO - HTTP Request: POST http://testserver/api/v1/tasks "HTTP/1.1 400 Bad Request"
2026-09-16 14:59:33,337 - asyncio - DEBUG - Using proactor: IocpProactor
2026-09-16 14:59:33,368 - httpx2 - INFO - HTTP Request: POST http://testserver/api/v1/tasks "HTTP/1.1 200 OK"
2026-09-16 14:59:34,103 - sovereign.llama_cpp.lifecycle - INFO - Loading deployment 'test-model' with command: mock-server.exe -m /fake/model.gguf --port 8080 --host 127.0.0.1 -c 8192 -ngl 20
2026-09-16 14:59:34,105 - sovereign.llama_cpp.lifecycle - INFO - Deployment 'test-model' loaded successfully and is ready.
2026-09-16 14:59:34,106 - sovereign.llama_cpp.lifecycle - INFO - Stopping active llama-server deployment...
2026-09-16 14:59:34,108 - sovereign.llama_cpp.lifecycle - INFO - llama-server stopped.
2026-09-16 14:59:34,109 - sovereign.llama_cpp.lifecycle - INFO - Loading deployment 'test-vision-model' with command: mock-server.exe -m /fake/model.gguf --port 8080 --host 127.0.0.1 -c 8192 -ngl 20 --mmproj /fake/projector.gguf
2026-09-16 14:59:34,111 - sovereign.llama_cpp.lifecycle - INFO - Deployment 'test-vision-model' loaded successfully and is ready.
2026-09-16 14:59:34,219 - PIL.PngImagePlugin - DEBUG - STREAM b'IHDR' 16 13
2026-09-16 14:59:34,221 - PIL.PngImagePlugin - DEBUG - STREAM b'IDAT' 41 13308
2026-09-16 14:59:40,899 - PIL.PngImagePlugin - DEBUG - STREAM b'IHDR' 16 13
2026-09-16 14:59:40,901 - PIL.PngImagePlugin - DEBUG - STREAM b'IDAT' 41 14549
2026-09-16 14:59:47,704 - PIL.PngImagePlugin - DEBUG - STREAM b'IHDR' 16 13
2026-09-16 14:59:47,705 - PIL.PngImagePlugin - DEBUG - STREAM b'IDAT' 41 10362
2026-09-16 14:59:53,965 - PIL.PngImagePlugin - DEBUG - STREAM b'IHDR' 16 13
2026-09-16 14:59:53,966 - PIL.PngImagePlugin - DEBUG - STREAM b'IDAT' 41 6438
2026-09-16 14:59:54,022 - pypdf._reader - WARNING - EOF marker not found
2026-09-16 15:27:53,668 - httpx2 - INFO - HTTP Request: GET http://testserver/api/v1/health "HTTP/1.1 200 OK"
2026-09-16 15:27:53,729 - httpx2 - INFO - HTTP Request: POST http://testserver/api/v1/tasks "HTTP/1.1 200 OK"
2026-09-16 15:27:53,736 - httpx2 - INFO - HTTP Request: GET http://testserver/api/v1/tasks/task-4fb4ed87 "HTTP/1.1 200 OK"
2026-09-16 15:27:53,766 - httpx2 - INFO - HTTP Request: POST http://testserver/api/v1/tasks "HTTP/1.1 422 Unprocessable Entity"
2026-09-16 15:27:53,795 - httpx2 - INFO - HTTP Request: GET http://testserver/api/v1/tasks/task-notexist "HTTP/1.1 404 Not Found"
2026-09-16 15:27:53,827 - httpx2 - INFO - HTTP Request: POST http://testserver/api/v1/tasks/task-a8a9edf0/run "HTTP/1.1 400 Bad Request"
2026-09-16 15:27:53,845 - httpx2 - INFO - HTTP Request: POST http://testserver/api/v1/tasks/task-a8a9edf0/run "HTTP/1.1 400 Bad Request"
2026-09-16 15:27:53,868 - httpx2 - INFO - HTTP Request: POST http://testserver/api/v1/tasks/task-a8a9edf0/run "HTTP/1.1 400 Bad Request"
2026-09-16 15:27:53,884 - httpx2 - INFO - HTTP Request: POST http://testserver/api/v1/tasks/task-a8a9edf0/run "HTTP/1.1 400 Bad Request"
2026-09-16 15:27:53,888 - httpx2 - INFO - HTTP Request: POST http://testserver/api/v1/tasks/task-notexist/run "HTTP/1.1 404 Not Found"
2026-09-16 15:27:53,918 - httpx2 - INFO - HTTP Request: POST http://testserver/api/v1/tasks/task-6e83f353/run "HTTP/1.1 200 OK"
2026-09-16 15:27:53,923 - httpx2 - INFO - HTTP Request: POST http://testserver/api/v1/tasks/task-6e83f353/run "HTTP/1.1 409 Conflict"
2026-09-16 15:27:54,105 - httpx2 - INFO - HTTP Request: POST http://testserver/api/v1/knowledge/documents "HTTP/1.1 400 Bad Request"
2026-09-16 15:27:54,125 - httpx2 - INFO - HTTP Request: POST http://testserver/api/v1/knowledge/documents "HTTP/1.1 413 Request Entity Too Large"
2026-09-16 15:27:54,146 - httpx2 - INFO - HTTP Request: GET http://testserver/api/v1/tasks/task-abc/artifacts "HTTP/1.1 200 OK"
2026-09-16 15:27:54,153 - httpx2 - INFO - HTTP Request: GET http://testserver/api/v1/artifacts/art-123 "HTTP/1.1 200 OK"
2026-09-16 15:27:54,158 - httpx2 - INFO - HTTP Request: GET http://testserver/api/v1/artifacts/art-notexist "HTTP/1.1 404 Not Found"
2026-09-16 15:27:54,184 - httpx2 - INFO - HTTP Request: GET http://testserver/api/v1/artifacts/art-hack "HTTP/1.1 404 Not Found"
2026-09-16 15:27:54,672 - httpx2 - INFO - HTTP Request: POST http://testserver/api/v1/tasks "HTTP/1.1 200 OK"
2026-09-16 15:27:54,708 - httpx2 - INFO - HTTP Request: POST http://testserver/api/v1/knowledge/documents "HTTP/1.1 200 OK"
2026-09-16 15:27:54,723 - sovereign.llama_cpp.lifecycle - INFO - Switching deployment to 'Llama-3.2-3B-Instruct'...
2026-09-16 15:27:54,724 - sovereign.llama_cpp.lifecycle - INFO - Loading deployment 'Llama-3.2-3B-Instruct' with command: C:\Users\Dell\AppData\Local\Microsoft\WinGet\Packages\ggml.llamacpp_Microsoft.Winget.Source_8wekyb3d8bbwe\llama-server.exe -m C:\Users\Dell\.cache\huggingface\hub\models--bartowski--Llama-3.2-3B-Instruct-GGUF\snapshots\5ab33fa94d1d04e903623ae72c95d1696f09f9e8\Llama-3.2-3B-Instruct-Q4_K_M.gguf --port 8080 --host 127.0.0.1 -c 8192 -ngl 20
2026-09-16 15:28:02,897 - sovereign.llama_cpp.lifecycle - INFO - Deployment 'Llama-3.2-3B-Instruct' loaded successfully and is ready.
2026-09-16 15:28:02,965 - httpx2 - INFO - HTTP Request: POST http://testserver/api/v1/tasks/task-2914f3fe/run "HTTP/1.1 200 OK"
2026-09-16 15:28:03,973 - httpx2 - INFO - HTTP Request: GET http://testserver/api/v1/tasks/task-2914f3fe "HTTP/1.1 200 OK"
2026-09-16 15:28:03,984 - httpx2 - INFO - HTTP Request: GET http://testserver/api/v1/tasks/task-2914f3fe/artifacts "HTTP/1.1 200 OK"
2026-09-16 15:28:03,988 - httpx2 - INFO - HTTP Request: GET http://testserver/api/v1/artifacts/art-b55890f2 "HTTP/1.1 200 OK"
2026-09-16 15:28:05,278 - httpx2 - INFO - HTTP Request: POST http://testserver/api/v1/knowledge/documents "HTTP/1.1 400 Bad Request"
2026-09-16 15:28:05,291 - httpx2 - INFO - HTTP Request: POST http://testserver/api/v1/knowledge/documents "HTTP/1.1 200 OK"
2026-09-16 15:28:05,731 - asyncio - DEBUG - Using proactor: IocpProactor
2026-09-16 15:28:05,739 - multipart.multipart - DEBUG - Calling on_part_begin with no data
2026-09-16 15:28:05,739 - multipart.multipart - DEBUG - Calling on_header_field with data[36:55]
2026-09-16 15:28:05,740 - multipart.multipart - DEBUG - Calling on_header_value with data[57:106]
2026-09-16 15:28:05,740 - multipart.multipart - DEBUG - Calling on_header_end with no data
2026-09-16 15:28:05,740 - multipart.multipart - DEBUG - Calling on_header_field with data[108:120]
2026-09-16 15:28:05,740 - multipart.multipart - DEBUG - Calling on_header_value with data[122:131]
2026-09-16 15:28:05,741 - multipart.multipart - DEBUG - Calling on_header_end with no data
2026-09-16 15:28:05,741 - multipart.multipart - DEBUG - Calling on_headers_finished with no data
2026-09-16 15:28:05,741 - multipart.multipart - DEBUG - Calling on_part_data with data[135:153]
2026-09-16 15:28:05,741 - multipart.multipart - DEBUG - Calling on_part_end with no data
2026-09-16 15:28:05,742 - multipart.multipart - DEBUG - Calling on_end with no data
2026-09-16 15:28:05,755 - httpx2 - INFO - HTTP Request: POST http://testserver/api/v1/knowledge/documents "HTTP/1.1 403 Forbidden"
2026-09-16 15:28:05,880 - sovereign.llama_cpp.lifecycle - INFO - Loading deployment 'Model1' with command: C:\Users\Dell\AppData\Local\Microsoft\WinGet\Packages\ggml.llamacpp_Microsoft.Winget.Source_8wekyb3d8bbwe\llama-server.exe -m C:\Users\Dell\AppData\Local\Temp\pytest-of-Dell\pytest-15\test_llama_cpp_adapter_and_lif0\model1.gguf --port 8080 --host 127.0.0.1 -c 2048 -ngl 10
2026-09-16 15:28:05,880 - sovereign.llama_cpp.lifecycle - INFO - Deployment 'Model1' loaded successfully and is ready.
2026-09-16 15:28:05,881 - sovereign.llama_cpp.lifecycle - INFO - Switching deployment to 'Model2'...
2026-09-16 15:28:05,881 - sovereign.llama_cpp.lifecycle - INFO - Stopping active llama-server deployment...
2026-09-16 15:28:05,881 - sovereign.llama_cpp.lifecycle - INFO - llama-server stopped.
2026-09-16 15:28:05,881 - sovereign.llama_cpp.lifecycle - INFO - Loading deployment 'Model2' with command: C:\Users\Dell\AppData\Local\Microsoft\WinGet\Packages\ggml.llamacpp_Microsoft.Winget.Source_8wekyb3d8bbwe\llama-server.exe -m C:\Users\Dell\AppData\Local\Temp\pytest-of-Dell\pytest-15\test_llama_cpp_adapter_and_lif0\model2.gguf --port 8081 --host 127.0.0.1 -c 4096 -ngl 20
2026-09-16 15:28:05,882 - sovereign.llama_cpp.lifecycle - INFO - Deployment 'Model2' loaded successfully and is ready.
2026-09-16 15:28:05,882 - sovereign.llama_cpp.lifecycle - INFO - Stopping active llama-server deployment...
2026-09-16 15:28:05,883 - sovereign.llama_cpp.lifecycle - INFO - llama-server stopped.
2026-09-16 15:28:10,546 - asyncio - DEBUG - Using proactor: IocpProactor
2026-09-16 15:28:10,551 - httpx2 - INFO - HTTP Request: GET http://testserver/api/v1/qualifications/passports "HTTP/1.1 200 OK"
2026-09-16 15:28:10,565 - asyncio - DEBUG - Using proactor: IocpProactor
2026-09-16 15:28:10,608 - httpx2 - INFO - HTTP Request: POST http://testserver/api/v1/tasks "HTTP/1.1 200 OK"
2026-09-16 15:28:10,611 - asyncio - DEBUG - Using proactor: IocpProactor
2026-09-16 15:28:10,617 - httpx2 - INFO - HTTP Request: GET http://testserver/api/v1/tasks/task-4ea80448 "HTTP/1.1 200 OK"
2026-09-16 15:28:10,621 - asyncio - DEBUG - Using proactor: IocpProactor
2026-09-16 15:28:10,635 - httpx2 - INFO - HTTP Request: POST http://testserver/api/v1/tasks "HTTP/1.1 400 Bad Request"
2026-09-16 15:28:10,637 - asyncio - DEBUG - Using proactor: IocpProactor
2026-09-16 15:28:10,652 - httpx2 - INFO - HTTP Request: POST http://testserver/api/v1/tasks "HTTP/1.1 200 OK"
2026-09-16 15:28:11,130 - sovereign.llama_cpp.lifecycle - INFO - Loading deployment 'test-model' with command: mock-server.exe -m /fake/model.gguf --port 8080 --host 127.0.0.1 -c 8192 -ngl 20
2026-09-16 15:28:11,131 - sovereign.llama_cpp.lifecycle - INFO - Deployment 'test-model' loaded successfully and is ready.
2026-09-16 15:28:11,131 - sovereign.llama_cpp.lifecycle - INFO - Stopping active llama-server deployment...
2026-09-16 15:28:11,131 - sovereign.llama_cpp.lifecycle - INFO - llama-server stopped.
2026-09-16 15:28:11,132 - sovereign.llama_cpp.lifecycle - INFO - Loading deployment 'test-vision-model' with command: mock-server.exe -m /fake/model.gguf --port 8080 --host 127.0.0.1 -c 8192 -ngl 20 --mmproj /fake/projector.gguf
2026-09-16 15:28:11,132 - sovereign.llama_cpp.lifecycle - INFO - Deployment 'test-vision-model' loaded successfully and is ready.
2026-09-16 15:28:11,218 - PIL.PngImagePlugin - DEBUG - STREAM b'IHDR' 16 13
2026-09-16 15:28:11,219 - PIL.PngImagePlugin - DEBUG - STREAM b'IDAT' 41 13308
2026-09-16 15:28:12,937 - PIL.PngImagePlugin - DEBUG - STREAM b'IHDR' 16 13
2026-09-16 15:28:12,938 - PIL.PngImagePlugin - DEBUG - STREAM b'IDAT' 41 14549
2026-09-16 15:28:14,365 - PIL.PngImagePlugin - DEBUG - STREAM b'IHDR' 16 13
2026-09-16 15:28:14,366 - PIL.PngImagePlugin - DEBUG - STREAM b'IDAT' 41 10362
2026-09-16 15:28:15,841 - PIL.PngImagePlugin - DEBUG - STREAM b'IHDR' 16 13
2026-09-16 15:28:15,842 - PIL.PngImagePlugin - DEBUG - STREAM b'IDAT' 41 6438
2026-09-16 15:28:15,867 - pypdf._reader - WARNING - EOF marker not found
2026-09-16 15:28:33,365 - httpx2 - INFO - HTTP Request: GET http://testserver/api/v1/health "HTTP/1.1 200 OK"
2026-09-16 15:28:33,422 - httpx2 - INFO - HTTP Request: POST http://testserver/api/v1/tasks "HTTP/1.1 200 OK"
2026-09-16 15:28:33,433 - httpx2 - INFO - HTTP Request: GET http://testserver/api/v1/tasks/task-93fac75f "HTTP/1.1 200 OK"
2026-09-16 15:28:33,462 - httpx2 - INFO - HTTP Request: POST http://testserver/api/v1/tasks "HTTP/1.1 422 Unprocessable Entity"
2026-09-16 15:28:33,490 - httpx2 - INFO - HTTP Request: GET http://testserver/api/v1/tasks/task-notexist "HTTP/1.1 404 Not Found"
2026-09-16 15:28:33,529 - httpx2 - INFO - HTTP Request: POST http://testserver/api/v1/tasks/task-8f1ec61c/run "HTTP/1.1 400 Bad Request"
2026-09-16 15:28:33,543 - httpx2 - INFO - HTTP Request: POST http://testserver/api/v1/tasks/task-8f1ec61c/run "HTTP/1.1 400 Bad Request"
2026-09-16 15:28:33,562 - httpx2 - INFO - HTTP Request: POST http://testserver/api/v1/tasks/task-8f1ec61c/run "HTTP/1.1 400 Bad Request"
2026-09-16 15:28:33,583 - httpx2 - INFO - HTTP Request: POST http://testserver/api/v1/tasks/task-8f1ec61c/run "HTTP/1.1 400 Bad Request"
2026-09-16 15:28:33,588 - httpx2 - INFO - HTTP Request: POST http://testserver/api/v1/tasks/task-notexist/run "HTTP/1.1 404 Not Found"
2026-09-16 15:28:33,622 - httpx2 - INFO - HTTP Request: POST http://testserver/api/v1/tasks/task-941567e0/run "HTTP/1.1 200 OK"
2026-09-16 15:28:33,627 - httpx2 - INFO - HTTP Request: POST http://testserver/api/v1/tasks/task-941567e0/run "HTTP/1.1 409 Conflict"
2026-09-16 15:28:33,809 - httpx2 - INFO - HTTP Request: POST http://testserver/api/v1/knowledge/documents "HTTP/1.1 400 Bad Request"
2026-09-16 15:28:33,846 - httpx2 - INFO - HTTP Request: POST http://testserver/api/v1/knowledge/documents "HTTP/1.1 413 Request Entity Too Large"
2026-09-16 15:28:33,883 - httpx2 - INFO - HTTP Request: GET http://testserver/api/v1/tasks/task-abc/artifacts "HTTP/1.1 200 OK"
2026-09-16 15:28:33,891 - httpx2 - INFO - HTTP Request: GET http://testserver/api/v1/artifacts/art-123 "HTTP/1.1 200 OK"
2026-09-16 15:28:33,901 - httpx2 - INFO - HTTP Request: GET http://testserver/api/v1/artifacts/art-notexist "HTTP/1.1 404 Not Found"
2026-09-16 15:28:33,934 - httpx2 - INFO - HTTP Request: GET http://testserver/api/v1/artifacts/art-hack "HTTP/1.1 404 Not Found"
2026-09-16 15:28:34,514 - httpx2 - INFO - HTTP Request: POST http://testserver/api/v1/tasks "HTTP/1.1 200 OK"
2026-09-16 15:28:34,557 - httpx2 - INFO - HTTP Request: POST http://testserver/api/v1/knowledge/documents "HTTP/1.1 200 OK"
2026-09-16 15:28:34,574 - sovereign.llama_cpp.lifecycle - INFO - Switching deployment to 'Llama-3.2-3B-Instruct'...
2026-09-16 15:28:34,574 - sovereign.llama_cpp.lifecycle - INFO - Loading deployment 'Llama-3.2-3B-Instruct' with command: C:\Users\Dell\AppData\Local\Microsoft\WinGet\Packages\ggml.llamacpp_Microsoft.Winget.Source_8wekyb3d8bbwe\llama-server.exe -m C:\Users\Dell\.cache\huggingface\hub\models--bartowski--Llama-3.2-3B-Instruct-GGUF\snapshots\5ab33fa94d1d04e903623ae72c95d1696f09f9e8\Llama-3.2-3B-Instruct-Q4_K_M.gguf --port 8080 --host 127.0.0.1 -c 8192 -ngl 20
2026-09-16 15:28:41,234 - sovereign.llama_cpp.lifecycle - INFO - Deployment 'Llama-3.2-3B-Instruct' loaded successfully and is ready.
2026-09-16 15:28:41,301 - httpx2 - INFO - HTTP Request: POST http://testserver/api/v1/tasks/task-50eddc09/run "HTTP/1.1 200 OK"
2026-09-16 15:28:42,310 - httpx2 - INFO - HTTP Request: GET http://testserver/api/v1/tasks/task-50eddc09 "HTTP/1.1 200 OK"
2026-09-16 15:28:42,324 - httpx2 - INFO - HTTP Request: GET http://testserver/api/v1/tasks/task-50eddc09/artifacts "HTTP/1.1 200 OK"
2026-09-16 15:28:42,333 - httpx2 - INFO - HTTP Request: GET http://testserver/api/v1/artifacts/art-e16957f5 "HTTP/1.1 200 OK"
2026-09-16 15:28:43,230 - httpx2 - INFO - HTTP Request: POST http://testserver/api/v1/knowledge/documents "HTTP/1.1 400 Bad Request"
2026-09-16 15:28:43,247 - httpx2 - INFO - HTTP Request: POST http://testserver/api/v1/knowledge/documents "HTTP/1.1 200 OK"
2026-09-16 15:28:43,609 - asyncio - DEBUG - Using proactor: IocpProactor
2026-09-16 15:28:43,618 - multipart.multipart - DEBUG - Calling on_part_begin with no data
2026-09-16 15:28:43,619 - multipart.multipart - DEBUG - Calling on_header_field with data[36:55]
2026-09-16 15:28:43,619 - multipart.multipart - DEBUG - Calling on_header_value with data[57:106]
2026-09-16 15:28:43,619 - multipart.multipart - DEBUG - Calling on_header_end with no data
2026-09-16 15:28:43,620 - multipart.multipart - DEBUG - Calling on_header_field with data[108:120]
2026-09-16 15:28:43,620 - multipart.multipart - DEBUG - Calling on_header_value with data[122:131]
2026-09-16 15:28:43,620 - multipart.multipart - DEBUG - Calling on_header_end with no data
2026-09-16 15:28:43,620 - multipart.multipart - DEBUG - Calling on_headers_finished with no data
2026-09-16 15:28:43,621 - multipart.multipart - DEBUG - Calling on_part_data with data[135:153]
2026-09-16 15:28:43,621 - multipart.multipart - DEBUG - Calling on_part_end with no data
2026-09-16 15:28:43,621 - multipart.multipart - DEBUG - Calling on_end with no data
2026-09-16 15:28:43,638 - httpx2 - INFO - HTTP Request: POST http://testserver/api/v1/knowledge/documents "HTTP/1.1 403 Forbidden"
2026-09-16 15:28:43,763 - sovereign.llama_cpp.lifecycle - INFO - Loading deployment 'Model1' with command: C:\Users\Dell\AppData\Local\Microsoft\WinGet\Packages\ggml.llamacpp_Microsoft.Winget.Source_8wekyb3d8bbwe\llama-server.exe -m C:\Users\Dell\AppData\Local\Temp\pytest-of-Dell\pytest-16\test_llama_cpp_adapter_and_lif0\model1.gguf --port 8080 --host 127.0.0.1 -c 2048 -ngl 10
2026-09-16 15:28:43,763 - sovereign.llama_cpp.lifecycle - INFO - Deployment 'Model1' loaded successfully and is ready.
2026-09-16 15:28:43,764 - sovereign.llama_cpp.lifecycle - INFO - Switching deployment to 'Model2'...
2026-09-16 15:28:43,764 - sovereign.llama_cpp.lifecycle - INFO - Stopping active llama-server deployment...
2026-09-16 15:28:43,764 - sovereign.llama_cpp.lifecycle - INFO - llama-server stopped.
2026-09-16 15:28:43,764 - sovereign.llama_cpp.lifecycle - INFO - Loading deployment 'Model2' with command: C:\Users\Dell\AppData\Local\Microsoft\WinGet\Packages\ggml.llamacpp_Microsoft.Winget.Source_8wekyb3d8bbwe\llama-server.exe -m C:\Users\Dell\AppData\Local\Temp\pytest-of-Dell\pytest-16\test_llama_cpp_adapter_and_lif0\model2.gguf --port 8081 --host 127.0.0.1 -c 4096 -ngl 20
2026-09-16 15:28:43,764 - sovereign.llama_cpp.lifecycle - INFO - Deployment 'Model2' loaded successfully and is ready.
2026-09-16 15:28:43,765 - sovereign.llama_cpp.lifecycle - INFO - Stopping active llama-server deployment...
2026-09-16 15:28:43,765 - sovereign.llama_cpp.lifecycle - INFO - llama-server stopped.
2026-09-16 15:28:48,268 - asyncio - DEBUG - Using proactor: IocpProactor
2026-09-16 15:28:48,273 - httpx2 - INFO - HTTP Request: GET http://testserver/api/v1/qualifications/passports "HTTP/1.1 200 OK"
2026-09-16 15:28:48,293 - asyncio - DEBUG - Using proactor: IocpProactor
2026-09-16 15:28:48,333 - httpx2 - INFO - HTTP Request: POST http://testserver/api/v1/tasks "HTTP/1.1 200 OK"
2026-09-16 15:28:48,335 - asyncio - DEBUG - Using proactor: IocpProactor
2026-09-16 15:28:48,341 - httpx2 - INFO - HTTP Request: GET http://testserver/api/v1/tasks/task-7fa0e843 "HTTP/1.1 200 OK"
2026-09-16 15:28:48,345 - asyncio - DEBUG - Using proactor: IocpProactor
2026-09-16 15:28:48,363 - httpx2 - INFO - HTTP Request: POST http://testserver/api/v1/tasks "HTTP/1.1 400 Bad Request"
2026-09-16 15:28:48,368 - asyncio - DEBUG - Using proactor: IocpProactor
2026-09-16 15:28:48,386 - httpx2 - INFO - HTTP Request: POST http://testserver/api/v1/tasks "HTTP/1.1 200 OK"
2026-09-16 15:28:48,874 - sovereign.llama_cpp.lifecycle - INFO - Loading deployment 'test-model' with command: mock-server.exe -m /fake/model.gguf --port 8080 --host 127.0.0.1 -c 8192 -ngl 20
2026-09-16 15:28:48,875 - sovereign.llama_cpp.lifecycle - INFO - Deployment 'test-model' loaded successfully and is ready.
2026-09-16 15:28:48,876 - sovereign.llama_cpp.lifecycle - INFO - Stopping active llama-server deployment...
2026-09-16 15:28:48,876 - sovereign.llama_cpp.lifecycle - INFO - llama-server stopped.
2026-09-16 15:28:48,876 - sovereign.llama_cpp.lifecycle - INFO - Loading deployment 'test-vision-model' with command: mock-server.exe -m /fake/model.gguf --port 8080 --host 127.0.0.1 -c 8192 -ngl 20 --mmproj /fake/projector.gguf
2026-09-16 15:28:48,877 - sovereign.llama_cpp.lifecycle - INFO - Deployment 'test-vision-model' loaded successfully and is ready.
2026-09-16 15:28:48,909 - PIL.PngImagePlugin - DEBUG - STREAM b'IHDR' 16 13
2026-09-16 15:28:48,909 - PIL.PngImagePlugin - DEBUG - STREAM b'IDAT' 41 13308
2026-09-16 15:28:52,103 - PIL.PngImagePlugin - DEBUG - STREAM b'IHDR' 16 13
2026-09-16 15:28:52,103 - PIL.PngImagePlugin - DEBUG - STREAM b'IDAT' 41 14549
2026-09-16 15:28:55,206 - PIL.PngImagePlugin - DEBUG - STREAM b'IHDR' 16 13
2026-09-16 15:28:55,207 - PIL.PngImagePlugin - DEBUG - STREAM b'IDAT' 41 10362
2026-09-16 15:28:58,148 - PIL.PngImagePlugin - DEBUG - STREAM b'IHDR' 16 13
2026-09-16 15:28:58,149 - PIL.PngImagePlugin - DEBUG - STREAM b'IDAT' 41 6438
2026-09-16 15:28:58,172 - pypdf._reader - WARNING - EOF marker not found
2026-09-16 15:32:48,258 - httpx2 - INFO - HTTP Request: GET http://testserver/api/v1/health "HTTP/1.1 200 OK"
2026-09-16 15:32:48,302 - httpx2 - INFO - HTTP Request: POST http://testserver/api/v1/tasks "HTTP/1.1 200 OK"
2026-09-16 15:32:48,309 - httpx2 - INFO - HTTP Request: GET http://testserver/api/v1/tasks/task-4f789a16 "HTTP/1.1 200 OK"
2026-09-16 15:32:48,327 - httpx2 - INFO - HTTP Request: POST http://testserver/api/v1/tasks "HTTP/1.1 422 Unprocessable Entity"
2026-09-16 15:32:48,348 - httpx2 - INFO - HTTP Request: GET http://testserver/api/v1/tasks/task-notexist "HTTP/1.1 404 Not Found"
2026-09-16 15:32:48,378 - httpx2 - INFO - HTTP Request: POST http://testserver/api/v1/tasks/task-8f7c8bef/run "HTTP/1.1 400 Bad Request"
2026-09-16 15:32:48,393 - httpx2 - INFO - HTTP Request: POST http://testserver/api/v1/tasks/task-8f7c8bef/run "HTTP/1.1 400 Bad Request"
2026-09-16 15:32:48,408 - httpx2 - INFO - HTTP Request: POST http://testserver/api/v1/tasks/task-8f7c8bef/run "HTTP/1.1 400 Bad Request"
2026-09-16 15:32:48,434 - httpx2 - INFO - HTTP Request: POST http://testserver/api/v1/tasks/task-8f7c8bef/run "HTTP/1.1 400 Bad Request"
2026-09-16 15:32:48,438 - httpx2 - INFO - HTTP Request: POST http://testserver/api/v1/tasks/task-notexist/run "HTTP/1.1 404 Not Found"
2026-09-16 15:32:48,473 - httpx2 - INFO - HTTP Request: POST http://testserver/api/v1/tasks/task-8cb67ad2/run "HTTP/1.1 200 OK"
2026-09-16 15:32:48,478 - httpx2 - INFO - HTTP Request: POST http://testserver/api/v1/tasks/task-8cb67ad2/run "HTTP/1.1 409 Conflict"
2026-09-16 15:32:48,647 - httpx2 - INFO - HTTP Request: POST http://testserver/api/v1/knowledge/documents "HTTP/1.1 400 Bad Request"
2026-09-16 15:32:48,669 - httpx2 - INFO - HTTP Request: POST http://testserver/api/v1/knowledge/documents "HTTP/1.1 413 Request Entity Too Large"
2026-09-16 15:32:48,692 - httpx2 - INFO - HTTP Request: GET http://testserver/api/v1/tasks/task-abc/artifacts "HTTP/1.1 200 OK"
2026-09-16 15:32:48,700 - httpx2 - INFO - HTTP Request: GET http://testserver/api/v1/artifacts/art-123 "HTTP/1.1 200 OK"
2026-09-16 15:32:48,704 - httpx2 - INFO - HTTP Request: GET http://testserver/api/v1/artifacts/art-notexist "HTTP/1.1 404 Not Found"
2026-09-16 15:32:48,728 - httpx2 - INFO - HTTP Request: GET http://testserver/api/v1/artifacts/art-hack "HTTP/1.1 404 Not Found"
2026-09-16 15:32:49,324 - httpx2 - INFO - HTTP Request: POST http://testserver/api/v1/tasks "HTTP/1.1 200 OK"
2026-09-16 15:32:49,362 - httpx2 - INFO - HTTP Request: POST http://testserver/api/v1/knowledge/documents "HTTP/1.1 200 OK"
2026-09-16 15:32:49,384 - sovereign.llama_cpp.lifecycle - INFO - Switching deployment to 'Llama-3.2-3B-Instruct'...
2026-09-16 15:32:49,385 - sovereign.llama_cpp.lifecycle - INFO - Loading deployment 'Llama-3.2-3B-Instruct' with command: C:\Users\Dell\AppData\Local\Microsoft\WinGet\Packages\ggml.llamacpp_Microsoft.Winget.Source_8wekyb3d8bbwe\llama-server.exe -m C:\Users\Dell\.cache\huggingface\hub\models--bartowski--Llama-3.2-3B-Instruct-GGUF\snapshots\5ab33fa94d1d04e903623ae72c95d1696f09f9e8\Llama-3.2-3B-Instruct-Q4_K_M.gguf --port 8080 --host 127.0.0.1 -c 8192 -ngl 20
2026-09-16 15:32:55,049 - sovereign.llama_cpp.lifecycle - INFO - Deployment 'Llama-3.2-3B-Instruct' loaded successfully and is ready.
2026-09-16 15:32:55,167 - httpx2 - INFO - HTTP Request: POST http://testserver/api/v1/tasks/task-49ef78d2/run "HTTP/1.1 200 OK"
2026-09-16 15:32:56,173 - httpx2 - INFO - HTTP Request: GET http://testserver/api/v1/tasks/task-49ef78d2 "HTTP/1.1 200 OK"
2026-09-16 15:32:56,185 - httpx2 - INFO - HTTP Request: GET http://testserver/api/v1/tasks/task-49ef78d2/artifacts "HTTP/1.1 200 OK"
2026-09-16 15:32:56,190 - httpx2 - INFO - HTTP Request: GET http://testserver/api/v1/artifacts/art-2293e33f "HTTP/1.1 200 OK"
2026-09-16 15:32:56,198 - httpx2 - INFO - HTTP Request: GET http://testserver/api/v1/artifacts/art-c97b3146 "HTTP/1.1 200 OK"
2026-09-16 15:32:57,303 - httpx2 - INFO - HTTP Request: POST http://testserver/api/v1/knowledge/documents "HTTP/1.1 400 Bad Request"
2026-09-16 15:32:57,320 - httpx2 - INFO - HTTP Request: POST http://testserver/api/v1/knowledge/documents "HTTP/1.1 200 OK"
2026-09-16 15:32:57,683 - asyncio - DEBUG - Using proactor: IocpProactor
2026-09-16 15:32:57,696 - multipart.multipart - DEBUG - Calling on_part_begin with no data
2026-09-16 15:32:57,696 - multipart.multipart - DEBUG - Calling on_header_field with data[36:55]
2026-09-16 15:32:57,696 - multipart.multipart - DEBUG - Calling on_header_value with data[57:106]
2026-09-16 15:32:57,697 - multipart.multipart - DEBUG - Calling on_header_end with no data
2026-09-16 15:32:57,697 - multipart.multipart - DEBUG - Calling on_header_field with data[108:120]
2026-09-16 15:32:57,697 - multipart.multipart - DEBUG - Calling on_header_value with data[122:131]
2026-09-16 15:32:57,697 - multipart.multipart - DEBUG - Calling on_header_end with no data
2026-09-16 15:32:57,698 - multipart.multipart - DEBUG - Calling on_headers_finished with no data
2026-09-16 15:32:57,698 - multipart.multipart - DEBUG - Calling on_part_data with data[135:153]
2026-09-16 15:32:57,698 - multipart.multipart - DEBUG - Calling on_part_end with no data
2026-09-16 15:32:57,699 - multipart.multipart - DEBUG - Calling on_end with no data
2026-09-16 15:32:57,712 - httpx2 - INFO - HTTP Request: POST http://testserver/api/v1/knowledge/documents "HTTP/1.1 403 Forbidden"
2026-09-16 15:32:57,842 - sovereign.llama_cpp.lifecycle - INFO - Loading deployment 'Model1' with command: C:\Users\Dell\AppData\Local\Microsoft\WinGet\Packages\ggml.llamacpp_Microsoft.Winget.Source_8wekyb3d8bbwe\llama-server.exe -m C:\Users\Dell\AppData\Local\Temp\pytest-of-Dell\pytest-17\test_llama_cpp_adapter_and_lif0\model1.gguf --port 8080 --host 127.0.0.1 -c 2048 -ngl 10
2026-09-16 15:32:57,843 - sovereign.llama_cpp.lifecycle - INFO - Deployment 'Model1' loaded successfully and is ready.
2026-09-16 15:32:57,843 - sovereign.llama_cpp.lifecycle - INFO - Switching deployment to 'Model2'...
2026-09-16 15:32:57,844 - sovereign.llama_cpp.lifecycle - INFO - Stopping active llama-server deployment...
2026-09-16 15:32:57,844 - sovereign.llama_cpp.lifecycle - INFO - llama-server stopped.
2026-09-16 15:32:57,844 - sovereign.llama_cpp.lifecycle - INFO - Loading deployment 'Model2' with command: C:\Users\Dell\AppData\Local\Microsoft\WinGet\Packages\ggml.llamacpp_Microsoft.Winget.Source_8wekyb3d8bbwe\llama-server.exe -m C:\Users\Dell\AppData\Local\Temp\pytest-of-Dell\pytest-17\test_llama_cpp_adapter_and_lif0\model2.gguf --port 8081 --host 127.0.0.1 -c 4096 -ngl 20
2026-09-16 15:32:57,844 - sovereign.llama_cpp.lifecycle - INFO - Deployment 'Model2' loaded successfully and is ready.
2026-09-16 15:32:57,845 - sovereign.llama_cpp.lifecycle - INFO - Stopping active llama-server deployment...
2026-09-16 15:32:57,845 - sovereign.llama_cpp.lifecycle - INFO - llama-server stopped.
2026-09-16 15:33:02,338 - asyncio - DEBUG - Using proactor: IocpProactor
2026-09-16 15:33:02,345 - httpx2 - INFO - HTTP Request: GET http://testserver/api/v1/qualifications/passports "HTTP/1.1 200 OK"
2026-09-16 15:33:02,359 - asyncio - DEBUG - Using proactor: IocpProactor
2026-09-16 15:33:02,394 - httpx2 - INFO - HTTP Request: POST http://testserver/api/v1/tasks "HTTP/1.1 200 OK"
2026-09-16 15:33:02,397 - asyncio - DEBUG - Using proactor: IocpProactor
2026-09-16 15:33:02,404 - httpx2 - INFO - HTTP Request: GET http://testserver/api/v1/tasks/task-89039929 "HTTP/1.1 200 OK"
2026-09-16 15:33:02,408 - asyncio - DEBUG - Using proactor: IocpProactor
2026-09-16 15:33:02,422 - httpx2 - INFO - HTTP Request: POST http://testserver/api/v1/tasks "HTTP/1.1 400 Bad Request"
2026-09-16 15:33:02,425 - asyncio - DEBUG - Using proactor: IocpProactor
2026-09-16 15:33:02,441 - httpx2 - INFO - HTTP Request: POST http://testserver/api/v1/tasks "HTTP/1.1 200 OK"
2026-09-16 15:33:02,885 - sovereign.llama_cpp.lifecycle - INFO - Loading deployment 'test-model' with command: mock-server.exe -m /fake/model.gguf --port 8080 --host 127.0.0.1 -c 8192 -ngl 20
2026-09-16 15:33:02,885 - sovereign.llama_cpp.lifecycle - INFO - Deployment 'test-model' loaded successfully and is ready.
2026-09-16 15:33:02,886 - sovereign.llama_cpp.lifecycle - INFO - Stopping active llama-server deployment...
2026-09-16 15:33:02,886 - sovereign.llama_cpp.lifecycle - INFO - llama-server stopped.
2026-09-16 15:33:02,887 - sovereign.llama_cpp.lifecycle - INFO - Loading deployment 'test-vision-model' with command: mock-server.exe -m /fake/model.gguf --port 8080 --host 127.0.0.1 -c 8192 -ngl 20 --mmproj /fake/projector.gguf
2026-09-16 15:33:02,887 - sovereign.llama_cpp.lifecycle - INFO - Deployment 'test-vision-model' loaded successfully and is ready.
2026-09-16 15:33:02,966 - PIL.PngImagePlugin - DEBUG - STREAM b'IHDR' 16 13
2026-09-16 15:33:02,966 - PIL.PngImagePlugin - DEBUG - STREAM b'IDAT' 41 13308
2026-09-16 15:33:06,689 - PIL.PngImagePlugin - DEBUG - STREAM b'IHDR' 16 13
2026-09-16 15:33:06,689 - PIL.PngImagePlugin - DEBUG - STREAM b'IDAT' 41 14549
2026-09-16 15:33:10,259 - PIL.PngImagePlugin - DEBUG - STREAM b'IHDR' 16 13
2026-09-16 15:33:10,261 - PIL.PngImagePlugin - DEBUG - STREAM b'IDAT' 41 10362
2026-09-16 15:33:13,623 - PIL.PngImagePlugin - DEBUG - STREAM b'IHDR' 16 13
2026-09-16 15:33:13,623 - PIL.PngImagePlugin - DEBUG - STREAM b'IDAT' 41 6438
2026-09-16 15:33:13,652 - pypdf._reader - WARNING - EOF marker not found
2026-09-16 15:33:44,746 - sovereign.llama_cpp.lifecycle - INFO - Switching deployment to 'Llama-3.2-3B-Instruct'...
2026-09-16 15:33:44,747 - sovereign.llama_cpp.lifecycle - INFO - Loading deployment 'Llama-3.2-3B-Instruct' with command: C:\Users\Dell\AppData\Local\Microsoft\WinGet\Packages\ggml.llamacpp_Microsoft.Winget.Source_8wekyb3d8bbwe\llama-server.exe -m C:\Users\Dell\.cache\huggingface\hub\models--bartowski--Llama-3.2-3B-Instruct-GGUF\snapshots\5ab33fa94d1d04e903623ae72c95d1696f09f9e8\Llama-3.2-3B-Instruct-Q4_K_M.gguf --port 8080 --host 127.0.0.1 -c 8192 -ngl 20
2026-09-16 15:33:49,931 - sovereign.llama_cpp.lifecycle - INFO - Deployment 'Llama-3.2-3B-Instruct' loaded successfully and is ready.
2026-09-16 15:41:06,062 - sovereign.llama_cpp.lifecycle - INFO - Switching deployment to 'Llama-3.2-3B-Instruct'...
2026-09-16 15:41:06,062 - sovereign.llama_cpp.lifecycle - INFO - Loading deployment 'Llama-3.2-3B-Instruct' with command: C:\Users\Dell\AppData\Local\Microsoft\WinGet\Packages\ggml.llamacpp_Microsoft.Winget.Source_8wekyb3d8bbwe\llama-server.exe -m C:\Users\Dell\.cache\huggingface\hub\models--bartowski--Llama-3.2-3B-Instruct-GGUF\snapshots\5ab33fa94d1d04e903623ae72c95d1696f09f9e8\Llama-3.2-3B-Instruct-Q4_K_M.gguf --port 8080 --host 127.0.0.1 -c 8192 -ngl 20
2026-09-16 15:41:11,222 - sovereign.llama_cpp.lifecycle - INFO - Deployment 'Llama-3.2-3B-Instruct' loaded successfully and is ready.
2026-09-16 15:41:26,441 - sovereign.llama_cpp.lifecycle - INFO - Stopping active llama-server deployment...
2026-09-16 15:41:27,001 - sovereign.llama_cpp.lifecycle - INFO - llama-server stopped.
2026-09-16 15:41:41,987 - sovereign.llama_cpp.lifecycle - INFO - Switching deployment to 'Llama-3.2-3B-Instruct'...
2026-09-16 15:41:41,988 - sovereign.llama_cpp.lifecycle - INFO - Loading deployment 'Llama-3.2-3B-Instruct' with command: C:\Users\Dell\AppData\Local\Microsoft\WinGet\Packages\ggml.llamacpp_Microsoft.Winget.Source_8wekyb3d8bbwe\llama-server.exe -m C:\Users\Dell\.cache\huggingface\hub\models--bartowski--Llama-3.2-3B-Instruct-GGUF\snapshots\5ab33fa94d1d04e903623ae72c95d1696f09f9e8\Llama-3.2-3B-Instruct-Q4_K_M.gguf --port 8080 --host 127.0.0.1 -c 8192 -ngl 20
2026-09-16 15:41:47,135 - sovereign.llama_cpp.lifecycle - INFO - Deployment 'Llama-3.2-3B-Instruct' loaded successfully and is ready.
2026-09-16 15:41:54,839 - sovereign.llama_cpp.lifecycle - INFO - Stopping active llama-server deployment...
2026-09-16 15:41:55,333 - sovereign.llama_cpp.lifecycle - INFO - llama-server stopped.
2026-09-16 15:42:12,048 - sovereign.llama_cpp.lifecycle - INFO - Switching deployment to 'Llama-3.2-3B-Instruct'...
2026-09-16 15:42:12,049 - sovereign.llama_cpp.lifecycle - INFO - Loading deployment 'Llama-3.2-3B-Instruct' with command: C:\Users\Dell\AppData\Local\Microsoft\WinGet\Packages\ggml.llamacpp_Microsoft.Winget.Source_8wekyb3d8bbwe\llama-server.exe -m C:\Users\Dell\.cache\huggingface\hub\models--bartowski--Llama-3.2-3B-Instruct-GGUF\snapshots\5ab33fa94d1d04e903623ae72c95d1696f09f9e8\Llama-3.2-3B-Instruct-Q4_K_M.gguf --port 8080 --host 127.0.0.1 -c 8192 -ngl 20
2026-09-16 15:42:17,207 - sovereign.llama_cpp.lifecycle - INFO - Deployment 'Llama-3.2-3B-Instruct' loaded successfully and is ready.
2026-09-16 15:42:28,699 - sovereign.llama_cpp.lifecycle - INFO - Stopping active llama-server deployment...
2026-09-16 15:42:29,242 - sovereign.llama_cpp.lifecycle - INFO - llama-server stopped.
2026-09-16 15:43:03,948 - sovereign.llama_cpp.lifecycle - INFO - Switching deployment to 'Llama-3.2-3B-Instruct'...
2026-09-16 15:43:03,949 - sovereign.llama_cpp.lifecycle - INFO - Loading deployment 'Llama-3.2-3B-Instruct' with command: C:\Users\Dell\AppData\Local\Microsoft\WinGet\Packages\ggml.llamacpp_Microsoft.Winget.Source_8wekyb3d8bbwe\llama-server.exe -m C:\Users\Dell\.cache\huggingface\hub\models--bartowski--Llama-3.2-3B-Instruct-GGUF\snapshots\5ab33fa94d1d04e903623ae72c95d1696f09f9e8\Llama-3.2-3B-Instruct-Q4_K_M.gguf --port 8080 --host 127.0.0.1 -c 8192 -ngl 20
2026-09-16 15:43:08,561 - sovereign.llama_cpp.lifecycle - INFO - Deployment 'Llama-3.2-3B-Instruct' loaded successfully and is ready.
2026-09-16 15:45:56,313 - httpx2 - INFO - HTTP Request: GET http://testserver/api/v1/health "HTTP/1.1 200 OK"
2026-09-16 15:45:56,389 - httpx2 - INFO - HTTP Request: POST http://testserver/api/v1/tasks "HTTP/1.1 200 OK"
2026-09-16 15:45:56,406 - httpx2 - INFO - HTTP Request: GET http://testserver/api/v1/tasks/task-34c6bd8d "HTTP/1.1 200 OK"
2026-09-16 15:45:56,468 - httpx2 - INFO - HTTP Request: POST http://testserver/api/v1/tasks "HTTP/1.1 422 Unprocessable Entity"
2026-09-16 15:45:56,526 - httpx2 - INFO - HTTP Request: GET http://testserver/api/v1/tasks/task-notexist "HTTP/1.1 404 Not Found"
2026-09-16 15:45:56,671 - httpx2 - INFO - HTTP Request: POST http://testserver/api/v1/tasks/task-bc4ef132/run "HTTP/1.1 400 Bad Request"
2026-09-16 15:45:56,689 - httpx2 - INFO - HTTP Request: POST http://testserver/api/v1/tasks/task-bc4ef132/run "HTTP/1.1 400 Bad Request"
2026-09-16 15:45:56,714 - httpx2 - INFO - HTTP Request: POST http://testserver/api/v1/tasks/task-bc4ef132/run "HTTP/1.1 400 Bad Request"
2026-09-16 15:45:56,720 - httpx2 - INFO - HTTP Request: POST http://testserver/api/v1/tasks/task-bc4ef132/run "HTTP/1.1 400 Bad Request"
2026-09-16 15:45:56,720 - httpx2 - INFO - HTTP Request: POST http://testserver/api/v1/tasks/task-notexist/run "HTTP/1.1 404 Not Found"
2026-09-16 15:45:56,770 - httpx2 - INFO - HTTP Request: POST http://testserver/api/v1/tasks/task-334d0b4c/run "HTTP/1.1 200 OK"
2026-09-16 15:45:56,787 - httpx2 - INFO - HTTP Request: POST http://testserver/api/v1/tasks/task-334d0b4c/run "HTTP/1.1 409 Conflict"
2026-09-16 15:45:57,044 - httpx2 - INFO - HTTP Request: POST http://testserver/api/v1/knowledge/documents "HTTP/1.1 400 Bad Request"
2026-09-16 15:45:57,109 - httpx2 - INFO - HTTP Request: POST http://testserver/api/v1/knowledge/documents "HTTP/1.1 413 Request Entity Too Large"
2026-09-16 15:45:57,158 - httpx2 - INFO - HTTP Request: GET http://testserver/api/v1/tasks/task-abc/artifacts "HTTP/1.1 200 OK"
2026-09-16 15:45:57,176 - httpx2 - INFO - HTTP Request: GET http://testserver/api/v1/artifacts/art-123 "HTTP/1.1 200 OK"
2026-09-16 15:45:57,196 - httpx2 - INFO - HTTP Request: GET http://testserver/api/v1/artifacts/art-notexist "HTTP/1.1 404 Not Found"
2026-09-16 15:45:57,258 - httpx2 - INFO - HTTP Request: GET http://testserver/api/v1/artifacts/art-hack "HTTP/1.1 404 Not Found"
2026-09-16 15:45:58,020 - httpx2 - INFO - HTTP Request: POST http://testserver/api/v1/tasks "HTTP/1.1 200 OK"
2026-09-16 15:45:58,053 - httpx2 - INFO - HTTP Request: POST http://testserver/api/v1/knowledge/documents "HTTP/1.1 200 OK"
2026-09-16 15:45:58,072 - sovereign.llama_cpp.lifecycle - INFO - Switching deployment to 'Llama-3.2-3B-Instruct'...
2026-09-16 15:45:58,072 - sovereign.llama_cpp.lifecycle - INFO - Loading deployment 'Llama-3.2-3B-Instruct' with command: C:\Users\Dell\AppData\Local\Microsoft\WinGet\Packages\ggml.llamacpp_Microsoft.Winget.Source_8wekyb3d8bbwe\llama-server.exe -m C:\Users\Dell\.cache\huggingface\hub\models--bartowski--Llama-3.2-3B-Instruct-GGUF\snapshots\5ab33fa94d1d04e903623ae72c95d1696f09f9e8\Llama-3.2-3B-Instruct-Q4_K_M.gguf --port 8080 --host 127.0.0.1 -c 8192 -ngl 20
2026-09-16 15:46:03,211 - sovereign.llama_cpp.lifecycle - INFO - Deployment 'Llama-3.2-3B-Instruct' loaded successfully and is ready.
2026-09-16 15:46:03,322 - httpx2 - INFO - HTTP Request: POST http://testserver/api/v1/tasks/task-ccda2c68/run "HTTP/1.1 200 OK"
2026-09-16 15:46:04,327 - httpx2 - INFO - HTTP Request: GET http://testserver/api/v1/tasks/task-ccda2c68 "HTTP/1.1 200 OK"
2026-09-16 15:46:04,338 - httpx2 - INFO - HTTP Request: GET http://testserver/api/v1/tasks/task-ccda2c68/artifacts "HTTP/1.1 200 OK"
2026-09-16 15:46:04,344 - httpx2 - INFO - HTTP Request: GET http://testserver/api/v1/artifacts/art-f0529144 "HTTP/1.1 200 OK"
2026-09-16 15:46:04,344 - httpx2 - INFO - HTTP Request: GET http://testserver/api/v1/artifacts/art-f12a6020 "HTTP/1.1 200 OK"
2026-09-16 15:46:05,326 - httpx2 - INFO - HTTP Request: POST http://testserver/api/v1/knowledge/documents "HTTP/1.1 400 Bad Request"
2026-09-16 15:46:05,340 - httpx2 - INFO - HTTP Request: POST http://testserver/api/v1/knowledge/documents "HTTP/1.1 200 OK"
2026-09-16 15:46:05,691 - asyncio - DEBUG - Using proactor: IocpProactor
2026-09-16 15:46:05,701 - multipart.multipart - DEBUG - Calling on_part_begin with no data
2026-09-16 15:46:05,702 - multipart.multipart - DEBUG - Calling on_header_field with data[36:55]
2026-09-16 15:46:05,702 - multipart.multipart - DEBUG - Calling on_header_value with data[57:106]
2026-09-16 15:46:05,702 - multipart.multipart - DEBUG - Calling on_header_end with no data
2026-09-16 15:46:05,702 - multipart.multipart - DEBUG - Calling on_header_field with data[108:120]
2026-09-16 15:46:05,702 - multipart.multipart - DEBUG - Calling on_header_value with data[122:131]
2026-09-16 15:46:05,702 - multipart.multipart - DEBUG - Calling on_header_end with no data
2026-09-16 15:46:05,702 - multipart.multipart - DEBUG - Calling on_headers_finished with no data
2026-09-16 15:46:05,702 - multipart.multipart - DEBUG - Calling on_part_data with data[135:153]
2026-09-16 15:46:05,702 - multipart.multipart - DEBUG - Calling on_part_end with no data
2026-09-16 15:46:05,702 - multipart.multipart - DEBUG - Calling on_end with no data
2026-09-16 15:46:05,714 - httpx2 - INFO - HTTP Request: POST http://testserver/api/v1/knowledge/documents "HTTP/1.1 403 Forbidden"
2026-09-16 15:46:05,845 - sovereign.llama_cpp.lifecycle - INFO - Loading deployment 'Model1' with command: C:\Users\Dell\AppData\Local\Microsoft\WinGet\Packages\ggml.llamacpp_Microsoft.Winget.Source_8wekyb3d8bbwe\llama-server.exe -m C:\Users\Dell\AppData\Local\Temp\pytest-of-Dell\pytest-18\test_llama_cpp_adapter_and_lif0\model1.gguf --port 8080 --host 127.0.0.1 -c 2048 -ngl 10
2026-09-16 15:46:05,845 - sovereign.llama_cpp.lifecycle - INFO - Deployment 'Model1' loaded successfully and is ready.
2026-09-16 15:46:05,845 - sovereign.llama_cpp.lifecycle - INFO - Switching deployment to 'Model2'...
2026-09-16 15:46:05,846 - sovereign.llama_cpp.lifecycle - INFO - Stopping active llama-server deployment...
2026-09-16 15:46:05,846 - sovereign.llama_cpp.lifecycle - INFO - llama-server stopped.
2026-09-16 15:46:05,847 - sovereign.llama_cpp.lifecycle - INFO - Loading deployment 'Model2' with command: C:\Users\Dell\AppData\Local\Microsoft\WinGet\Packages\ggml.llamacpp_Microsoft.Winget.Source_8wekyb3d8bbwe\llama-server.exe -m C:\Users\Dell\AppData\Local\Temp\pytest-of-Dell\pytest-18\test_llama_cpp_adapter_and_lif0\model2.gguf --port 8081 --host 127.0.0.1 -c 4096 -ngl 20
2026-09-16 15:46:05,847 - sovereign.llama_cpp.lifecycle - INFO - Deployment 'Model2' loaded successfully and is ready.
2026-09-16 15:46:05,847 - sovereign.llama_cpp.lifecycle - INFO - Stopping active llama-server deployment...
2026-09-16 15:46:05,848 - sovereign.llama_cpp.lifecycle - INFO - llama-server stopped.
2026-09-16 15:46:10,591 - asyncio - DEBUG - Using proactor: IocpProactor
2026-09-16 15:46:10,591 - httpx2 - INFO - HTTP Request: GET http://testserver/api/v1/qualifications/passports "HTTP/1.1 200 OK"
2026-09-16 15:46:10,612 - asyncio - DEBUG - Using proactor: IocpProactor
2026-09-16 15:46:10,645 - httpx2 - INFO - HTTP Request: POST http://testserver/api/v1/tasks "HTTP/1.1 200 OK"
2026-09-16 15:46:10,648 - asyncio - DEBUG - Using proactor: IocpProactor
2026-09-16 15:46:10,652 - httpx2 - INFO - HTTP Request: GET http://testserver/api/v1/tasks/task-f59314f1 "HTTP/1.1 200 OK"
2026-09-16 15:46:10,657 - asyncio - DEBUG - Using proactor: IocpProactor
2026-09-16 15:46:10,669 - httpx2 - INFO - HTTP Request: POST http://testserver/api/v1/tasks "HTTP/1.1 400 Bad Request"
2026-09-16 15:46:10,673 - asyncio - DEBUG - Using proactor: IocpProactor
2026-09-16 15:46:10,691 - httpx2 - INFO - HTTP Request: POST http://testserver/api/v1/tasks "HTTP/1.1 200 OK"
2026-09-16 15:46:11,243 - sovereign.llama_cpp.lifecycle - INFO - Loading deployment 'test-model' with command: mock-server.exe -m /fake/model.gguf --port 8080 --host 127.0.0.1 -c 8192 -ngl 20
2026-09-16 15:46:11,243 - sovereign.llama_cpp.lifecycle - INFO - Deployment 'test-model' loaded successfully and is ready.
2026-09-16 15:46:11,243 - sovereign.llama_cpp.lifecycle - INFO - Stopping active llama-server deployment...
2026-09-16 15:46:11,244 - sovereign.llama_cpp.lifecycle - INFO - llama-server stopped.
2026-09-16 15:46:11,244 - sovereign.llama_cpp.lifecycle - INFO - Loading deployment 'test-vision-model' with command: mock-server.exe -m /fake/model.gguf --port 8080 --host 127.0.0.1 -c 8192 -ngl 20 --mmproj /fake/projector.gguf
2026-09-16 15:46:11,244 - sovereign.llama_cpp.lifecycle - INFO - Deployment 'test-vision-model' loaded successfully and is ready.
2026-09-16 15:46:11,286 - PIL.PngImagePlugin - DEBUG - STREAM b'IHDR' 16 13
2026-09-16 15:46:11,286 - PIL.PngImagePlugin - DEBUG - STREAM b'IDAT' 41 13308
2026-09-16 15:46:14,230 - PIL.PngImagePlugin - DEBUG - STREAM b'IHDR' 16 13
2026-09-16 15:46:14,230 - PIL.PngImagePlugin - DEBUG - STREAM b'IDAT' 41 14549
2026-09-16 15:46:16,895 - PIL.PngImagePlugin - DEBUG - STREAM b'IHDR' 16 13
2026-09-16 15:46:16,895 - PIL.PngImagePlugin - DEBUG - STREAM b'IDAT' 41 10362
2026-09-16 15:46:19,497 - PIL.PngImagePlugin - DEBUG - STREAM b'IHDR' 16 13
2026-09-16 15:46:19,498 - PIL.PngImagePlugin - DEBUG - STREAM b'IDAT' 41 6438
2026-09-16 15:46:19,525 - pypdf._reader - WARNING - EOF marker not found
2026-09-16 15:47:02,875 - httpx2 - INFO - HTTP Request: GET http://testserver/api/v1/health "HTTP/1.1 200 OK"
2026-09-16 15:47:02,923 - httpx2 - INFO - HTTP Request: POST http://testserver/api/v1/tasks "HTTP/1.1 200 OK"
2026-09-16 15:47:02,934 - httpx2 - INFO - HTTP Request: GET http://testserver/api/v1/tasks/task-4af6f558 "HTTP/1.1 200 OK"
2026-09-16 15:47:02,962 - httpx2 - INFO - HTTP Request: POST http://testserver/api/v1/tasks "HTTP/1.1 422 Unprocessable Entity"
2026-09-16 15:47:02,992 - httpx2 - INFO - HTTP Request: GET http://testserver/api/v1/tasks/task-notexist "HTTP/1.1 404 Not Found"
2026-09-16 15:47:03,037 - httpx2 - INFO - HTTP Request: POST http://testserver/api/v1/tasks/task-e3df6b50/run "HTTP/1.1 400 Bad Request"
2026-09-16 15:47:03,054 - httpx2 - INFO - HTTP Request: POST http://testserver/api/v1/tasks/task-e3df6b50/run "HTTP/1.1 400 Bad Request"
2026-09-16 15:47:03,071 - httpx2 - INFO - HTTP Request: POST http://testserver/api/v1/tasks/task-e3df6b50/run "HTTP/1.1 400 Bad Request"
2026-09-16 15:47:03,091 - httpx2 - INFO - HTTP Request: POST http://testserver/api/v1/tasks/task-e3df6b50/run "HTTP/1.1 400 Bad Request"
2026-09-16 15:47:03,096 - httpx2 - INFO - HTTP Request: POST http://testserver/api/v1/tasks/task-notexist/run "HTTP/1.1 404 Not Found"
2026-09-16 15:47:03,134 - httpx2 - INFO - HTTP Request: POST http://testserver/api/v1/tasks/task-1afba84e/run "HTTP/1.1 200 OK"
2026-09-16 15:47:03,140 - httpx2 - INFO - HTTP Request: POST http://testserver/api/v1/tasks/task-1afba84e/run "HTTP/1.1 409 Conflict"
2026-09-16 15:47:03,326 - httpx2 - INFO - HTTP Request: POST http://testserver/api/v1/knowledge/documents "HTTP/1.1 400 Bad Request"
2026-09-16 15:47:03,354 - httpx2 - INFO - HTTP Request: POST http://testserver/api/v1/knowledge/documents "HTTP/1.1 413 Request Entity Too Large"
2026-09-16 15:47:03,384 - httpx2 - INFO - HTTP Request: GET http://testserver/api/v1/tasks/task-abc/artifacts "HTTP/1.1 200 OK"
2026-09-16 15:47:03,391 - httpx2 - INFO - HTTP Request: GET http://testserver/api/v1/artifacts/art-123 "HTTP/1.1 200 OK"
2026-09-16 15:47:03,396 - httpx2 - INFO - HTTP Request: GET http://testserver/api/v1/artifacts/art-notexist "HTTP/1.1 404 Not Found"
2026-09-16 15:47:03,428 - httpx2 - INFO - HTTP Request: GET http://testserver/api/v1/artifacts/art-hack "HTTP/1.1 404 Not Found"
2026-09-16 15:47:04,119 - httpx2 - INFO - HTTP Request: POST http://testserver/api/v1/tasks "HTTP/1.1 200 OK"
2026-09-16 15:47:04,172 - httpx2 - INFO - HTTP Request: POST http://testserver/api/v1/knowledge/documents "HTTP/1.1 200 OK"
2026-09-16 15:47:04,197 - sovereign.llama_cpp.lifecycle - INFO - Switching deployment to 'Llama-3.2-3B-Instruct'...
2026-09-16 15:47:04,198 - sovereign.llama_cpp.lifecycle - INFO - Loading deployment 'Llama-3.2-3B-Instruct' with command: C:\Users\Dell\AppData\Local\Microsoft\WinGet\Packages\ggml.llamacpp_Microsoft.Winget.Source_8wekyb3d8bbwe\llama-server.exe -m C:\Users\Dell\.cache\huggingface\hub\models--bartowski--Llama-3.2-3B-Instruct-GGUF\snapshots\5ab33fa94d1d04e903623ae72c95d1696f09f9e8\Llama-3.2-3B-Instruct-Q4_K_M.gguf --port 8080 --host 127.0.0.1 -c 8192 -ngl 20
2026-09-16 15:47:09,865 - sovereign.llama_cpp.lifecycle - INFO - Deployment 'Llama-3.2-3B-Instruct' loaded successfully and is ready.
2026-09-16 15:47:09,987 - httpx2 - INFO - HTTP Request: POST http://testserver/api/v1/tasks/task-813549bb/run "HTTP/1.1 200 OK"
2026-09-16 15:47:10,995 - httpx2 - INFO - HTTP Request: GET http://testserver/api/v1/tasks/task-813549bb "HTTP/1.1 200 OK"
2026-09-16 15:47:11,005 - httpx2 - INFO - HTTP Request: GET http://testserver/api/v1/tasks/task-813549bb/artifacts "HTTP/1.1 200 OK"
2026-09-16 15:47:11,010 - httpx2 - INFO - HTTP Request: GET http://testserver/api/v1/artifacts/art-ecf04616 "HTTP/1.1 200 OK"
2026-09-16 15:47:11,015 - httpx2 - INFO - HTTP Request: GET http://testserver/api/v1/artifacts/art-65128110 "HTTP/1.1 200 OK"
2026-09-16 15:47:12,094 - httpx2 - INFO - HTTP Request: POST http://testserver/api/v1/knowledge/documents "HTTP/1.1 400 Bad Request"
2026-09-16 15:47:12,108 - httpx2 - INFO - HTTP Request: POST http://testserver/api/v1/knowledge/documents "HTTP/1.1 200 OK"
2026-09-16 15:47:12,496 - asyncio - DEBUG - Using proactor: IocpProactor
2026-09-16 15:47:12,505 - multipart.multipart - DEBUG - Calling on_part_begin with no data
2026-09-16 15:47:12,506 - multipart.multipart - DEBUG - Calling on_header_field with data[36:55]
2026-09-16 15:47:12,506 - multipart.multipart - DEBUG - Calling on_header_value with data[57:106]
2026-09-16 15:47:12,506 - multipart.multipart - DEBUG - Calling on_header_end with no data
2026-09-16 15:47:12,507 - multipart.multipart - DEBUG - Calling on_header_field with data[108:120]
2026-09-16 15:47:12,507 - multipart.multipart - DEBUG - Calling on_header_value with data[122:131]
2026-09-16 15:47:12,507 - multipart.multipart - DEBUG - Calling on_header_end with no data
2026-09-16 15:47:12,507 - multipart.multipart - DEBUG - Calling on_headers_finished with no data
2026-09-16 15:47:12,508 - multipart.multipart - DEBUG - Calling on_part_data with data[135:153]
2026-09-16 15:47:12,508 - multipart.multipart - DEBUG - Calling on_part_end with no data
2026-09-16 15:47:12,508 - multipart.multipart - DEBUG - Calling on_end with no data
2026-09-16 15:47:12,524 - httpx2 - INFO - HTTP Request: POST http://testserver/api/v1/knowledge/documents "HTTP/1.1 403 Forbidden"
2026-09-16 15:47:12,650 - sovereign.llama_cpp.lifecycle - INFO - Loading deployment 'Model1' with command: C:\Users\Dell\AppData\Local\Microsoft\WinGet\Packages\ggml.llamacpp_Microsoft.Winget.Source_8wekyb3d8bbwe\llama-server.exe -m C:\Users\Dell\AppData\Local\Temp\pytest-of-Dell\pytest-20\test_llama_cpp_adapter_and_lif0\model1.gguf --port 8080 --host 127.0.0.1 -c 2048 -ngl 10
2026-09-16 15:47:12,650 - sovereign.llama_cpp.lifecycle - INFO - Deployment 'Model1' loaded successfully and is ready.
2026-09-16 15:47:12,651 - sovereign.llama_cpp.lifecycle - INFO - Switching deployment to 'Model2'...
2026-09-16 15:47:12,652 - sovereign.llama_cpp.lifecycle - INFO - Stopping active llama-server deployment...
2026-09-16 15:47:12,652 - sovereign.llama_cpp.lifecycle - INFO - llama-server stopped.
2026-09-16 15:47:12,652 - sovereign.llama_cpp.lifecycle - INFO - Loading deployment 'Model2' with command: C:\Users\Dell\AppData\Local\Microsoft\WinGet\Packages\ggml.llamacpp_Microsoft.Winget.Source_8wekyb3d8bbwe\llama-server.exe -m C:\Users\Dell\AppData\Local\Temp\pytest-of-Dell\pytest-20\test_llama_cpp_adapter_and_lif0\model2.gguf --port 8081 --host 127.0.0.1 -c 4096 -ngl 20
2026-09-16 15:47:12,652 - sovereign.llama_cpp.lifecycle - INFO - Deployment 'Model2' loaded successfully and is ready.
2026-09-16 15:47:12,653 - sovereign.llama_cpp.lifecycle - INFO - Stopping active llama-server deployment...
2026-09-16 15:47:12,653 - sovereign.llama_cpp.lifecycle - INFO - llama-server stopped.
2026-09-16 15:47:17,144 - asyncio - DEBUG - Using proactor: IocpProactor
2026-09-16 15:47:17,150 - httpx2 - INFO - HTTP Request: GET http://testserver/api/v1/qualifications/passports "HTTP/1.1 200 OK"
2026-09-16 15:47:17,162 - asyncio - DEBUG - Using proactor: IocpProactor
2026-09-16 15:47:17,212 - httpx2 - INFO - HTTP Request: POST http://testserver/api/v1/tasks "HTTP/1.1 200 OK"
2026-09-16 15:47:17,216 - asyncio - DEBUG - Using proactor: IocpProactor
2026-09-16 15:47:17,223 - httpx2 - INFO - HTTP Request: GET http://testserver/api/v1/tasks/task-e83dd22e "HTTP/1.1 200 OK"
2026-09-16 15:47:17,227 - asyncio - DEBUG - Using proactor: IocpProactor
2026-09-16 15:47:17,242 - httpx2 - INFO - HTTP Request: POST http://testserver/api/v1/tasks "HTTP/1.1 400 Bad Request"
2026-09-16 15:47:17,245 - asyncio - DEBUG - Using proactor: IocpProactor
2026-09-16 15:47:17,259 - httpx2 - INFO - HTTP Request: POST http://testserver/api/v1/tasks "HTTP/1.1 200 OK"
2026-09-16 15:47:17,714 - sovereign.llama_cpp.lifecycle - INFO - Loading deployment 'test-model' with command: mock-server.exe -m /fake/model.gguf --port 8080 --host 127.0.0.1 -c 8192 -ngl 20
2026-09-16 15:47:17,715 - sovereign.llama_cpp.lifecycle - INFO - Deployment 'test-model' loaded successfully and is ready.
2026-09-16 15:47:17,715 - sovereign.llama_cpp.lifecycle - INFO - Stopping active llama-server deployment...
2026-09-16 15:47:17,716 - sovereign.llama_cpp.lifecycle - INFO - llama-server stopped.
2026-09-16 15:47:17,717 - sovereign.llama_cpp.lifecycle - INFO - Loading deployment 'test-vision-model' with command: mock-server.exe -m /fake/model.gguf --port 8080 --host 127.0.0.1 -c 8192 -ngl 20 --mmproj /fake/projector.gguf
2026-09-16 15:47:17,717 - sovereign.llama_cpp.lifecycle - INFO - Deployment 'test-vision-model' loaded successfully and is ready.
2026-09-16 15:47:17,749 - PIL.PngImagePlugin - DEBUG - STREAM b'IHDR' 16 13
2026-09-16 15:47:17,749 - PIL.PngImagePlugin - DEBUG - STREAM b'IDAT' 41 13308
2026-09-16 15:47:20,798 - PIL.PngImagePlugin - DEBUG - STREAM b'IHDR' 16 13
2026-09-16 15:47:20,799 - PIL.PngImagePlugin - DEBUG - STREAM b'IDAT' 41 14549
2026-09-16 15:47:23,920 - PIL.PngImagePlugin - DEBUG - STREAM b'IHDR' 16 13
2026-09-16 15:47:23,921 - PIL.PngImagePlugin - DEBUG - STREAM b'IDAT' 41 10362
2026-09-16 15:47:26,755 - PIL.PngImagePlugin - DEBUG - STREAM b'IHDR' 16 13
2026-09-16 15:47:26,755 - PIL.PngImagePlugin - DEBUG - STREAM b'IDAT' 41 6438
2026-09-16 15:47:26,778 - pypdf._reader - WARNING - EOF marker not found
2026-09-16 16:35:24,376 - httpx2 - INFO - HTTP Request: GET http://testserver/api/v1/health "HTTP/1.1 200 OK"
2026-09-16 16:35:24,428 - httpx2 - INFO - HTTP Request: POST http://testserver/api/v1/tasks "HTTP/1.1 200 OK"
2026-09-16 16:35:24,435 - httpx2 - INFO - HTTP Request: GET http://testserver/api/v1/tasks/task-536a2a94 "HTTP/1.1 200 OK"
2026-09-16 16:35:24,460 - httpx2 - INFO - HTTP Request: POST http://testserver/api/v1/tasks "HTTP/1.1 422 Unprocessable Entity"
2026-09-16 16:35:24,484 - httpx2 - INFO - HTTP Request: GET http://testserver/api/v1/tasks/task-notexist "HTTP/1.1 404 Not Found"
2026-09-16 16:35:24,518 - httpx2 - INFO - HTTP Request: POST http://testserver/api/v1/tasks/task-39d098f4/run "HTTP/1.1 400 Bad Request"
2026-09-16 16:35:24,532 - httpx2 - INFO - HTTP Request: POST http://testserver/api/v1/tasks/task-39d098f4/run "HTTP/1.1 400 Bad Request"
2026-09-16 16:35:24,547 - httpx2 - INFO - HTTP Request: POST http://testserver/api/v1/tasks/task-39d098f4/run "HTTP/1.1 400 Bad Request"
2026-09-16 16:35:24,564 - httpx2 - INFO - HTTP Request: POST http://testserver/api/v1/tasks/task-39d098f4/run "HTTP/1.1 400 Bad Request"
2026-09-16 16:35:24,568 - httpx2 - INFO - HTTP Request: POST http://testserver/api/v1/tasks/task-notexist/run "HTTP/1.1 404 Not Found"
2026-09-16 16:35:24,601 - httpx2 - INFO - HTTP Request: POST http://testserver/api/v1/tasks/task-1d4fac01/run "HTTP/1.1 200 OK"
2026-09-16 16:35:24,605 - httpx2 - INFO - HTTP Request: POST http://testserver/api/v1/tasks/task-1d4fac01/run "HTTP/1.1 409 Conflict"
2026-09-16 16:35:24,813 - httpx2 - INFO - HTTP Request: POST http://testserver/api/v1/knowledge/documents "HTTP/1.1 400 Bad Request"
2026-09-16 16:35:24,838 - httpx2 - INFO - HTTP Request: POST http://testserver/api/v1/knowledge/documents "HTTP/1.1 413 Request Entity Too Large"
2026-09-16 16:35:24,865 - httpx2 - INFO - HTTP Request: GET http://testserver/api/v1/tasks/task-abc/artifacts "HTTP/1.1 200 OK"
2026-09-16 16:35:24,871 - httpx2 - INFO - HTTP Request: GET http://testserver/api/v1/artifacts/art-123 "HTTP/1.1 200 OK"
2026-09-16 16:35:24,875 - httpx2 - INFO - HTTP Request: GET http://testserver/api/v1/artifacts/art-notexist "HTTP/1.1 404 Not Found"
2026-09-16 16:35:24,900 - httpx2 - INFO - HTTP Request: GET http://testserver/api/v1/artifacts/art-hack "HTTP/1.1 404 Not Found"
2026-09-16 16:35:25,542 - httpx2 - INFO - HTTP Request: POST http://testserver/api/v1/tasks "HTTP/1.1 200 OK"
2026-09-16 16:35:25,581 - httpx2 - INFO - HTTP Request: POST http://testserver/api/v1/knowledge/documents "HTTP/1.1 200 OK"
2026-09-16 16:35:25,598 - sovereign.llama_cpp.lifecycle - INFO - Switching deployment to 'Llama-3.2-3B-Instruct'...
2026-09-16 16:35:25,598 - sovereign.llama_cpp.lifecycle - INFO - Loading deployment 'Llama-3.2-3B-Instruct' with command: C:\Users\Dell\AppData\Local\Microsoft\WinGet\Packages\ggml.llamacpp_Microsoft.Winget.Source_8wekyb3d8bbwe\llama-server.exe -m C:\Users\Dell\.cache\huggingface\hub\models--bartowski--Llama-3.2-3B-Instruct-GGUF\snapshots\5ab33fa94d1d04e903623ae72c95d1696f09f9e8\Llama-3.2-3B-Instruct-Q4_K_M.gguf --port 8080 --host 127.0.0.1 -c 8192 -ngl 20
2026-09-16 16:35:31,784 - sovereign.llama_cpp.lifecycle - INFO - Deployment 'Llama-3.2-3B-Instruct' loaded successfully and is ready.
2026-09-16 16:35:31,890 - httpx2 - INFO - HTTP Request: POST http://testserver/api/v1/tasks/task-846ebe94/run "HTTP/1.1 200 OK"
2026-09-16 16:35:32,897 - httpx2 - INFO - HTTP Request: GET http://testserver/api/v1/tasks/task-846ebe94 "HTTP/1.1 200 OK"
2026-09-16 16:35:32,907 - httpx2 - INFO - HTTP Request: GET http://testserver/api/v1/tasks/task-846ebe94/artifacts "HTTP/1.1 200 OK"
2026-09-16 16:35:32,916 - httpx2 - INFO - HTTP Request: GET http://testserver/api/v1/artifacts/art-7ef0f94f "HTTP/1.1 200 OK"
2026-09-16 16:35:32,922 - httpx2 - INFO - HTTP Request: GET http://testserver/api/v1/artifacts/art-fa55296c "HTTP/1.1 200 OK"
2026-09-16 16:35:34,011 - httpx2 - INFO - HTTP Request: POST http://testserver/api/v1/knowledge/documents "HTTP/1.1 400 Bad Request"
2026-09-16 16:35:34,026 - httpx2 - INFO - HTTP Request: POST http://testserver/api/v1/knowledge/documents "HTTP/1.1 200 OK"
2026-09-16 16:35:34,387 - asyncio - DEBUG - Using proactor: IocpProactor
2026-09-16 16:35:34,395 - multipart.multipart - DEBUG - Calling on_part_begin with no data
2026-09-16 16:35:34,396 - multipart.multipart - DEBUG - Calling on_header_field with data[36:55]
2026-09-16 16:35:34,396 - multipart.multipart - DEBUG - Calling on_header_value with data[57:106]
2026-09-16 16:35:34,396 - multipart.multipart - DEBUG - Calling on_header_end with no data
2026-09-16 16:35:34,396 - multipart.multipart - DEBUG - Calling on_header_field with data[108:120]
2026-09-16 16:35:34,397 - multipart.multipart - DEBUG - Calling on_header_value with data[122:131]
2026-09-16 16:35:34,397 - multipart.multipart - DEBUG - Calling on_header_end with no data
2026-09-16 16:35:34,397 - multipart.multipart - DEBUG - Calling on_headers_finished with no data
2026-09-16 16:35:34,398 - multipart.multipart - DEBUG - Calling on_part_data with data[135:153]
2026-09-16 16:35:34,398 - multipart.multipart - DEBUG - Calling on_part_end with no data
2026-09-16 16:35:34,398 - multipart.multipart - DEBUG - Calling on_end with no data
2026-09-16 16:35:34,412 - httpx2 - INFO - HTTP Request: POST http://testserver/api/v1/knowledge/documents "HTTP/1.1 403 Forbidden"
2026-09-16 16:35:34,541 - sovereign.llama_cpp.lifecycle - INFO - Loading deployment 'Model1' with command: C:\Users\Dell\AppData\Local\Microsoft\WinGet\Packages\ggml.llamacpp_Microsoft.Winget.Source_8wekyb3d8bbwe\llama-server.exe -m C:\Users\Dell\AppData\Local\Temp\pytest-of-Dell\pytest-21\test_llama_cpp_adapter_and_lif0\model1.gguf --port 8080 --host 127.0.0.1 -c 2048 -ngl 10
2026-09-16 16:35:34,542 - sovereign.llama_cpp.lifecycle - INFO - Deployment 'Model1' loaded successfully and is ready.
2026-09-16 16:35:34,542 - sovereign.llama_cpp.lifecycle - INFO - Switching deployment to 'Model2'...
2026-09-16 16:35:34,543 - sovereign.llama_cpp.lifecycle - INFO - Stopping active llama-server deployment...
2026-09-16 16:35:34,543 - sovereign.llama_cpp.lifecycle - INFO - llama-server stopped.
2026-09-16 16:35:34,543 - sovereign.llama_cpp.lifecycle - INFO - Loading deployment 'Model2' with command: C:\Users\Dell\AppData\Local\Microsoft\WinGet\Packages\ggml.llamacpp_Microsoft.Winget.Source_8wekyb3d8bbwe\llama-server.exe -m C:\Users\Dell\AppData\Local\Temp\pytest-of-Dell\pytest-21\test_llama_cpp_adapter_and_lif0\model2.gguf --port 8081 --host 127.0.0.1 -c 4096 -ngl 20
2026-09-16 16:35:34,544 - sovereign.llama_cpp.lifecycle - INFO - Deployment 'Model2' loaded successfully and is ready.
2026-09-16 16:35:34,545 - sovereign.llama_cpp.lifecycle - INFO - Stopping active llama-server deployment...
2026-09-16 16:35:34,545 - sovereign.llama_cpp.lifecycle - INFO - llama-server stopped.
2026-09-16 16:35:39,070 - asyncio - DEBUG - Using proactor: IocpProactor
2026-09-16 16:35:39,076 - httpx2 - INFO - HTTP Request: GET http://testserver/api/v1/qualifications/passports "HTTP/1.1 200 OK"
2026-09-16 16:35:39,092 - asyncio - DEBUG - Using proactor: IocpProactor
2026-09-16 16:35:39,133 - httpx2 - INFO - HTTP Request: POST http://testserver/api/v1/tasks "HTTP/1.1 200 OK"
2026-09-16 16:35:39,135 - asyncio - DEBUG - Using proactor: IocpProactor
2026-09-16 16:35:39,141 - httpx2 - INFO - HTTP Request: GET http://testserver/api/v1/tasks/task-9dc32029 "HTTP/1.1 200 OK"
2026-09-16 16:35:39,145 - asyncio - DEBUG - Using proactor: IocpProactor
2026-09-16 16:35:39,166 - httpx2 - INFO - HTTP Request: POST http://testserver/api/v1/tasks "HTTP/1.1 400 Bad Request"
2026-09-16 16:35:39,169 - asyncio - DEBUG - Using proactor: IocpProactor
2026-09-16 16:35:39,186 - httpx2 - INFO - HTTP Request: POST http://testserver/api/v1/tasks "HTTP/1.1 200 OK"
2026-09-16 16:35:39,621 - sovereign.llama_cpp.lifecycle - INFO - Loading deployment 'test-model' with command: mock-server.exe -m /fake/model.gguf --port 8080 --host 127.0.0.1 -c 8192 -ngl 20
2026-09-16 16:35:39,621 - sovereign.llama_cpp.lifecycle - INFO - Deployment 'test-model' loaded successfully and is ready.
2026-09-16 16:35:39,621 - sovereign.llama_cpp.lifecycle - INFO - Stopping active llama-server deployment...
2026-09-16 16:35:39,622 - sovereign.llama_cpp.lifecycle - INFO - llama-server stopped.
2026-09-16 16:35:39,623 - sovereign.llama_cpp.lifecycle - INFO - Loading deployment 'test-vision-model' with command: mock-server.exe -m /fake/model.gguf --port 8080 --host 127.0.0.1 -c 8192 -ngl 20 --mmproj /fake/projector.gguf
2026-09-16 16:35:39,623 - sovereign.llama_cpp.lifecycle - INFO - Deployment 'test-vision-model' loaded successfully and is ready.
2026-09-16 16:35:39,664 - PIL.PngImagePlugin - DEBUG - STREAM b'IHDR' 16 13
2026-09-16 16:35:39,665 - PIL.PngImagePlugin - DEBUG - STREAM b'IDAT' 41 13308
2026-09-16 16:35:41,418 - PIL.PngImagePlugin - DEBUG - STREAM b'IHDR' 16 13
2026-09-16 16:35:41,419 - PIL.PngImagePlugin - DEBUG - STREAM b'IDAT' 41 14549
2026-09-16 16:35:42,554 - PIL.PngImagePlugin - DEBUG - STREAM b'IHDR' 16 13
2026-09-16 16:35:42,554 - PIL.PngImagePlugin - DEBUG - STREAM b'IDAT' 41 10362
2026-09-16 16:35:43,629 - PIL.PngImagePlugin - DEBUG - STREAM b'IHDR' 16 13
2026-09-16 16:35:43,629 - PIL.PngImagePlugin - DEBUG - STREAM b'IDAT' 41 6438
2026-09-16 16:35:43,651 - pypdf._reader - WARNING - EOF marker not found
2026-09-16 16:36:46,001 - httpx2 - INFO - HTTP Request: GET http://testserver/api/v1/health "HTTP/1.1 200 OK"
2026-09-16 16:36:46,048 - httpx2 - INFO - HTTP Request: POST http://testserver/api/v1/tasks "HTTP/1.1 200 OK"
2026-09-16 16:36:46,056 - httpx2 - INFO - HTTP Request: GET http://testserver/api/v1/tasks/task-8b777a44 "HTTP/1.1 200 OK"
2026-09-16 16:36:46,078 - httpx2 - INFO - HTTP Request: POST http://testserver/api/v1/tasks "HTTP/1.1 422 Unprocessable Entity"
2026-09-16 16:36:46,101 - httpx2 - INFO - HTTP Request: GET http://testserver/api/v1/tasks/task-notexist "HTTP/1.1 404 Not Found"
2026-09-16 16:36:46,136 - httpx2 - INFO - HTTP Request: POST http://testserver/api/v1/tasks/task-df356c05/run "HTTP/1.1 400 Bad Request"
2026-09-16 16:36:46,157 - httpx2 - INFO - HTTP Request: POST http://testserver/api/v1/tasks/task-df356c05/run "HTTP/1.1 400 Bad Request"
2026-09-16 16:36:46,179 - httpx2 - INFO - HTTP Request: POST http://testserver/api/v1/tasks/task-df356c05/run "HTTP/1.1 400 Bad Request"
2026-09-16 16:36:46,196 - httpx2 - INFO - HTTP Request: POST http://testserver/api/v1/tasks/task-df356c05/run "HTTP/1.1 400 Bad Request"
2026-09-16 16:36:46,200 - httpx2 - INFO - HTTP Request: POST http://testserver/api/v1/tasks/task-notexist/run "HTTP/1.1 404 Not Found"
2026-09-16 16:36:46,241 - httpx2 - INFO - HTTP Request: POST http://testserver/api/v1/tasks/task-2a45203c/run "HTTP/1.1 200 OK"
2026-09-16 16:36:46,247 - httpx2 - INFO - HTTP Request: POST http://testserver/api/v1/tasks/task-2a45203c/run "HTTP/1.1 409 Conflict"
2026-09-16 16:36:46,432 - httpx2 - INFO - HTTP Request: POST http://testserver/api/v1/knowledge/documents "HTTP/1.1 400 Bad Request"
2026-09-16 16:36:46,456 - httpx2 - INFO - HTTP Request: POST http://testserver/api/v1/knowledge/documents "HTTP/1.1 413 Request Entity Too Large"
2026-09-16 16:36:46,479 - httpx2 - INFO - HTTP Request: GET http://testserver/api/v1/tasks/task-abc/artifacts "HTTP/1.1 200 OK"
2026-09-16 16:36:46,486 - httpx2 - INFO - HTTP Request: GET http://testserver/api/v1/artifacts/art-123 "HTTP/1.1 200 OK"
2026-09-16 16:36:46,492 - httpx2 - INFO - HTTP Request: GET http://testserver/api/v1/artifacts/art-notexist "HTTP/1.1 404 Not Found"
2026-09-16 16:36:46,515 - httpx2 - INFO - HTTP Request: GET http://testserver/api/v1/artifacts/art-hack "HTTP/1.1 404 Not Found"
2026-09-16 16:36:47,174 - httpx2 - INFO - HTTP Request: POST http://testserver/api/v1/tasks "HTTP/1.1 200 OK"
2026-09-16 16:36:47,228 - httpx2 - INFO - HTTP Request: POST http://testserver/api/v1/knowledge/documents "HTTP/1.1 200 OK"
2026-09-16 16:36:47,246 - sovereign.llama_cpp.lifecycle - INFO - Switching deployment to 'Llama-3.2-3B-Instruct'...
2026-09-16 16:36:47,246 - sovereign.llama_cpp.lifecycle - INFO - Loading deployment 'Llama-3.2-3B-Instruct' with command: C:\Users\Dell\AppData\Local\Microsoft\WinGet\Packages\ggml.llamacpp_Microsoft.Winget.Source_8wekyb3d8bbwe\llama-server.exe -m C:\Users\Dell\.cache\huggingface\hub\models--bartowski--Llama-3.2-3B-Instruct-GGUF\snapshots\5ab33fa94d1d04e903623ae72c95d1696f09f9e8\Llama-3.2-3B-Instruct-Q4_K_M.gguf --port 8080 --host 127.0.0.1 -c 8192 -ngl 20
2026-09-16 16:36:52,354 - sovereign.llama_cpp.lifecycle - INFO - Deployment 'Llama-3.2-3B-Instruct' loaded successfully and is ready.
2026-09-16 16:36:52,497 - httpx2 - INFO - HTTP Request: POST http://testserver/api/v1/tasks/task-27a08d95/run "HTTP/1.1 200 OK"
2026-09-16 16:36:53,520 - httpx2 - INFO - HTTP Request: GET http://testserver/api/v1/tasks/task-27a08d95 "HTTP/1.1 200 OK"
2026-09-16 16:36:53,536 - httpx2 - INFO - HTTP Request: GET http://testserver/api/v1/tasks/task-27a08d95/artifacts "HTTP/1.1 200 OK"
2026-09-16 16:36:53,544 - httpx2 - INFO - HTTP Request: GET http://testserver/api/v1/artifacts/art-af0b79fd "HTTP/1.1 200 OK"
2026-09-16 16:36:53,549 - httpx2 - INFO - HTTP Request: GET http://testserver/api/v1/artifacts/art-5842d032 "HTTP/1.1 200 OK"
2026-09-16 16:36:54,778 - httpx2 - INFO - HTTP Request: POST http://testserver/api/v1/knowledge/documents "HTTP/1.1 400 Bad Request"
2026-09-16 16:36:54,809 - httpx2 - INFO - HTTP Request: POST http://testserver/api/v1/knowledge/documents "HTTP/1.1 200 OK"
2026-09-16 16:36:55,300 - asyncio - DEBUG - Using proactor: IocpProactor
2026-09-16 16:36:55,309 - multipart.multipart - DEBUG - Calling on_part_begin with no data
2026-09-16 16:36:55,310 - multipart.multipart - DEBUG - Calling on_header_field with data[36:55]
2026-09-16 16:36:55,310 - multipart.multipart - DEBUG - Calling on_header_value with data[57:106]
2026-09-16 16:36:55,310 - multipart.multipart - DEBUG - Calling on_header_end with no data
2026-09-16 16:36:55,310 - multipart.multipart - DEBUG - Calling on_header_field with data[108:120]
2026-09-16 16:36:55,311 - multipart.multipart - DEBUG - Calling on_header_value with data[122:131]
2026-09-16 16:36:55,311 - multipart.multipart - DEBUG - Calling on_header_end with no data
2026-09-16 16:36:55,311 - multipart.multipart - DEBUG - Calling on_headers_finished with no data
2026-09-16 16:36:55,311 - multipart.multipart - DEBUG - Calling on_part_data with data[135:153]
2026-09-16 16:36:55,312 - multipart.multipart - DEBUG - Calling on_part_end with no data
2026-09-16 16:36:55,312 - multipart.multipart - DEBUG - Calling on_end with no data
2026-09-16 16:36:55,340 - httpx2 - INFO - HTTP Request: POST http://testserver/api/v1/knowledge/documents "HTTP/1.1 403 Forbidden"
2026-09-16 16:36:55,470 - sovereign.llama_cpp.lifecycle - INFO - Loading deployment 'Model1' with command: C:\Users\Dell\AppData\Local\Microsoft\WinGet\Packages\ggml.llamacpp_Microsoft.Winget.Source_8wekyb3d8bbwe\llama-server.exe -m C:\Users\Dell\AppData\Local\Temp\pytest-of-Dell\pytest-22\test_llama_cpp_adapter_and_lif0\model1.gguf --port 8080 --host 127.0.0.1 -c 2048 -ngl 10
2026-09-16 16:36:55,470 - sovereign.llama_cpp.lifecycle - INFO - Deployment 'Model1' loaded successfully and is ready.
2026-09-16 16:36:55,471 - sovereign.llama_cpp.lifecycle - INFO - Switching deployment to 'Model2'...
2026-09-16 16:36:55,471 - sovereign.llama_cpp.lifecycle - INFO - Stopping active llama-server deployment...
2026-09-16 16:36:55,472 - sovereign.llama_cpp.lifecycle - INFO - llama-server stopped.
2026-09-16 16:36:55,472 - sovereign.llama_cpp.lifecycle - INFO - Loading deployment 'Model2' with command: C:\Users\Dell\AppData\Local\Microsoft\WinGet\Packages\ggml.llamacpp_Microsoft.Winget.Source_8wekyb3d8bbwe\llama-server.exe -m C:\Users\Dell\AppData\Local\Temp\pytest-of-Dell\pytest-22\test_llama_cpp_adapter_and_lif0\model2.gguf --port 8081 --host 127.0.0.1 -c 4096 -ngl 20
2026-09-16 16:36:55,473 - sovereign.llama_cpp.lifecycle - INFO - Deployment 'Model2' loaded successfully and is ready.
2026-09-16 16:36:55,473 - sovereign.llama_cpp.lifecycle - INFO - Stopping active llama-server deployment...
2026-09-16 16:36:55,473 - sovereign.llama_cpp.lifecycle - INFO - llama-server stopped.
2026-09-16 16:37:00,178 - asyncio - DEBUG - Using proactor: IocpProactor
2026-09-16 16:37:00,184 - httpx2 - INFO - HTTP Request: GET http://testserver/api/v1/qualifications/passports "HTTP/1.1 200 OK"
2026-09-16 16:37:00,201 - asyncio - DEBUG - Using proactor: IocpProactor
2026-09-16 16:37:00,245 - httpx2 - INFO - HTTP Request: POST http://testserver/api/v1/tasks "HTTP/1.1 200 OK"
2026-09-16 16:37:00,249 - asyncio - DEBUG - Using proactor: IocpProactor
2026-09-16 16:37:00,258 - httpx2 - INFO - HTTP Request: GET http://testserver/api/v1/tasks/task-ebccdc01 "HTTP/1.1 200 OK"
2026-09-16 16:37:00,264 - asyncio - DEBUG - Using proactor: IocpProactor
2026-09-16 16:37:00,280 - httpx2 - INFO - HTTP Request: POST http://testserver/api/v1/tasks "HTTP/1.1 400 Bad Request"
2026-09-16 16:37:00,283 - asyncio - DEBUG - Using proactor: IocpProactor
2026-09-16 16:37:00,299 - httpx2 - INFO - HTTP Request: POST http://testserver/api/v1/tasks "HTTP/1.1 200 OK"
2026-09-16 16:37:00,790 - sovereign.llama_cpp.lifecycle - INFO - Loading deployment 'test-model' with command: mock-server.exe -m /fake/model.gguf --port 8080 --host 127.0.0.1 -c 8192 -ngl 20
2026-09-16 16:37:00,790 - sovereign.llama_cpp.lifecycle - INFO - Deployment 'test-model' loaded successfully and is ready.
2026-09-16 16:37:00,791 - sovereign.llama_cpp.lifecycle - INFO - Stopping active llama-server deployment...
2026-09-16 16:37:00,791 - sovereign.llama_cpp.lifecycle - INFO - llama-server stopped.
2026-09-16 16:37:00,791 - sovereign.llama_cpp.lifecycle - INFO - Loading deployment 'test-vision-model' with command: mock-server.exe -m /fake/model.gguf --port 8080 --host 127.0.0.1 -c 8192 -ngl 20 --mmproj /fake/projector.gguf
2026-09-16 16:37:00,792 - sovereign.llama_cpp.lifecycle - INFO - Deployment 'test-vision-model' loaded successfully and is ready.
2026-09-16 16:37:00,820 - PIL.PngImagePlugin - DEBUG - STREAM b'IHDR' 16 13
2026-09-16 16:37:00,821 - PIL.PngImagePlugin - DEBUG - STREAM b'IDAT' 41 13308
2026-09-16 16:37:03,781 - PIL.PngImagePlugin - DEBUG - STREAM b'IHDR' 16 13
2026-09-16 16:37:03,782 - PIL.PngImagePlugin - DEBUG - STREAM b'IDAT' 41 14549
2026-09-16 16:37:06,723 - PIL.PngImagePlugin - DEBUG - STREAM b'IHDR' 16 13
2026-09-16 16:37:06,723 - PIL.PngImagePlugin - DEBUG - STREAM b'IDAT' 41 10362
2026-09-16 16:37:09,476 - PIL.PngImagePlugin - DEBUG - STREAM b'IHDR' 16 13
2026-09-16 16:37:09,476 - PIL.PngImagePlugin - DEBUG - STREAM b'IDAT' 41 6438
2026-09-16 16:37:09,511 - pypdf._reader - WARNING - EOF marker not found
2026-09-17 11:38:09,743 - httpx2 - INFO - HTTP Request: GET http://testserver/api/v1/health "HTTP/1.1 200 OK"
2026-09-17 11:38:09,874 - httpx2 - INFO - HTTP Request: POST http://testserver/api/v1/tasks "HTTP/1.1 200 OK"
2026-09-17 11:38:09,892 - httpx2 - INFO - HTTP Request: GET http://testserver/api/v1/tasks/task-df35e3e7 "HTTP/1.1 200 OK"
2026-09-17 11:38:09,954 - httpx2 - INFO - HTTP Request: POST http://testserver/api/v1/tasks "HTTP/1.1 422 Unprocessable Entity"
2026-09-17 11:38:10,013 - httpx2 - INFO - HTTP Request: GET http://testserver/api/v1/tasks/task-notexist "HTTP/1.1 404 Not Found"
2026-09-17 11:38:10,095 - httpx2 - INFO - HTTP Request: POST http://testserver/api/v1/tasks/task-f1ab703d/run "HTTP/1.1 400 Bad Request"
2026-09-17 11:38:10,138 - httpx2 - INFO - HTTP Request: POST http://testserver/api/v1/tasks/task-f1ab703d/run "HTTP/1.1 400 Bad Request"
2026-09-17 11:38:10,171 - httpx2 - INFO - HTTP Request: POST http://testserver/api/v1/tasks/task-f1ab703d/run "HTTP/1.1 400 Bad Request"
2026-09-17 11:38:10,203 - httpx2 - INFO - HTTP Request: POST http://testserver/api/v1/tasks/task-f1ab703d/run "HTTP/1.1 400 Bad Request"
2026-09-17 11:38:10,220 - httpx2 - INFO - HTTP Request: POST http://testserver/api/v1/tasks/task-notexist/run "HTTP/1.1 404 Not Found"
2026-09-17 11:38:10,307 - httpx2 - INFO - HTTP Request: POST http://testserver/api/v1/tasks/task-cded04d1/run "HTTP/1.1 200 OK"
2026-09-17 11:38:10,323 - httpx2 - INFO - HTTP Request: POST http://testserver/api/v1/tasks/task-cded04d1/run "HTTP/1.1 409 Conflict"
2026-09-17 11:38:10,766 - httpx2 - INFO - HTTP Request: POST http://testserver/api/v1/knowledge/documents "HTTP/1.1 400 Bad Request"
2026-09-17 11:38:10,801 - httpx2 - INFO - HTTP Request: POST http://testserver/api/v1/knowledge/documents "HTTP/1.1 413 Request Entity Too Large"
2026-09-17 11:38:10,834 - httpx2 - INFO - HTTP Request: GET http://testserver/api/v1/tasks/task-abc/artifacts "HTTP/1.1 200 OK"
2026-09-17 11:38:10,851 - httpx2 - INFO - HTTP Request: GET http://testserver/api/v1/artifacts/art-123 "HTTP/1.1 200 OK"
2026-09-17 11:38:10,857 - httpx2 - INFO - HTTP Request: GET http://testserver/api/v1/artifacts/art-notexist "HTTP/1.1 404 Not Found"
2026-09-17 11:38:10,923 - httpx2 - INFO - HTTP Request: GET http://testserver/api/v1/artifacts/art-hack "HTTP/1.1 404 Not Found"
2026-09-17 11:38:12,449 - httpx2 - INFO - HTTP Request: POST http://testserver/api/v1/tasks "HTTP/1.1 200 OK"
2026-09-17 11:38:12,550 - httpx2 - INFO - HTTP Request: POST http://testserver/api/v1/knowledge/documents "HTTP/1.1 200 OK"
2026-09-17 11:38:12,579 - sovereign.llama_cpp.lifecycle - INFO - Switching deployment to 'Llama-3.2-3B-Instruct'...
2026-09-17 11:38:12,587 - sovereign.llama_cpp.lifecycle - INFO - Loading deployment 'Llama-3.2-3B-Instruct' with command: C:\Users\Dell\AppData\Local\Microsoft\WinGet\Packages\ggml.llamacpp_Microsoft.Winget.Source_8wekyb3d8bbwe\llama-server.exe -m C:\Users\Dell\.cache\huggingface\hub\models--bartowski--Llama-3.2-3B-Instruct-GGUF\snapshots\5ab33fa94d1d04e903623ae72c95d1696f09f9e8\Llama-3.2-3B-Instruct-Q4_K_M.gguf --port 8080 --host 127.0.0.1 -c 8192 -ngl 20
2026-09-17 11:38:22,321 - sovereign.llama_cpp.lifecycle - INFO - Deployment 'Llama-3.2-3B-Instruct' loaded successfully and is ready.
2026-09-17 11:38:22,821 - httpx2 - INFO - HTTP Request: POST http://testserver/api/v1/tasks/task-980b9d68/run "HTTP/1.1 200 OK"
2026-09-17 11:38:23,850 - httpx2 - INFO - HTTP Request: GET http://testserver/api/v1/tasks/task-980b9d68 "HTTP/1.1 200 OK"
2026-09-17 11:38:23,882 - httpx2 - INFO - HTTP Request: GET http://testserver/api/v1/tasks/task-980b9d68/artifacts "HTTP/1.1 200 OK"
2026-09-17 11:38:23,906 - httpx2 - INFO - HTTP Request: GET http://testserver/api/v1/artifacts/art-628a2c6d "HTTP/1.1 200 OK"
2026-09-17 11:38:23,922 - httpx2 - INFO - HTTP Request: GET http://testserver/api/v1/artifacts/art-bf77bb3b "HTTP/1.1 200 OK"
2026-09-17 11:38:26,923 - httpx2 - INFO - HTTP Request: POST http://testserver/api/v1/knowledge/documents "HTTP/1.1 400 Bad Request"
2026-09-17 11:38:26,999 - httpx2 - INFO - HTTP Request: POST http://testserver/api/v1/knowledge/documents "HTTP/1.1 200 OK"
2026-09-17 11:38:27,654 - asyncio - DEBUG - Using proactor: IocpProactor
2026-09-17 11:38:27,682 - multipart.multipart - DEBUG - Calling on_part_begin with no data
2026-09-17 11:38:27,682 - multipart.multipart - DEBUG - Calling on_header_field with data[36:55]
2026-09-17 11:38:27,682 - multipart.multipart - DEBUG - Calling on_header_value with data[57:106]
2026-09-17 11:38:27,682 - multipart.multipart - DEBUG - Calling on_header_end with no data
2026-09-17 11:38:27,682 - multipart.multipart - DEBUG - Calling on_header_field with data[108:120]
2026-09-17 11:38:27,682 - multipart.multipart - DEBUG - Calling on_header_value with data[122:131]
2026-09-17 11:38:27,694 - multipart.multipart - DEBUG - Calling on_header_end with no data
2026-09-17 11:38:27,694 - multipart.multipart - DEBUG - Calling on_headers_finished with no data
2026-09-17 11:38:27,694 - multipart.multipart - DEBUG - Calling on_part_data with data[135:153]
2026-09-17 11:38:27,694 - multipart.multipart - DEBUG - Calling on_part_end with no data
2026-09-17 11:38:27,694 - multipart.multipart - DEBUG - Calling on_end with no data
2026-09-17 11:38:27,875 - httpx2 - INFO - HTTP Request: POST http://testserver/api/v1/knowledge/documents "HTTP/1.1 403 Forbidden"
2026-09-17 11:38:28,030 - sovereign.llama_cpp.lifecycle - INFO - Loading deployment 'Model1' with command: C:\Users\Dell\AppData\Local\Microsoft\WinGet\Packages\ggml.llamacpp_Microsoft.Winget.Source_8wekyb3d8bbwe\llama-server.exe -m C:\Users\Dell\AppData\Local\Temp\pytest-of-Dell\pytest-24\test_llama_cpp_adapter_and_lif0\model1.gguf --port 8080 --host 127.0.0.1 -c 2048 -ngl 10
2026-09-17 11:38:28,031 - sovereign.llama_cpp.lifecycle - INFO - Deployment 'Model1' loaded successfully and is ready.
2026-09-17 11:38:28,032 - sovereign.llama_cpp.lifecycle - INFO - Switching deployment to 'Model2'...
2026-09-17 11:38:28,034 - sovereign.llama_cpp.lifecycle - INFO - Stopping active llama-server deployment...
2026-09-17 11:38:28,034 - sovereign.llama_cpp.lifecycle - INFO - llama-server stopped.
2026-09-17 11:38:28,035 - sovereign.llama_cpp.lifecycle - INFO - Loading deployment 'Model2' with command: C:\Users\Dell\AppData\Local\Microsoft\WinGet\Packages\ggml.llamacpp_Microsoft.Winget.Source_8wekyb3d8bbwe\llama-server.exe -m C:\Users\Dell\AppData\Local\Temp\pytest-of-Dell\pytest-24\test_llama_cpp_adapter_and_lif0\model2.gguf --port 8081 --host 127.0.0.1 -c 4096 -ngl 20
2026-09-17 11:38:28,035 - sovereign.llama_cpp.lifecycle - INFO - Deployment 'Model2' loaded successfully and is ready.
2026-09-17 11:38:28,035 - sovereign.llama_cpp.lifecycle - INFO - Stopping active llama-server deployment...
2026-09-17 11:38:28,035 - sovereign.llama_cpp.lifecycle - INFO - llama-server stopped.
2026-09-17 11:38:33,728 - asyncio - DEBUG - Using proactor: IocpProactor
2026-09-17 11:38:33,736 - httpx2 - INFO - HTTP Request: GET http://testserver/api/v1/qualifications/passports "HTTP/1.1 200 OK"
2026-09-17 11:38:33,755 - asyncio - DEBUG - Using proactor: IocpProactor
2026-09-17 11:38:33,806 - httpx2 - INFO - HTTP Request: POST http://testserver/api/v1/tasks "HTTP/1.1 200 OK"
2026-09-17 11:38:33,811 - asyncio - DEBUG - Using proactor: IocpProactor
2026-09-17 11:38:33,823 - httpx2 - INFO - HTTP Request: GET http://testserver/api/v1/tasks/task-bc835574 "HTTP/1.1 200 OK"
2026-09-17 11:38:33,829 - asyncio - DEBUG - Using proactor: IocpProactor
2026-09-17 11:38:33,850 - httpx2 - INFO - HTTP Request: POST http://testserver/api/v1/tasks "HTTP/1.1 400 Bad Request"
2026-09-17 11:38:33,855 - asyncio - DEBUG - Using proactor: IocpProactor
2026-09-17 11:38:33,879 - httpx2 - INFO - HTTP Request: POST http://testserver/api/v1/tasks "HTTP/1.1 200 OK"
2026-09-17 11:38:34,856 - sovereign.llama_cpp.lifecycle - INFO - Loading deployment 'test-model' with command: mock-server.exe -m /fake/model.gguf --port 8080 --host 127.0.0.1 -c 8192 -ngl 20
2026-09-17 11:38:34,857 - sovereign.llama_cpp.lifecycle - INFO - Deployment 'test-model' loaded successfully and is ready.
2026-09-17 11:38:34,858 - sovereign.llama_cpp.lifecycle - INFO - Stopping active llama-server deployment...
2026-09-17 11:38:34,859 - sovereign.llama_cpp.lifecycle - INFO - llama-server stopped.
2026-09-17 11:38:34,860 - sovereign.llama_cpp.lifecycle - INFO - Loading deployment 'test-vision-model' with command: mock-server.exe -m /fake/model.gguf --port 8080 --host 127.0.0.1 -c 8192 -ngl 20 --mmproj /fake/projector.gguf
2026-09-17 11:38:34,861 - sovereign.llama_cpp.lifecycle - INFO - Deployment 'test-vision-model' loaded successfully and is ready.
2026-09-17 11:38:34,977 - PIL.PngImagePlugin - DEBUG - STREAM b'IHDR' 16 13
2026-09-17 11:38:34,977 - PIL.PngImagePlugin - DEBUG - STREAM b'IDAT' 41 13308
2026-09-17 11:38:40,199 - PIL.PngImagePlugin - DEBUG - STREAM b'IHDR' 16 13
2026-09-17 11:38:40,200 - PIL.PngImagePlugin - DEBUG - STREAM b'IDAT' 41 14549
2026-09-17 11:38:45,031 - PIL.PngImagePlugin - DEBUG - STREAM b'IHDR' 16 13
2026-09-17 11:38:45,031 - PIL.PngImagePlugin - DEBUG - STREAM b'IDAT' 41 10362
2026-09-17 11:38:49,613 - PIL.PngImagePlugin - DEBUG - STREAM b'IHDR' 16 13
2026-09-17 11:38:49,614 - PIL.PngImagePlugin - DEBUG - STREAM b'IDAT' 41 6438
2026-09-17 11:38:49,676 - pypdf._reader - WARNING - EOF marker not found
2026-09-17 12:30:26,058 - httpx2 - INFO - HTTP Request: GET http://testserver/api/v1/health "HTTP/1.1 200 OK"
2026-09-17 12:30:26,104 - httpx2 - INFO - HTTP Request: POST http://testserver/api/v1/tasks "HTTP/1.1 200 OK"
2026-09-17 12:30:26,111 - httpx2 - INFO - HTTP Request: GET http://testserver/api/v1/tasks/task-7aa28b38 "HTTP/1.1 200 OK"
2026-09-17 12:30:26,133 - httpx2 - INFO - HTTP Request: POST http://testserver/api/v1/tasks "HTTP/1.1 422 Unprocessable Entity"
2026-09-17 12:30:26,159 - httpx2 - INFO - HTTP Request: GET http://testserver/api/v1/tasks/task-notexist "HTTP/1.1 404 Not Found"
2026-09-17 12:30:26,199 - httpx2 - INFO - HTTP Request: POST http://testserver/api/v1/tasks/task-8648a194/run "HTTP/1.1 400 Bad Request"
2026-09-17 12:30:26,217 - httpx2 - INFO - HTTP Request: POST http://testserver/api/v1/tasks/task-8648a194/run "HTTP/1.1 400 Bad Request"
2026-09-17 12:30:26,233 - httpx2 - INFO - HTTP Request: POST http://testserver/api/v1/tasks/task-8648a194/run "HTTP/1.1 400 Bad Request"
2026-09-17 12:30:26,258 - httpx2 - INFO - HTTP Request: POST http://testserver/api/v1/tasks/task-8648a194/run "HTTP/1.1 400 Bad Request"
2026-09-17 12:30:26,267 - httpx2 - INFO - HTTP Request: POST http://testserver/api/v1/tasks/task-notexist/run "HTTP/1.1 404 Not Found"
2026-09-17 12:30:26,312 - httpx2 - INFO - HTTP Request: POST http://testserver/api/v1/tasks/task-e71e3b1e/run "HTTP/1.1 200 OK"
2026-09-17 12:30:26,318 - httpx2 - INFO - HTTP Request: POST http://testserver/api/v1/tasks/task-e71e3b1e/run "HTTP/1.1 409 Conflict"
2026-09-17 12:30:26,553 - httpx2 - INFO - HTTP Request: POST http://testserver/api/v1/knowledge/documents "HTTP/1.1 400 Bad Request"
2026-09-17 12:30:26,604 - httpx2 - INFO - HTTP Request: POST http://testserver/api/v1/knowledge/documents "HTTP/1.1 413 Request Entity Too Large"
2026-09-17 12:30:26,653 - httpx2 - INFO - HTTP Request: GET http://testserver/api/v1/tasks/task-abc/artifacts "HTTP/1.1 200 OK"
2026-09-17 12:30:26,665 - httpx2 - INFO - HTTP Request: GET http://testserver/api/v1/artifacts/art-123 "HTTP/1.1 200 OK"
2026-09-17 12:30:26,670 - httpx2 - INFO - HTTP Request: GET http://testserver/api/v1/artifacts/art-notexist "HTTP/1.1 404 Not Found"
2026-09-17 12:30:26,791 - httpx2 - INFO - HTTP Request: GET http://testserver/api/v1/artifacts/art-hack "HTTP/1.1 404 Not Found"
2026-09-17 12:30:27,779 - httpx2 - INFO - HTTP Request: POST http://testserver/api/v1/tasks "HTTP/1.1 200 OK"
2026-09-17 12:30:27,846 - httpx2 - INFO - HTTP Request: POST http://testserver/api/v1/knowledge/documents "HTTP/1.1 200 OK"
2026-09-17 12:30:27,867 - sovereign.llama_cpp.lifecycle - INFO - Switching deployment to 'Llama-3.2-3B-Instruct'...
2026-09-17 12:30:27,867 - sovereign.llama_cpp.lifecycle - INFO - Loading deployment 'Llama-3.2-3B-Instruct' with command: C:\Users\Dell\AppData\Local\Microsoft\WinGet\Packages\ggml.llamacpp_Microsoft.Winget.Source_8wekyb3d8bbwe\llama-server.exe -m C:\Users\Dell\.cache\huggingface\hub\models--bartowski--Llama-3.2-3B-Instruct-GGUF\snapshots\5ab33fa94d1d04e903623ae72c95d1696f09f9e8\Llama-3.2-3B-Instruct-Q4_K_M.gguf --port 8080 --host 127.0.0.1 -c 8192 -ngl 20
2026-09-17 12:30:35,579 - sovereign.llama_cpp.lifecycle - INFO - Deployment 'Llama-3.2-3B-Instruct' loaded successfully and is ready.
2026-09-17 12:30:35,833 - httpx2 - INFO - HTTP Request: POST http://testserver/api/v1/tasks/task-b89701b4/run "HTTP/1.1 200 OK"
2026-09-17 12:30:36,843 - httpx2 - INFO - HTTP Request: GET http://testserver/api/v1/tasks/task-b89701b4 "HTTP/1.1 200 OK"
2026-09-17 12:30:36,855 - httpx2 - INFO - HTTP Request: GET http://testserver/api/v1/tasks/task-b89701b4/artifacts "HTTP/1.1 200 OK"
2026-09-17 12:30:36,863 - httpx2 - INFO - HTTP Request: GET http://testserver/api/v1/artifacts/art-b6ee8245 "HTTP/1.1 200 OK"
2026-09-17 12:30:36,868 - httpx2 - INFO - HTTP Request: GET http://testserver/api/v1/artifacts/art-22452890 "HTTP/1.1 200 OK"
2026-09-17 12:30:38,370 - httpx2 - INFO - HTTP Request: POST http://testserver/api/v1/knowledge/documents "HTTP/1.1 400 Bad Request"
2026-09-17 12:30:38,397 - httpx2 - INFO - HTTP Request: POST http://testserver/api/v1/knowledge/documents "HTTP/1.1 200 OK"
2026-09-17 12:30:38,765 - asyncio - DEBUG - Using proactor: IocpProactor
2026-09-17 12:30:38,774 - multipart.multipart - DEBUG - Calling on_part_begin with no data
2026-09-17 12:30:38,774 - multipart.multipart - DEBUG - Calling on_header_field with data[36:55]
2026-09-17 12:30:38,776 - multipart.multipart - DEBUG - Calling on_header_value with data[57:106]
2026-09-17 12:30:38,776 - multipart.multipart - DEBUG - Calling on_header_end with no data
2026-09-17 12:30:38,777 - multipart.multipart - DEBUG - Calling on_header_field with data[108:120]
2026-09-17 12:30:38,777 - multipart.multipart - DEBUG - Calling on_header_value with data[122:131]
2026-09-17 12:30:38,777 - multipart.multipart - DEBUG - Calling on_header_end with no data
2026-09-17 12:30:38,777 - multipart.multipart - DEBUG - Calling on_headers_finished with no data
2026-09-17 12:30:38,778 - multipart.multipart - DEBUG - Calling on_part_data with data[135:153]
2026-09-17 12:30:38,778 - multipart.multipart - DEBUG - Calling on_part_end with no data
2026-09-17 12:30:38,779 - multipart.multipart - DEBUG - Calling on_end with no data
2026-09-17 12:30:38,804 - httpx2 - INFO - HTTP Request: POST http://testserver/api/v1/knowledge/documents "HTTP/1.1 403 Forbidden"
2026-09-17 12:30:38,932 - sovereign.llama_cpp.lifecycle - INFO - Loading deployment 'Model1' with command: C:\Users\Dell\AppData\Local\Microsoft\WinGet\Packages\ggml.llamacpp_Microsoft.Winget.Source_8wekyb3d8bbwe\llama-server.exe -m C:\Users\Dell\AppData\Local\Temp\pytest-of-Dell\pytest-25\test_llama_cpp_adapter_and_lif0\model1.gguf --port 8080 --host 127.0.0.1 -c 2048 -ngl 10
2026-09-17 12:30:38,933 - sovereign.llama_cpp.lifecycle - INFO - Deployment 'Model1' loaded successfully and is ready.
2026-09-17 12:30:38,934 - sovereign.llama_cpp.lifecycle - INFO - Switching deployment to 'Model2'...
2026-09-17 12:30:38,934 - sovereign.llama_cpp.lifecycle - INFO - Stopping active llama-server deployment...
2026-09-17 12:30:38,934 - sovereign.llama_cpp.lifecycle - INFO - llama-server stopped.
2026-09-17 12:30:38,934 - sovereign.llama_cpp.lifecycle - INFO - Loading deployment 'Model2' with command: C:\Users\Dell\AppData\Local\Microsoft\WinGet\Packages\ggml.llamacpp_Microsoft.Winget.Source_8wekyb3d8bbwe\llama-server.exe -m C:\Users\Dell\AppData\Local\Temp\pytest-of-Dell\pytest-25\test_llama_cpp_adapter_and_lif0\model2.gguf --port 8081 --host 127.0.0.1 -c 4096 -ngl 20
2026-09-17 12:30:38,935 - sovereign.llama_cpp.lifecycle - INFO - Deployment 'Model2' loaded successfully and is ready.
2026-09-17 12:30:38,935 - sovereign.llama_cpp.lifecycle - INFO - Stopping active llama-server deployment...
2026-09-17 12:30:38,936 - sovereign.llama_cpp.lifecycle - INFO - llama-server stopped.
2026-09-17 12:30:43,503 - asyncio - DEBUG - Using proactor: IocpProactor
2026-09-17 12:30:43,510 - httpx2 - INFO - HTTP Request: GET http://testserver/api/v1/qualifications/passports "HTTP/1.1 200 OK"
2026-09-17 12:30:43,525 - asyncio - DEBUG - Using proactor: IocpProactor
2026-09-17 12:30:43,567 - httpx2 - INFO - HTTP Request: POST http://testserver/api/v1/tasks "HTTP/1.1 200 OK"
2026-09-17 12:30:43,570 - asyncio - DEBUG - Using proactor: IocpProactor
2026-09-17 12:30:43,575 - httpx2 - INFO - HTTP Request: GET http://testserver/api/v1/tasks/task-570efb4d "HTTP/1.1 200 OK"
2026-09-17 12:30:43,578 - asyncio - DEBUG - Using proactor: IocpProactor
2026-09-17 12:30:43,593 - httpx2 - INFO - HTTP Request: POST http://testserver/api/v1/tasks "HTTP/1.1 400 Bad Request"
2026-09-17 12:30:43,594 - asyncio - DEBUG - Using proactor: IocpProactor
2026-09-17 12:30:43,610 - httpx2 - INFO - HTTP Request: POST http://testserver/api/v1/tasks "HTTP/1.1 200 OK"
2026-09-17 12:30:44,185 - sovereign.llama_cpp.lifecycle - INFO - Loading deployment 'test-model' with command: mock-server.exe -m /fake/model.gguf --port 8080 --host 127.0.0.1 -c 8192 -ngl 20
2026-09-17 12:30:44,185 - sovereign.llama_cpp.lifecycle - INFO - Deployment 'test-model' loaded successfully and is ready.
2026-09-17 12:30:44,186 - sovereign.llama_cpp.lifecycle - INFO - Stopping active llama-server deployment...
2026-09-17 12:30:44,186 - sovereign.llama_cpp.lifecycle - INFO - llama-server stopped.
2026-09-17 12:30:44,186 - sovereign.llama_cpp.lifecycle - INFO - Loading deployment 'test-vision-model' with command: mock-server.exe -m /fake/model.gguf --port 8080 --host 127.0.0.1 -c 8192 -ngl 20 --mmproj /fake/projector.gguf
2026-09-17 12:30:44,186 - sovereign.llama_cpp.lifecycle - INFO - Deployment 'test-vision-model' loaded successfully and is ready.
2026-09-17 12:30:44,244 - PIL.PngImagePlugin - DEBUG - STREAM b'IHDR' 16 13
2026-09-17 12:30:44,244 - PIL.PngImagePlugin - DEBUG - STREAM b'IDAT' 41 13308
2026-09-17 12:30:47,914 - PIL.PngImagePlugin - DEBUG - STREAM b'IHDR' 16 13
2026-09-17 12:30:47,914 - PIL.PngImagePlugin - DEBUG - STREAM b'IDAT' 41 14549
2026-09-17 12:30:51,985 - PIL.PngImagePlugin - DEBUG - STREAM b'IHDR' 16 13
2026-09-17 12:30:51,985 - PIL.PngImagePlugin - DEBUG - STREAM b'IDAT' 41 10362
2026-09-17 12:30:56,502 - PIL.PngImagePlugin - DEBUG - STREAM b'IHDR' 16 13
2026-09-17 12:30:56,503 - PIL.PngImagePlugin - DEBUG - STREAM b'IDAT' 41 6438
2026-09-17 12:30:56,551 - pypdf._reader - WARNING - EOF marker not found
2026-09-17 12:44:39,289 - httpx2 - INFO - HTTP Request: GET http://testserver/api/v1/health "HTTP/1.1 200 OK"
2026-09-17 12:44:39,345 - httpx2 - INFO - HTTP Request: POST http://testserver/api/v1/tasks "HTTP/1.1 200 OK"
2026-09-17 12:44:39,351 - httpx2 - INFO - HTTP Request: GET http://testserver/api/v1/tasks/task-01f51ef7 "HTTP/1.1 200 OK"
2026-09-17 12:44:39,373 - httpx2 - INFO - HTTP Request: POST http://testserver/api/v1/tasks "HTTP/1.1 422 Unprocessable Entity"
2026-09-17 12:44:39,400 - httpx2 - INFO - HTTP Request: GET http://testserver/api/v1/tasks/task-notexist "HTTP/1.1 404 Not Found"
2026-09-17 12:44:39,442 - httpx2 - INFO - HTTP Request: POST http://testserver/api/v1/tasks/task-186b3065/run "HTTP/1.1 400 Bad Request"
2026-09-17 12:44:39,456 - httpx2 - INFO - HTTP Request: POST http://testserver/api/v1/tasks/task-186b3065/run "HTTP/1.1 400 Bad Request"
2026-09-17 12:44:39,471 - httpx2 - INFO - HTTP Request: POST http://testserver/api/v1/tasks/task-186b3065/run "HTTP/1.1 400 Bad Request"
2026-09-17 12:44:39,485 - httpx2 - INFO - HTTP Request: POST http://testserver/api/v1/tasks/task-186b3065/run "HTTP/1.1 400 Bad Request"
2026-09-17 12:44:39,490 - httpx2 - INFO - HTTP Request: POST http://testserver/api/v1/tasks/task-notexist/run "HTTP/1.1 404 Not Found"
2026-09-17 12:44:39,530 - httpx2 - INFO - HTTP Request: POST http://testserver/api/v1/tasks/task-40699fe3/run "HTTP/1.1 200 OK"
2026-09-17 12:44:39,534 - httpx2 - INFO - HTTP Request: POST http://testserver/api/v1/tasks/task-40699fe3/run "HTTP/1.1 409 Conflict"
2026-09-17 12:44:39,778 - httpx2 - INFO - HTTP Request: POST http://testserver/api/v1/knowledge/documents "HTTP/1.1 400 Bad Request"
2026-09-17 12:44:39,816 - httpx2 - INFO - HTTP Request: POST http://testserver/api/v1/knowledge/documents "HTTP/1.1 413 Request Entity Too Large"
2026-09-17 12:44:39,847 - httpx2 - INFO - HTTP Request: GET http://testserver/api/v1/tasks/task-abc/artifacts "HTTP/1.1 200 OK"
2026-09-17 12:44:39,854 - httpx2 - INFO - HTTP Request: GET http://testserver/api/v1/artifacts/art-123 "HTTP/1.1 200 OK"
2026-09-17 12:44:39,859 - httpx2 - INFO - HTTP Request: GET http://testserver/api/v1/artifacts/art-notexist "HTTP/1.1 404 Not Found"
2026-09-17 12:44:39,885 - httpx2 - INFO - HTTP Request: GET http://testserver/api/v1/artifacts/art-hack "HTTP/1.1 404 Not Found"
2026-09-17 12:44:40,584 - httpx2 - INFO - HTTP Request: POST http://testserver/api/v1/tasks "HTTP/1.1 200 OK"
2026-09-17 12:44:40,641 - httpx2 - INFO - HTTP Request: POST http://testserver/api/v1/knowledge/documents "HTTP/1.1 200 OK"
2026-09-17 12:44:40,667 - sovereign.llama_cpp.lifecycle - INFO - Switching deployment to 'Llama-3.2-3B-Instruct'...
2026-09-17 12:44:40,667 - sovereign.llama_cpp.lifecycle - INFO - Loading deployment 'Llama-3.2-3B-Instruct' with command: C:\Users\Dell\AppData\Local\Microsoft\WinGet\Packages\ggml.llamacpp_Microsoft.Winget.Source_8wekyb3d8bbwe\llama-server.exe -m C:\Users\Dell\.cache\huggingface\hub\models--bartowski--Llama-3.2-3B-Instruct-GGUF\snapshots\5ab33fa94d1d04e903623ae72c95d1696f09f9e8\Llama-3.2-3B-Instruct-Q4_K_M.gguf --port 8080 --host 127.0.0.1 -c 8192 -ngl 20
2026-09-17 12:44:44,800 - sovereign.llama_cpp.lifecycle - INFO - Deployment 'Llama-3.2-3B-Instruct' loaded successfully and is ready.
2026-09-17 12:44:44,980 - httpx2 - INFO - HTTP Request: POST http://testserver/api/v1/tasks/task-86faa43d/run "HTTP/1.1 200 OK"
2026-09-17 12:44:45,989 - httpx2 - INFO - HTTP Request: GET http://testserver/api/v1/tasks/task-86faa43d "HTTP/1.1 200 OK"
2026-09-17 12:44:46,002 - httpx2 - INFO - HTTP Request: GET http://testserver/api/v1/tasks/task-86faa43d/artifacts "HTTP/1.1 200 OK"
2026-09-17 12:44:46,009 - httpx2 - INFO - HTTP Request: GET http://testserver/api/v1/artifacts/art-2ba60d74 "HTTP/1.1 200 OK"
2026-09-17 12:44:46,015 - httpx2 - INFO - HTTP Request: GET http://testserver/api/v1/artifacts/art-0e793a02 "HTTP/1.1 200 OK"
2026-09-17 12:44:47,232 - httpx2 - INFO - HTTP Request: POST http://testserver/api/v1/knowledge/documents "HTTP/1.1 400 Bad Request"
2026-09-17 12:44:47,267 - httpx2 - INFO - HTTP Request: POST http://testserver/api/v1/knowledge/documents "HTTP/1.1 200 OK"
2026-09-17 12:44:47,625 - asyncio - DEBUG - Using proactor: IocpProactor
2026-09-17 12:44:47,639 - multipart.multipart - DEBUG - Calling on_part_begin with no data
2026-09-17 12:44:47,639 - multipart.multipart - DEBUG - Calling on_header_field with data[36:55]
2026-09-17 12:44:47,640 - multipart.multipart - DEBUG - Calling on_header_value with data[57:106]
2026-09-17 12:44:47,640 - multipart.multipart - DEBUG - Calling on_header_end with no data
2026-09-17 12:44:47,640 - multipart.multipart - DEBUG - Calling on_header_field with data[108:120]
2026-09-17 12:44:47,641 - multipart.multipart - DEBUG - Calling on_header_value with data[122:131]
2026-09-17 12:44:47,641 - multipart.multipart - DEBUG - Calling on_header_end with no data
2026-09-17 12:44:47,642 - multipart.multipart - DEBUG - Calling on_headers_finished with no data
2026-09-17 12:44:47,642 - multipart.multipart - DEBUG - Calling on_part_data with data[135:153]
2026-09-17 12:44:47,642 - multipart.multipart - DEBUG - Calling on_part_end with no data
2026-09-17 12:44:47,643 - multipart.multipart - DEBUG - Calling on_end with no data
2026-09-17 12:44:47,674 - httpx2 - INFO - HTTP Request: POST http://testserver/api/v1/knowledge/documents "HTTP/1.1 403 Forbidden"
2026-09-17 12:44:47,800 - sovereign.llama_cpp.lifecycle - INFO - Loading deployment 'Model1' with command: C:\Users\Dell\AppData\Local\Microsoft\WinGet\Packages\ggml.llamacpp_Microsoft.Winget.Source_8wekyb3d8bbwe\llama-server.exe -m C:\Users\Dell\AppData\Local\Temp\pytest-of-Dell\pytest-26\test_llama_cpp_adapter_and_lif0\model1.gguf --port 8080 --host 127.0.0.1 -c 2048 -ngl 10
2026-09-17 12:44:47,800 - sovereign.llama_cpp.lifecycle - INFO - Deployment 'Model1' loaded successfully and is ready.
2026-09-17 12:44:47,801 - sovereign.llama_cpp.lifecycle - INFO - Switching deployment to 'Model2'...
2026-09-17 12:44:47,801 - sovereign.llama_cpp.lifecycle - INFO - Stopping active llama-server deployment...
2026-09-17 12:44:47,801 - sovereign.llama_cpp.lifecycle - INFO - llama-server stopped.
2026-09-17 12:44:47,801 - sovereign.llama_cpp.lifecycle - INFO - Loading deployment 'Model2' with command: C:\Users\Dell\AppData\Local\Microsoft\WinGet\Packages\ggml.llamacpp_Microsoft.Winget.Source_8wekyb3d8bbwe\llama-server.exe -m C:\Users\Dell\AppData\Local\Temp\pytest-of-Dell\pytest-26\test_llama_cpp_adapter_and_lif0\model2.gguf --port 8081 --host 127.0.0.1 -c 4096 -ngl 20
2026-09-17 12:44:47,802 - sovereign.llama_cpp.lifecycle - INFO - Deployment 'Model2' loaded successfully and is ready.
2026-09-17 12:44:47,803 - sovereign.llama_cpp.lifecycle - INFO - Stopping active llama-server deployment...
2026-09-17 12:44:47,803 - sovereign.llama_cpp.lifecycle - INFO - llama-server stopped.
2026-09-17 12:44:52,702 - asyncio - DEBUG - Using proactor: IocpProactor
2026-09-17 12:44:52,708 - httpx2 - INFO - HTTP Request: GET http://testserver/api/v1/qualifications/passports "HTTP/1.1 200 OK"
2026-09-17 12:44:52,721 - asyncio - DEBUG - Using proactor: IocpProactor
2026-09-17 12:44:52,755 - httpx2 - INFO - HTTP Request: POST http://testserver/api/v1/tasks "HTTP/1.1 200 OK"
2026-09-17 12:44:52,759 - asyncio - DEBUG - Using proactor: IocpProactor
2026-09-17 12:44:52,768 - httpx2 - INFO - HTTP Request: GET http://testserver/api/v1/tasks/task-9fbae275 "HTTP/1.1 200 OK"
2026-09-17 12:44:52,775 - asyncio - DEBUG - Using proactor: IocpProactor
2026-09-17 12:44:52,791 - httpx2 - INFO - HTTP Request: POST http://testserver/api/v1/tasks "HTTP/1.1 400 Bad Request"
2026-09-17 12:44:52,794 - asyncio - DEBUG - Using proactor: IocpProactor
2026-09-17 12:44:52,810 - httpx2 - INFO - HTTP Request: POST http://testserver/api/v1/tasks "HTTP/1.1 200 OK"
2026-09-17 12:44:53,327 - sovereign.llama_cpp.lifecycle - INFO - Loading deployment 'test-model' with command: mock-server.exe -m /fake/model.gguf --port 8080 --host 127.0.0.1 -c 8192 -ngl 20
2026-09-17 12:44:53,327 - sovereign.llama_cpp.lifecycle - INFO - Deployment 'test-model' loaded successfully and is ready.
2026-09-17 12:44:53,327 - sovereign.llama_cpp.lifecycle - INFO - Stopping active llama-server deployment...
2026-09-17 12:44:53,328 - sovereign.llama_cpp.lifecycle - INFO - llama-server stopped.
2026-09-17 12:44:53,328 - sovereign.llama_cpp.lifecycle - INFO - Loading deployment 'test-vision-model' with command: mock-server.exe -m /fake/model.gguf --port 8080 --host 127.0.0.1 -c 8192 -ngl 20 --mmproj /fake/projector.gguf
2026-09-17 12:44:53,328 - sovereign.llama_cpp.lifecycle - INFO - Deployment 'test-vision-model' loaded successfully and is ready.
2026-09-17 12:44:53,365 - PIL.PngImagePlugin - DEBUG - STREAM b'IHDR' 16 13
2026-09-17 12:44:53,365 - PIL.PngImagePlugin - DEBUG - STREAM b'IDAT' 41 13308
2026-09-17 12:44:56,323 - PIL.PngImagePlugin - DEBUG - STREAM b'IHDR' 16 13
2026-09-17 12:44:56,323 - PIL.PngImagePlugin - DEBUG - STREAM b'IDAT' 41 14549
2026-09-17 12:44:59,092 - PIL.PngImagePlugin - DEBUG - STREAM b'IHDR' 16 13
2026-09-17 12:44:59,093 - PIL.PngImagePlugin - DEBUG - STREAM b'IDAT' 41 10362
2026-09-17 12:45:01,813 - PIL.PngImagePlugin - DEBUG - STREAM b'IHDR' 16 13
2026-09-17 12:45:01,813 - PIL.PngImagePlugin - DEBUG - STREAM b'IDAT' 41 6438
2026-09-17 12:45:01,852 - pypdf._reader - WARNING - EOF marker not found
2026-09-17 12:45:54,815 - httpx2 - INFO - HTTP Request: GET http://testserver/api/v1/health "HTTP/1.1 200 OK"
2026-09-17 12:45:54,935 - httpx2 - INFO - HTTP Request: POST http://testserver/api/v1/tasks "HTTP/1.1 200 OK"
2026-09-17 12:45:54,944 - httpx2 - INFO - HTTP Request: GET http://testserver/api/v1/tasks/task-9d6becf7 "HTTP/1.1 200 OK"
2026-09-17 12:45:54,996 - httpx2 - INFO - HTTP Request: POST http://testserver/api/v1/tasks "HTTP/1.1 422 Unprocessable Entity"
2026-09-17 12:45:55,036 - httpx2 - INFO - HTTP Request: GET http://testserver/api/v1/tasks/task-notexist "HTTP/1.1 404 Not Found"
2026-09-17 12:45:55,082 - httpx2 - INFO - HTTP Request: POST http://testserver/api/v1/tasks/task-bf2e5894/run "HTTP/1.1 400 Bad Request"
2026-09-17 12:45:55,105 - httpx2 - INFO - HTTP Request: POST http://testserver/api/v1/tasks/task-bf2e5894/run "HTTP/1.1 400 Bad Request"
2026-09-17 12:45:55,154 - httpx2 - INFO - HTTP Request: POST http://testserver/api/v1/tasks/task-bf2e5894/run "HTTP/1.1 400 Bad Request"
2026-09-17 12:45:55,172 - httpx2 - INFO - HTTP Request: POST http://testserver/api/v1/tasks/task-bf2e5894/run "HTTP/1.1 400 Bad Request"
2026-09-17 12:45:55,177 - httpx2 - INFO - HTTP Request: POST http://testserver/api/v1/tasks/task-notexist/run "HTTP/1.1 404 Not Found"
2026-09-17 12:45:55,250 - httpx2 - INFO - HTTP Request: POST http://testserver/api/v1/tasks/task-93903d8d/run "HTTP/1.1 200 OK"
2026-09-17 12:45:55,254 - httpx2 - INFO - HTTP Request: POST http://testserver/api/v1/tasks/task-93903d8d/run "HTTP/1.1 409 Conflict"
2026-09-17 12:45:55,518 - httpx2 - INFO - HTTP Request: POST http://testserver/api/v1/knowledge/documents "HTTP/1.1 400 Bad Request"
2026-09-17 12:45:55,543 - httpx2 - INFO - HTTP Request: POST http://testserver/api/v1/knowledge/documents "HTTP/1.1 413 Request Entity Too Large"
2026-09-17 12:45:55,631 - httpx2 - INFO - HTTP Request: GET http://testserver/api/v1/tasks/task-abc/artifacts "HTTP/1.1 200 OK"
2026-09-17 12:45:55,639 - httpx2 - INFO - HTTP Request: GET http://testserver/api/v1/artifacts/art-123 "HTTP/1.1 200 OK"
2026-09-17 12:45:55,643 - httpx2 - INFO - HTTP Request: GET http://testserver/api/v1/artifacts/art-notexist "HTTP/1.1 404 Not Found"
2026-09-17 12:45:55,673 - httpx2 - INFO - HTTP Request: GET http://testserver/api/v1/artifacts/art-hack "HTTP/1.1 404 Not Found"
2026-09-17 12:45:56,744 - httpx2 - INFO - HTTP Request: POST http://testserver/api/v1/tasks "HTTP/1.1 200 OK"
2026-09-17 12:45:56,801 - httpx2 - INFO - HTTP Request: POST http://testserver/api/v1/knowledge/documents "HTTP/1.1 200 OK"
2026-09-17 12:45:56,818 - sovereign.llama_cpp.lifecycle - INFO - Switching deployment to 'Llama-3.2-3B-Instruct'...
2026-09-17 12:45:56,818 - sovereign.llama_cpp.lifecycle - INFO - Loading deployment 'Llama-3.2-3B-Instruct' with command: C:\Users\Dell\AppData\Local\Microsoft\WinGet\Packages\ggml.llamacpp_Microsoft.Winget.Source_8wekyb3d8bbwe\llama-server.exe -m C:\Users\Dell\.cache\huggingface\hub\models--bartowski--Llama-3.2-3B-Instruct-GGUF\snapshots\5ab33fa94d1d04e903623ae72c95d1696f09f9e8\Llama-3.2-3B-Instruct-Q4_K_M.gguf --port 8080 --host 127.0.0.1 -c 8192 -ngl 20
2026-09-17 12:46:02,472 - sovereign.llama_cpp.lifecycle - INFO - Deployment 'Llama-3.2-3B-Instruct' loaded successfully and is ready.
2026-09-17 12:46:02,710 - httpx2 - INFO - HTTP Request: POST http://testserver/api/v1/tasks/task-60f33e9d/run "HTTP/1.1 200 OK"
2026-09-17 12:46:03,718 - httpx2 - INFO - HTTP Request: GET http://testserver/api/v1/tasks/task-60f33e9d "HTTP/1.1 200 OK"
2026-09-17 12:46:03,728 - httpx2 - INFO - HTTP Request: GET http://testserver/api/v1/tasks/task-60f33e9d/artifacts "HTTP/1.1 200 OK"
2026-09-17 12:46:03,738 - httpx2 - INFO - HTTP Request: GET http://testserver/api/v1/artifacts/art-3eadf394 "HTTP/1.1 200 OK"
2026-09-17 12:46:03,745 - httpx2 - INFO - HTTP Request: GET http://testserver/api/v1/artifacts/art-8e748622 "HTTP/1.1 200 OK"
2026-09-17 12:46:05,018 - httpx2 - INFO - HTTP Request: POST http://testserver/api/v1/knowledge/documents "HTTP/1.1 400 Bad Request"
2026-09-17 12:46:05,052 - httpx2 - INFO - HTTP Request: POST http://testserver/api/v1/knowledge/documents "HTTP/1.1 200 OK"
2026-09-17 12:46:05,487 - asyncio - DEBUG - Using proactor: IocpProactor
2026-09-17 12:46:05,501 - multipart.multipart - DEBUG - Calling on_part_begin with no data
2026-09-17 12:46:05,502 - multipart.multipart - DEBUG - Calling on_header_field with data[36:55]
2026-09-17 12:46:05,502 - multipart.multipart - DEBUG - Calling on_header_value with data[57:106]
2026-09-17 12:46:05,502 - multipart.multipart - DEBUG - Calling on_header_end with no data
2026-09-17 12:46:05,503 - multipart.multipart - DEBUG - Calling on_header_field with data[108:120]
2026-09-17 12:46:05,503 - multipart.multipart - DEBUG - Calling on_header_value with data[122:131]
2026-09-17 12:46:05,503 - multipart.multipart - DEBUG - Calling on_header_end with no data
2026-09-17 12:46:05,503 - multipart.multipart - DEBUG - Calling on_headers_finished with no data
2026-09-17 12:46:05,504 - multipart.multipart - DEBUG - Calling on_part_data with data[135:153]
2026-09-17 12:46:05,504 - multipart.multipart - DEBUG - Calling on_part_end with no data
2026-09-17 12:46:05,504 - multipart.multipart - DEBUG - Calling on_end with no data
2026-09-17 12:46:05,564 - httpx2 - INFO - HTTP Request: POST http://testserver/api/v1/knowledge/documents "HTTP/1.1 403 Forbidden"
2026-09-17 12:46:05,703 - sovereign.llama_cpp.lifecycle - INFO - Loading deployment 'Model1' with command: C:\Users\Dell\AppData\Local\Microsoft\WinGet\Packages\ggml.llamacpp_Microsoft.Winget.Source_8wekyb3d8bbwe\llama-server.exe -m C:\Users\Dell\AppData\Local\Temp\pytest-of-Dell\pytest-27\test_llama_cpp_adapter_and_lif0\model1.gguf --port 8080 --host 127.0.0.1 -c 2048 -ngl 10
2026-09-17 12:46:05,704 - sovereign.llama_cpp.lifecycle - INFO - Deployment 'Model1' loaded successfully and is ready.
2026-09-17 12:46:05,706 - sovereign.llama_cpp.lifecycle - INFO - Switching deployment to 'Model2'...
2026-09-17 12:46:05,707 - sovereign.llama_cpp.lifecycle - INFO - Stopping active llama-server deployment...
2026-09-17 12:46:05,708 - sovereign.llama_cpp.lifecycle - INFO - llama-server stopped.
2026-09-17 12:46:05,710 - sovereign.llama_cpp.lifecycle - INFO - Loading deployment 'Model2' with command: C:\Users\Dell\AppData\Local\Microsoft\WinGet\Packages\ggml.llamacpp_Microsoft.Winget.Source_8wekyb3d8bbwe\llama-server.exe -m C:\Users\Dell\AppData\Local\Temp\pytest-of-Dell\pytest-27\test_llama_cpp_adapter_and_lif0\model2.gguf --port 8081 --host 127.0.0.1 -c 4096 -ngl 20
2026-09-17 12:46:05,712 - sovereign.llama_cpp.lifecycle - INFO - Deployment 'Model2' loaded successfully and is ready.
2026-09-17 12:46:05,714 - sovereign.llama_cpp.lifecycle - INFO - Stopping active llama-server deployment...
2026-09-17 12:46:05,715 - sovereign.llama_cpp.lifecycle - INFO - llama-server stopped.
2026-09-17 12:46:10,324 - asyncio - DEBUG - Using proactor: IocpProactor
2026-09-17 12:46:10,332 - httpx2 - INFO - HTTP Request: GET http://testserver/api/v1/qualifications/passports "HTTP/1.1 200 OK"
2026-09-17 12:46:10,345 - asyncio - DEBUG - Using proactor: IocpProactor
2026-09-17 12:46:10,385 - httpx2 - INFO - HTTP Request: POST http://testserver/api/v1/tasks "HTTP/1.1 200 OK"
2026-09-17 12:46:10,388 - asyncio - DEBUG - Using proactor: IocpProactor
2026-09-17 12:46:10,394 - httpx2 - INFO - HTTP Request: GET http://testserver/api/v1/tasks/task-6e533f7b "HTTP/1.1 200 OK"
2026-09-17 12:46:10,397 - asyncio - DEBUG - Using proactor: IocpProactor
2026-09-17 12:46:10,413 - httpx2 - INFO - HTTP Request: POST http://testserver/api/v1/tasks "HTTP/1.1 400 Bad Request"
2026-09-17 12:46:10,417 - asyncio - DEBUG - Using proactor: IocpProactor
2026-09-17 12:46:10,433 - httpx2 - INFO - HTTP Request: POST http://testserver/api/v1/tasks "HTTP/1.1 200 OK"
2026-09-17 12:46:11,014 - sovereign.llama_cpp.lifecycle - INFO - Loading deployment 'test-model' with command: mock-server.exe -m /fake/model.gguf --port 8080 --host 127.0.0.1 -c 8192 -ngl 20
2026-09-17 12:46:11,014 - sovereign.llama_cpp.lifecycle - INFO - Deployment 'test-model' loaded successfully and is ready.
2026-09-17 12:46:11,015 - sovereign.llama_cpp.lifecycle - INFO - Stopping active llama-server deployment...
2026-09-17 12:46:11,015 - sovereign.llama_cpp.lifecycle - INFO - llama-server stopped.
2026-09-17 12:46:11,015 - sovereign.llama_cpp.lifecycle - INFO - Loading deployment 'test-vision-model' with command: mock-server.exe -m /fake/model.gguf --port 8080 --host 127.0.0.1 -c 8192 -ngl 20 --mmproj /fake/projector.gguf
2026-09-17 12:46:11,016 - sovereign.llama_cpp.lifecycle - INFO - Deployment 'test-vision-model' loaded successfully and is ready.
2026-09-17 12:46:11,048 - PIL.PngImagePlugin - DEBUG - STREAM b'IHDR' 16 13
2026-09-17 12:46:11,049 - PIL.PngImagePlugin - DEBUG - STREAM b'IDAT' 41 13308
2026-09-17 12:46:14,294 - PIL.PngImagePlugin - DEBUG - STREAM b'IHDR' 16 13
2026-09-17 12:46:14,295 - PIL.PngImagePlugin - DEBUG - STREAM b'IDAT' 41 14549
2026-09-17 12:46:17,416 - PIL.PngImagePlugin - DEBUG - STREAM b'IHDR' 16 13
2026-09-17 12:46:17,416 - PIL.PngImagePlugin - DEBUG - STREAM b'IDAT' 41 10362
2026-09-17 12:46:20,481 - PIL.PngImagePlugin - DEBUG - STREAM b'IHDR' 16 13
2026-09-17 12:46:20,483 - PIL.PngImagePlugin - DEBUG - STREAM b'IDAT' 41 6438
2026-09-17 12:46:20,539 - pypdf._reader - WARNING - EOF marker not found
2026-09-17 12:51:03,729 - sovereign.llama_cpp.lifecycle - INFO - Switching deployment to 'Llama-3.2-3B-Instruct'...
2026-09-17 12:51:03,730 - sovereign.llama_cpp.lifecycle - INFO - Loading deployment 'Llama-3.2-3B-Instruct' with command: C:\Users\Dell\AppData\Local\Microsoft\WinGet\Packages\ggml.llamacpp_Microsoft.Winget.Source_8wekyb3d8bbwe\llama-server.exe -m C:\Users\Dell\.cache\huggingface\hub\models--bartowski--Llama-3.2-3B-Instruct-GGUF\snapshots\5ab33fa94d1d04e903623ae72c95d1696f09f9e8\Llama-3.2-3B-Instruct-Q4_K_M.gguf --port 8080 --host 127.0.0.1 -c 8192 -ngl 20
2026-09-17 12:51:08,356 - sovereign.llama_cpp.lifecycle - INFO - Deployment 'Llama-3.2-3B-Instruct' loaded successfully and is ready.
2026-09-17 12:52:56,935 - sovereign.llama_cpp.lifecycle - INFO - Switching deployment to 'Llama-3.2-3B-Instruct'...
2026-09-17 12:52:56,937 - sovereign.llama_cpp.lifecycle - INFO - Loading deployment 'Llama-3.2-3B-Instruct' with command: C:\Users\Dell\AppData\Local\Microsoft\WinGet\Packages\ggml.llamacpp_Microsoft.Winget.Source_8wekyb3d8bbwe\llama-server.exe -m C:\Users\Dell\.cache\huggingface\hub\models--bartowski--Llama-3.2-3B-Instruct-GGUF\snapshots\5ab33fa94d1d04e903623ae72c95d1696f09f9e8\Llama-3.2-3B-Instruct-Q4_K_M.gguf --port 8080 --host 127.0.0.1 -c 8192 -ngl 20
2026-09-17 12:53:03,129 - sovereign.llama_cpp.lifecycle - INFO - Deployment 'Llama-3.2-3B-Instruct' loaded successfully and is ready.
2026-09-17 12:54:01,927 - sovereign.llama_cpp.lifecycle - INFO - Switching deployment to 'Llama-3.2-3B-Instruct'...
2026-09-17 12:54:01,929 - sovereign.llama_cpp.lifecycle - INFO - Loading deployment 'Llama-3.2-3B-Instruct' with command: C:\Users\Dell\AppData\Local\Microsoft\WinGet\Packages\ggml.llamacpp_Microsoft.Winget.Source_8wekyb3d8bbwe\llama-server.exe -m C:\Users\Dell\.cache\huggingface\hub\models--bartowski--Llama-3.2-3B-Instruct-GGUF\snapshots\5ab33fa94d1d04e903623ae72c95d1696f09f9e8\Llama-3.2-3B-Instruct-Q4_K_M.gguf --port 8080 --host 127.0.0.1 -c 8192 -ngl 20
2026-09-17 12:54:08,105 - sovereign.llama_cpp.lifecycle - INFO - Deployment 'Llama-3.2-3B-Instruct' loaded successfully and is ready.
2026-09-17 12:59:50,074 - sovereign.llama_cpp.lifecycle - INFO - Switching deployment to 'Llama-3.2-3B-Instruct'...
2026-09-17 12:59:50,077 - sovereign.llama_cpp.lifecycle - INFO - Loading deployment 'Llama-3.2-3B-Instruct' with command: C:\Users\Dell\AppData\Local\Microsoft\WinGet\Packages\ggml.llamacpp_Microsoft.Winget.Source_8wekyb3d8bbwe\llama-server.exe -m C:\Users\Dell\.cache\huggingface\hub\models--bartowski--Llama-3.2-3B-Instruct-GGUF\snapshots\5ab33fa94d1d04e903623ae72c95d1696f09f9e8\Llama-3.2-3B-Instruct-Q4_K_M.gguf --port 8080 --host 127.0.0.1 -c 8192 -ngl 20
2026-09-17 12:59:58,277 - sovereign.llama_cpp.lifecycle - INFO - Deployment 'Llama-3.2-3B-Instruct' loaded successfully and is ready.
2026-09-17 13:15:34,225 - sovereign.llama_cpp.lifecycle - INFO - Switching deployment to 'Llama-3.2-3B-Instruct'...
2026-09-17 13:15:34,227 - sovereign.llama_cpp.lifecycle - INFO - Loading deployment 'Llama-3.2-3B-Instruct' with command: C:\Users\Dell\AppData\Local\Microsoft\WinGet\Packages\ggml.llamacpp_Microsoft.Winget.Source_8wekyb3d8bbwe\llama-server.exe -m C:\Users\Dell\.cache\huggingface\hub\models--bartowski--Llama-3.2-3B-Instruct-GGUF\snapshots\5ab33fa94d1d04e903623ae72c95d1696f09f9e8\Llama-3.2-3B-Instruct-Q4_K_M.gguf --port 8080 --host 127.0.0.1 -c 8192 -ngl 20
2026-09-17 13:15:43,949 - sovereign.llama_cpp.lifecycle - INFO - Deployment 'Llama-3.2-3B-Instruct' loaded successfully and is ready.
2026-09-18 09:44:56,026 - httpx2 - INFO - HTTP Request: GET http://testserver/api/v1/health "HTTP/1.1 200 OK"
2026-09-18 09:44:56,086 - httpx2 - INFO - HTTP Request: POST http://testserver/api/v1/tasks "HTTP/1.1 200 OK"
2026-09-18 09:44:56,092 - httpx2 - INFO - HTTP Request: GET http://testserver/api/v1/tasks/task-b2cdb057 "HTTP/1.1 200 OK"
2026-09-18 09:44:56,124 - httpx2 - INFO - HTTP Request: POST http://testserver/api/v1/tasks "HTTP/1.1 422 Unprocessable Entity"
2026-09-18 09:44:56,148 - httpx2 - INFO - HTTP Request: GET http://testserver/api/v1/tasks/task-notexist "HTTP/1.1 404 Not Found"
2026-09-18 09:44:56,189 - httpx2 - INFO - HTTP Request: POST http://testserver/api/v1/tasks/task-7bd8fb53/run "HTTP/1.1 400 Bad Request"
2026-09-18 09:44:56,215 - httpx2 - INFO - HTTP Request: POST http://testserver/api/v1/tasks/task-7bd8fb53/run "HTTP/1.1 400 Bad Request"
2026-09-18 09:44:56,231 - httpx2 - INFO - HTTP Request: POST http://testserver/api/v1/tasks/task-7bd8fb53/run "HTTP/1.1 400 Bad Request"
2026-09-18 09:44:56,247 - httpx2 - INFO - HTTP Request: POST http://testserver/api/v1/tasks/task-7bd8fb53/run "HTTP/1.1 400 Bad Request"
2026-09-18 09:44:56,254 - httpx2 - INFO - HTTP Request: POST http://testserver/api/v1/tasks/task-notexist/run "HTTP/1.1 404 Not Found"
2026-09-18 09:44:56,294 - httpx2 - INFO - HTTP Request: POST http://testserver/api/v1/tasks/task-1a1ed496/run "HTTP/1.1 200 OK"
2026-09-18 09:44:56,299 - httpx2 - INFO - HTTP Request: POST http://testserver/api/v1/tasks/task-1a1ed496/run "HTTP/1.1 409 Conflict"
2026-09-18 09:44:56,522 - httpx2 - INFO - HTTP Request: POST http://testserver/api/v1/knowledge/documents "HTTP/1.1 400 Bad Request"
2026-09-18 09:44:56,554 - httpx2 - INFO - HTTP Request: POST http://testserver/api/v1/knowledge/documents "HTTP/1.1 413 Request Entity Too Large"
2026-09-18 09:44:56,585 - httpx2 - INFO - HTTP Request: GET http://testserver/api/v1/tasks/task-abc/artifacts "HTTP/1.1 200 OK"
2026-09-18 09:44:56,589 - httpx2 - INFO - HTTP Request: GET http://testserver/api/v1/artifacts/art-123 "HTTP/1.1 200 OK"
2026-09-18 09:44:56,600 - httpx2 - INFO - HTTP Request: GET http://testserver/api/v1/artifacts/art-notexist "HTTP/1.1 404 Not Found"
2026-09-18 09:44:56,700 - httpx2 - INFO - HTTP Request: GET http://testserver/api/v1/artifacts/art-hack "HTTP/1.1 404 Not Found"
2026-09-18 09:44:57,429 - httpx2 - INFO - HTTP Request: POST http://testserver/api/v1/tasks "HTTP/1.1 200 OK"
2026-09-18 09:44:57,487 - httpx2 - INFO - HTTP Request: POST http://testserver/api/v1/knowledge/documents "HTTP/1.1 200 OK"
2026-09-18 09:44:57,510 - sovereign.llama_cpp.lifecycle - INFO - Switching deployment to 'Llama-3.2-3B-Instruct'...
2026-09-18 09:44:57,510 - sovereign.llama_cpp.lifecycle - INFO - Loading deployment 'Llama-3.2-3B-Instruct' with command: C:\Users\Dell\AppData\Local\Microsoft\WinGet\Packages\ggml.llamacpp_Microsoft.Winget.Source_8wekyb3d8bbwe\llama-server.exe -m C:\Users\Dell\.cache\huggingface\hub\models--bartowski--Llama-3.2-3B-Instruct-GGUF\snapshots\5ab33fa94d1d04e903623ae72c95d1696f09f9e8\Llama-3.2-3B-Instruct-Q4_K_M.gguf --port 8080 --host 127.0.0.1 -c 8192 -ngl 20
2026-09-18 09:45:16,833 - sovereign.llama_cpp.lifecycle - INFO - Deployment 'Llama-3.2-3B-Instruct' loaded successfully and is ready.
2026-09-18 09:45:17,162 - httpx2 - INFO - HTTP Request: POST http://testserver/api/v1/tasks/task-5d10de6a/run "HTTP/1.1 200 OK"
2026-09-18 09:45:18,171 - httpx2 - INFO - HTTP Request: GET http://testserver/api/v1/tasks/task-5d10de6a "HTTP/1.1 200 OK"
2026-09-18 09:45:18,184 - httpx2 - INFO - HTTP Request: GET http://testserver/api/v1/tasks/task-5d10de6a/artifacts "HTTP/1.1 200 OK"
2026-09-18 09:45:18,194 - httpx2 - INFO - HTTP Request: GET http://testserver/api/v1/artifacts/art-d32f31dd "HTTP/1.1 200 OK"
2026-09-18 09:45:18,200 - httpx2 - INFO - HTTP Request: GET http://testserver/api/v1/artifacts/art-d4c9b231 "HTTP/1.1 200 OK"
2026-09-18 09:45:20,891 - httpx2 - INFO - HTTP Request: POST http://testserver/api/v1/knowledge/documents "HTTP/1.1 400 Bad Request"
2026-09-18 09:45:20,927 - httpx2 - INFO - HTTP Request: POST http://testserver/api/v1/knowledge/documents "HTTP/1.1 200 OK"
2026-09-18 09:45:21,357 - asyncio - DEBUG - Using proactor: IocpProactor
2026-09-18 09:45:21,381 - multipart.multipart - DEBUG - Calling on_part_begin with no data
2026-09-18 09:45:21,381 - multipart.multipart - DEBUG - Calling on_header_field with data[36:55]
2026-09-18 09:45:21,382 - multipart.multipart - DEBUG - Calling on_header_value with data[57:106]
2026-09-18 09:45:21,382 - multipart.multipart - DEBUG - Calling on_header_end with no data
2026-09-18 09:45:21,382 - multipart.multipart - DEBUG - Calling on_header_field with data[108:120]
2026-09-18 09:45:21,383 - multipart.multipart - DEBUG - Calling on_header_value with data[122:131]
2026-09-18 09:45:21,383 - multipart.multipart - DEBUG - Calling on_header_end with no data
2026-09-18 09:45:21,384 - multipart.multipart - DEBUG - Calling on_headers_finished with no data
2026-09-18 09:45:21,384 - multipart.multipart - DEBUG - Calling on_part_data with data[135:153]
2026-09-18 09:45:21,384 - multipart.multipart - DEBUG - Calling on_part_end with no data
2026-09-18 09:45:21,385 - multipart.multipart - DEBUG - Calling on_end with no data
2026-09-18 09:45:21,419 - httpx2 - INFO - HTTP Request: POST http://testserver/api/v1/knowledge/documents "HTTP/1.1 403 Forbidden"
2026-09-18 09:45:21,556 - sovereign.llama_cpp.lifecycle - INFO - Loading deployment 'Model1' with command: C:\Users\Dell\AppData\Local\Microsoft\WinGet\Packages\ggml.llamacpp_Microsoft.Winget.Source_8wekyb3d8bbwe\llama-server.exe -m C:\Users\Dell\AppData\Local\Temp\pytest-of-Dell\pytest-28\test_llama_cpp_adapter_and_lif0\model1.gguf --port 8080 --host 127.0.0.1 -c 2048 -ngl 10
2026-09-18 09:45:21,557 - sovereign.llama_cpp.lifecycle - INFO - Deployment 'Model1' loaded successfully and is ready.
2026-09-18 09:45:21,558 - sovereign.llama_cpp.lifecycle - INFO - Switching deployment to 'Model2'...
2026-09-18 09:45:21,559 - sovereign.llama_cpp.lifecycle - INFO - Stopping active llama-server deployment...
2026-09-18 09:45:21,560 - sovereign.llama_cpp.lifecycle - INFO - llama-server stopped.
2026-09-18 09:45:21,560 - sovereign.llama_cpp.lifecycle - INFO - Loading deployment 'Model2' with command: C:\Users\Dell\AppData\Local\Microsoft\WinGet\Packages\ggml.llamacpp_Microsoft.Winget.Source_8wekyb3d8bbwe\llama-server.exe -m C:\Users\Dell\AppData\Local\Temp\pytest-of-Dell\pytest-28\test_llama_cpp_adapter_and_lif0\model2.gguf --port 8081 --host 127.0.0.1 -c 4096 -ngl 20
2026-09-18 09:45:21,561 - sovereign.llama_cpp.lifecycle - INFO - Deployment 'Model2' loaded successfully and is ready.
2026-09-18 09:45:21,562 - sovereign.llama_cpp.lifecycle - INFO - Stopping active llama-server deployment...
2026-09-18 09:45:21,562 - sovereign.llama_cpp.lifecycle - INFO - llama-server stopped.
2026-09-18 09:45:26,451 - asyncio - DEBUG - Using proactor: IocpProactor
2026-09-18 09:45:26,457 - httpx2 - INFO - HTTP Request: GET http://testserver/api/v1/qualifications/passports "HTTP/1.1 200 OK"
2026-09-18 09:45:26,470 - asyncio - DEBUG - Using proactor: IocpProactor
2026-09-18 09:45:26,511 - httpx2 - INFO - HTTP Request: POST http://testserver/api/v1/tasks "HTTP/1.1 200 OK"
2026-09-18 09:45:26,514 - asyncio - DEBUG - Using proactor: IocpProactor
2026-09-18 09:45:26,522 - httpx2 - INFO - HTTP Request: GET http://testserver/api/v1/tasks/task-acd90c9a "HTTP/1.1 200 OK"
2026-09-18 09:45:26,525 - asyncio - DEBUG - Using proactor: IocpProactor
2026-09-18 09:45:26,541 - httpx2 - INFO - HTTP Request: POST http://testserver/api/v1/tasks "HTTP/1.1 400 Bad Request"
2026-09-18 09:45:26,545 - asyncio - DEBUG - Using proactor: IocpProactor
2026-09-18 09:45:26,561 - httpx2 - INFO - HTTP Request: POST http://testserver/api/v1/tasks "HTTP/1.1 200 OK"
2026-09-18 09:45:27,157 - sovereign.llama_cpp.lifecycle - INFO - Loading deployment 'test-model' with command: mock-server.exe -m /fake/model.gguf --port 8080 --host 127.0.0.1 -c 8192 -ngl 20
2026-09-18 09:45:27,158 - sovereign.llama_cpp.lifecycle - INFO - Deployment 'test-model' loaded successfully and is ready.
2026-09-18 09:45:27,158 - sovereign.llama_cpp.lifecycle - INFO - Stopping active llama-server deployment...
2026-09-18 09:45:27,159 - sovereign.llama_cpp.lifecycle - INFO - llama-server stopped.
2026-09-18 09:45:27,159 - sovereign.llama_cpp.lifecycle - INFO - Loading deployment 'test-vision-model' with command: mock-server.exe -m /fake/model.gguf --port 8080 --host 127.0.0.1 -c 8192 -ngl 20 --mmproj /fake/projector.gguf
2026-09-18 09:45:27,159 - sovereign.llama_cpp.lifecycle - INFO - Deployment 'test-vision-model' loaded successfully and is ready.
2026-09-18 09:45:27,218 - PIL.PngImagePlugin - DEBUG - STREAM b'IHDR' 16 13
2026-09-18 09:45:27,219 - PIL.PngImagePlugin - DEBUG - STREAM b'IDAT' 41 13308
2026-09-18 09:45:31,167 - PIL.PngImagePlugin - DEBUG - STREAM b'IHDR' 16 13
2026-09-18 09:45:31,168 - PIL.PngImagePlugin - DEBUG - STREAM b'IDAT' 41 14549
2026-09-18 09:45:34,658 - PIL.PngImagePlugin - DEBUG - STREAM b'IHDR' 16 13
2026-09-18 09:45:34,659 - PIL.PngImagePlugin - DEBUG - STREAM b'IDAT' 41 10362
2026-09-18 09:45:38,002 - PIL.PngImagePlugin - DEBUG - STREAM b'IHDR' 16 13
2026-09-18 09:45:38,003 - PIL.PngImagePlugin - DEBUG - STREAM b'IDAT' 41 6438
2026-09-18 09:45:38,049 - pypdf._reader - WARNING - EOF marker not found
2026-09-18 09:59:11,894 - sovereign.llama_cpp.lifecycle - INFO - Switching deployment to 'Llama-3.2-3B-Instruct'...
2026-09-18 09:59:11,896 - sovereign.llama_cpp.lifecycle - INFO - Loading deployment 'Llama-3.2-3B-Instruct' with command: C:\Users\Dell\AppData\Local\Microsoft\WinGet\Packages\ggml.llamacpp_Microsoft.Winget.Source_8wekyb3d8bbwe\llama-server.exe -m C:\Users\Dell\.cache\huggingface\hub\models--bartowski--Llama-3.2-3B-Instruct-GGUF\snapshots\5ab33fa94d1d04e903623ae72c95d1696f09f9e8\Llama-3.2-3B-Instruct-Q4_K_M.gguf --port 8080 --host 127.0.0.1 -c 8192 -ngl 20
2026-09-18 09:59:19,092 - sovereign.llama_cpp.lifecycle - INFO - Deployment 'Llama-3.2-3B-Instruct' loaded successfully and is ready.
2026-09-18 10:14:05,412 - sovereign.llama_cpp.lifecycle - INFO - Switching deployment to 'Llama-3.2-3B-Instruct'...
2026-09-18 10:14:05,412 - sovereign.llama_cpp.lifecycle - INFO - Loading deployment 'Llama-3.2-3B-Instruct' with command: C:\Users\Dell\AppData\Local\Microsoft\WinGet\Packages\ggml.llamacpp_Microsoft.Winget.Source_8wekyb3d8bbwe\llama-server.exe -m C:\Users\Dell\.cache\huggingface\hub\models--bartowski--Llama-3.2-3B-Instruct-GGUF\snapshots\5ab33fa94d1d04e903623ae72c95d1696f09f9e8\Llama-3.2-3B-Instruct-Q4_K_M.gguf --port 8080 --host 127.0.0.1 -c 8192 -ngl 20
2026-09-18 10:14:13,661 - sovereign.llama_cpp.lifecycle - INFO - Deployment 'Llama-3.2-3B-Instruct' loaded successfully and is ready.
2026-09-18 10:34:36,010 - httpx2 - INFO - HTTP Request: GET http://testserver/api/v1/health "HTTP/1.1 200 OK"
2026-09-18 10:34:36,093 - httpx2 - INFO - HTTP Request: POST http://testserver/api/v1/tasks "HTTP/1.1 200 OK"
2026-09-18 10:34:36,113 - httpx2 - INFO - HTTP Request: GET http://testserver/api/v1/tasks/task-6addca74 "HTTP/1.1 200 OK"
2026-09-18 10:34:36,159 - httpx2 - INFO - HTTP Request: POST http://testserver/api/v1/tasks "HTTP/1.1 422 Unprocessable Entity"
2026-09-18 10:34:36,193 - httpx2 - INFO - HTTP Request: GET http://testserver/api/v1/tasks/task-notexist "HTTP/1.1 404 Not Found"
2026-09-18 10:34:36,250 - httpx2 - INFO - HTTP Request: POST http://testserver/api/v1/tasks/task-9b8e49a1/run "HTTP/1.1 400 Bad Request"
2026-09-18 10:34:36,275 - httpx2 - INFO - HTTP Request: POST http://testserver/api/v1/tasks/task-9b8e49a1/run "HTTP/1.1 400 Bad Request"
2026-09-18 10:34:36,301 - httpx2 - INFO - HTTP Request: POST http://testserver/api/v1/tasks/task-9b8e49a1/run "HTTP/1.1 400 Bad Request"
2026-09-18 10:34:36,326 - httpx2 - INFO - HTTP Request: POST http://testserver/api/v1/tasks/task-9b8e49a1/run "HTTP/1.1 400 Bad Request"
2026-09-18 10:34:36,334 - httpx2 - INFO - HTTP Request: POST http://testserver/api/v1/tasks/task-notexist/run "HTTP/1.1 404 Not Found"
2026-09-18 10:34:36,382 - httpx2 - INFO - HTTP Request: POST http://testserver/api/v1/tasks/task-b61bacb9/run "HTTP/1.1 200 OK"
2026-09-18 10:34:36,383 - httpx2 - INFO - HTTP Request: POST http://testserver/api/v1/tasks/task-b61bacb9/run "HTTP/1.1 409 Conflict"
2026-09-18 10:34:36,617 - httpx2 - INFO - HTTP Request: POST http://testserver/api/v1/knowledge/documents "HTTP/1.1 400 Bad Request"
2026-09-18 10:34:36,650 - httpx2 - INFO - HTTP Request: POST http://testserver/api/v1/knowledge/documents "HTTP/1.1 413 Request Entity Too Large"
2026-09-18 10:34:36,683 - httpx2 - INFO - HTTP Request: GET http://testserver/api/v1/tasks/task-abc/artifacts "HTTP/1.1 200 OK"
2026-09-18 10:34:36,693 - httpx2 - INFO - HTTP Request: GET http://testserver/api/v1/artifacts/art-123 "HTTP/1.1 200 OK"
2026-09-18 10:34:36,703 - httpx2 - INFO - HTTP Request: GET http://testserver/api/v1/artifacts/art-notexist "HTTP/1.1 404 Not Found"
2026-09-18 10:34:36,822 - httpx2 - INFO - HTTP Request: GET http://testserver/api/v1/artifacts/art-hack "HTTP/1.1 404 Not Found"
2026-09-18 10:34:37,748 - httpx2 - INFO - HTTP Request: POST http://testserver/api/v1/tasks "HTTP/1.1 200 OK"
2026-09-18 10:34:37,829 - httpx2 - INFO - HTTP Request: POST http://testserver/api/v1/knowledge/documents "HTTP/1.1 200 OK"
2026-09-18 10:34:37,853 - sovereign.llama_cpp.lifecycle - INFO - Switching deployment to 'Llama-3.2-3B-Instruct'...
2026-09-18 10:34:37,855 - sovereign.llama_cpp.lifecycle - INFO - Loading deployment 'Llama-3.2-3B-Instruct' with command: C:\Users\Dell\AppData\Local\Microsoft\WinGet\Packages\ggml.llamacpp_Microsoft.Winget.Source_8wekyb3d8bbwe\llama-server.exe -m C:\Users\Dell\.cache\huggingface\hub\models--bartowski--Llama-3.2-3B-Instruct-GGUF\snapshots\5ab33fa94d1d04e903623ae72c95d1696f09f9e8\Llama-3.2-3B-Instruct-Q4_K_M.gguf --port 8080 --host 127.0.0.1 -c 8192 -ngl 20
2026-09-18 10:34:44,053 - sovereign.llama_cpp.lifecycle - INFO - Deployment 'Llama-3.2-3B-Instruct' loaded successfully and is ready.
2026-09-18 10:34:44,342 - httpx2 - INFO - HTTP Request: POST http://testserver/api/v1/tasks/task-ceccfc8e/run "HTTP/1.1 200 OK"
2026-09-18 10:34:45,360 - httpx2 - INFO - HTTP Request: GET http://testserver/api/v1/tasks/task-ceccfc8e "HTTP/1.1 200 OK"
2026-09-18 10:34:45,385 - httpx2 - INFO - HTTP Request: GET http://testserver/api/v1/tasks/task-ceccfc8e/artifacts "HTTP/1.1 200 OK"
2026-09-18 10:34:45,397 - httpx2 - INFO - HTTP Request: GET http://testserver/api/v1/artifacts/art-7d40ff41 "HTTP/1.1 200 OK"
2026-09-18 10:34:45,407 - httpx2 - INFO - HTTP Request: GET http://testserver/api/v1/artifacts/art-55090fbc "HTTP/1.1 200 OK"
2026-09-18 10:34:47,208 - httpx2 - INFO - HTTP Request: POST http://testserver/api/v1/knowledge/documents "HTTP/1.1 400 Bad Request"
2026-09-18 10:34:47,250 - httpx2 - INFO - HTTP Request: POST http://testserver/api/v1/knowledge/documents "HTTP/1.1 200 OK"
2026-09-18 10:34:47,718 - asyncio - DEBUG - Using proactor: IocpProactor
2026-09-18 10:34:47,734 - multipart.multipart - DEBUG - Calling on_part_begin with no data
2026-09-18 10:34:47,734 - multipart.multipart - DEBUG - Calling on_header_field with data[36:55]
2026-09-18 10:34:47,734 - multipart.multipart - DEBUG - Calling on_header_value with data[57:106]
2026-09-18 10:34:47,735 - multipart.multipart - DEBUG - Calling on_header_end with no data
2026-09-18 10:34:47,735 - multipart.multipart - DEBUG - Calling on_header_field with data[108:120]
2026-09-18 10:34:47,735 - multipart.multipart - DEBUG - Calling on_header_value with data[122:131]
2026-09-18 10:34:47,736 - multipart.multipart - DEBUG - Calling on_header_end with no data
2026-09-18 10:34:47,736 - multipart.multipart - DEBUG - Calling on_headers_finished with no data
2026-09-18 10:34:47,737 - multipart.multipart - DEBUG - Calling on_part_data with data[135:153]
2026-09-18 10:34:47,737 - multipart.multipart - DEBUG - Calling on_part_end with no data
2026-09-18 10:34:47,737 - multipart.multipart - DEBUG - Calling on_end with no data
2026-09-18 10:34:47,787 - httpx2 - INFO - HTTP Request: POST http://testserver/api/v1/knowledge/documents "HTTP/1.1 403 Forbidden"
2026-09-18 10:34:47,930 - sovereign.llama_cpp.lifecycle - INFO - Loading deployment 'Model1' with command: C:\Users\Dell\AppData\Local\Microsoft\WinGet\Packages\ggml.llamacpp_Microsoft.Winget.Source_8wekyb3d8bbwe\llama-server.exe -m C:\Users\Dell\AppData\Local\Temp\pytest-of-Dell\pytest-29\test_llama_cpp_adapter_and_lif0\model1.gguf --port 8080 --host 127.0.0.1 -c 2048 -ngl 10
2026-09-18 10:34:47,931 - sovereign.llama_cpp.lifecycle - INFO - Deployment 'Model1' loaded successfully and is ready.
2026-09-18 10:34:47,932 - sovereign.llama_cpp.lifecycle - INFO - Switching deployment to 'Model2'...
2026-09-18 10:34:47,933 - sovereign.llama_cpp.lifecycle - INFO - Stopping active llama-server deployment...
2026-09-18 10:34:47,934 - sovereign.llama_cpp.lifecycle - INFO - llama-server stopped.
2026-09-18 10:34:47,935 - sovereign.llama_cpp.lifecycle - INFO - Loading deployment 'Model2' with command: C:\Users\Dell\AppData\Local\Microsoft\WinGet\Packages\ggml.llamacpp_Microsoft.Winget.Source_8wekyb3d8bbwe\llama-server.exe -m C:\Users\Dell\AppData\Local\Temp\pytest-of-Dell\pytest-29\test_llama_cpp_adapter_and_lif0\model2.gguf --port 8081 --host 127.0.0.1 -c 4096 -ngl 20
2026-09-18 10:34:47,936 - sovereign.llama_cpp.lifecycle - INFO - Deployment 'Model2' loaded successfully and is ready.
2026-09-18 10:34:47,938 - sovereign.llama_cpp.lifecycle - INFO - Stopping active llama-server deployment...
2026-09-18 10:34:47,938 - sovereign.llama_cpp.lifecycle - INFO - llama-server stopped.
2026-09-18 10:34:52,931 - asyncio - DEBUG - Using proactor: IocpProactor
2026-09-18 10:34:52,940 - httpx2 - INFO - HTTP Request: GET http://testserver/api/v1/qualifications/passports "HTTP/1.1 200 OK"
2026-09-18 10:34:52,957 - asyncio - DEBUG - Using proactor: IocpProactor
2026-09-18 10:34:53,003 - httpx2 - INFO - HTTP Request: POST http://testserver/api/v1/tasks "HTTP/1.1 200 OK"
2026-09-18 10:34:53,007 - asyncio - DEBUG - Using proactor: IocpProactor
2026-09-18 10:34:53,016 - httpx2 - INFO - HTTP Request: GET http://testserver/api/v1/tasks/task-a63a772d "HTTP/1.1 200 OK"
2026-09-18 10:34:53,019 - asyncio - DEBUG - Using proactor: IocpProactor
2026-09-18 10:34:53,039 - httpx2 - INFO - HTTP Request: POST http://testserver/api/v1/tasks "HTTP/1.1 400 Bad Request"
2026-09-18 10:34:53,044 - asyncio - DEBUG - Using proactor: IocpProactor
2026-09-18 10:34:53,063 - httpx2 - INFO - HTTP Request: POST http://testserver/api/v1/tasks "HTTP/1.1 200 OK"
2026-09-18 10:34:53,714 - sovereign.llama_cpp.lifecycle - INFO - Loading deployment 'test-model' with command: mock-server.exe -m /fake/model.gguf --port 8080 --host 127.0.0.1 -c 8192 -ngl 20
2026-09-18 10:34:53,714 - sovereign.llama_cpp.lifecycle - INFO - Deployment 'test-model' loaded successfully and is ready.
2026-09-18 10:34:53,715 - sovereign.llama_cpp.lifecycle - INFO - Stopping active llama-server deployment...
2026-09-18 10:34:53,715 - sovereign.llama_cpp.lifecycle - INFO - llama-server stopped.
2026-09-18 10:34:53,716 - sovereign.llama_cpp.lifecycle - INFO - Loading deployment 'test-vision-model' with command: mock-server.exe -m /fake/model.gguf --port 8080 --host 127.0.0.1 -c 8192 -ngl 20 --mmproj /fake/projector.gguf
2026-09-18 10:34:53,716 - sovereign.llama_cpp.lifecycle - INFO - Deployment 'test-vision-model' loaded successfully and is ready.
2026-09-18 10:34:53,760 - PIL.PngImagePlugin - DEBUG - STREAM b'IHDR' 16 13
2026-09-18 10:34:53,760 - PIL.PngImagePlugin - DEBUG - STREAM b'IDAT' 41 13308
2026-09-18 10:34:58,004 - PIL.PngImagePlugin - DEBUG - STREAM b'IHDR' 16 13
2026-09-18 10:34:58,005 - PIL.PngImagePlugin - DEBUG - STREAM b'IDAT' 41 14549
2026-09-18 10:35:01,629 - PIL.PngImagePlugin - DEBUG - STREAM b'IHDR' 16 13
2026-09-18 10:35:01,630 - PIL.PngImagePlugin - DEBUG - STREAM b'IDAT' 41 10362
2026-09-18 10:35:05,181 - PIL.PngImagePlugin - DEBUG - STREAM b'IHDR' 16 13
2026-09-18 10:35:05,181 - PIL.PngImagePlugin - DEBUG - STREAM b'IDAT' 41 6438
2026-09-18 10:35:05,225 - pypdf._reader - WARNING - EOF marker not found
2026-09-18 10:39:36,405 - httpx2 - INFO - HTTP Request: GET http://testserver/api/v1/health "HTTP/1.1 200 OK"
2026-09-18 10:39:36,462 - httpx2 - INFO - HTTP Request: POST http://testserver/api/v1/tasks "HTTP/1.1 200 OK"
2026-09-18 10:39:36,471 - httpx2 - INFO - HTTP Request: GET http://testserver/api/v1/tasks/task-562b4428 "HTTP/1.1 200 OK"
2026-09-18 10:39:36,516 - httpx2 - INFO - HTTP Request: POST http://testserver/api/v1/tasks "HTTP/1.1 422 Unprocessable Entity"
2026-09-18 10:39:36,559 - httpx2 - INFO - HTTP Request: GET http://testserver/api/v1/tasks/task-notexist "HTTP/1.1 404 Not Found"
2026-09-18 10:39:36,609 - httpx2 - INFO - HTTP Request: POST http://testserver/api/v1/tasks/task-8ed5c79f/run "HTTP/1.1 400 Bad Request"
2026-09-18 10:39:36,635 - httpx2 - INFO - HTTP Request: POST http://testserver/api/v1/tasks/task-8ed5c79f/run "HTTP/1.1 400 Bad Request"
2026-09-18 10:39:36,657 - httpx2 - INFO - HTTP Request: POST http://testserver/api/v1/tasks/task-8ed5c79f/run "HTTP/1.1 400 Bad Request"
2026-09-18 10:39:36,688 - httpx2 - INFO - HTTP Request: POST http://testserver/api/v1/tasks/task-8ed5c79f/run "HTTP/1.1 400 Bad Request"
2026-09-18 10:39:36,699 - httpx2 - INFO - HTTP Request: POST http://testserver/api/v1/tasks/task-notexist/run "HTTP/1.1 404 Not Found"
2026-09-18 10:39:36,761 - httpx2 - INFO - HTTP Request: POST http://testserver/api/v1/tasks/task-8e7fcaf6/run "HTTP/1.1 200 OK"
2026-09-18 10:39:36,768 - httpx2 - INFO - HTTP Request: POST http://testserver/api/v1/tasks/task-8e7fcaf6/run "HTTP/1.1 409 Conflict"
2026-09-18 10:39:36,983 - httpx2 - INFO - HTTP Request: POST http://testserver/api/v1/knowledge/documents "HTTP/1.1 400 Bad Request"
2026-09-18 10:39:37,015 - httpx2 - INFO - HTTP Request: POST http://testserver/api/v1/knowledge/documents "HTTP/1.1 413 Request Entity Too Large"
2026-09-18 10:39:37,044 - httpx2 - INFO - HTTP Request: GET http://testserver/api/v1/tasks/task-abc/artifacts "HTTP/1.1 200 OK"
2026-09-18 10:39:37,056 - httpx2 - INFO - HTTP Request: GET http://testserver/api/v1/artifacts/art-123 "HTTP/1.1 200 OK"
2026-09-18 10:39:37,058 - httpx2 - INFO - HTTP Request: GET http://testserver/api/v1/artifacts/art-notexist "HTTP/1.1 404 Not Found"
2026-09-18 10:39:37,156 - httpx2 - INFO - HTTP Request: GET http://testserver/api/v1/artifacts/art-hack "HTTP/1.1 404 Not Found"
2026-09-18 10:39:37,933 - httpx2 - INFO - HTTP Request: POST http://testserver/api/v1/tasks "HTTP/1.1 200 OK"
2026-09-18 10:39:37,999 - httpx2 - INFO - HTTP Request: POST http://testserver/api/v1/knowledge/documents "HTTP/1.1 200 OK"
2026-09-18 10:39:38,031 - sovereign.llama_cpp.lifecycle - INFO - Switching deployment to 'Llama-3.2-3B-Instruct'...
2026-09-18 10:39:38,032 - sovereign.llama_cpp.lifecycle - INFO - Loading deployment 'Llama-3.2-3B-Instruct' with command: C:\Users\Dell\AppData\Local\Microsoft\WinGet\Packages\ggml.llamacpp_Microsoft.Winget.Source_8wekyb3d8bbwe\llama-server.exe -m C:\Users\Dell\.cache\huggingface\hub\models--bartowski--Llama-3.2-3B-Instruct-GGUF\snapshots\5ab33fa94d1d04e903623ae72c95d1696f09f9e8\Llama-3.2-3B-Instruct-Q4_K_M.gguf --port 8080 --host 127.0.0.1 -c 8192 -ngl 20
2026-09-18 10:39:43,728 - sovereign.llama_cpp.lifecycle - INFO - Deployment 'Llama-3.2-3B-Instruct' loaded successfully and is ready.
2026-09-18 10:39:43,966 - httpx2 - INFO - HTTP Request: POST http://testserver/api/v1/tasks/task-25698ce6/run "HTTP/1.1 200 OK"
2026-09-18 10:39:44,981 - httpx2 - INFO - HTTP Request: GET http://testserver/api/v1/tasks/task-25698ce6 "HTTP/1.1 200 OK"
2026-09-18 10:39:45,007 - httpx2 - INFO - HTTP Request: GET http://testserver/api/v1/tasks/task-25698ce6/artifacts "HTTP/1.1 200 OK"
2026-09-18 10:39:45,020 - httpx2 - INFO - HTTP Request: GET http://testserver/api/v1/artifacts/art-733dd499 "HTTP/1.1 200 OK"
2026-09-18 10:39:45,034 - httpx2 - INFO - HTTP Request: GET http://testserver/api/v1/artifacts/art-4aacc0df "HTTP/1.1 200 OK"
2026-09-18 10:39:46,614 - httpx2 - INFO - HTTP Request: POST http://testserver/api/v1/knowledge/documents "HTTP/1.1 400 Bad Request"
2026-09-18 10:39:46,648 - httpx2 - INFO - HTTP Request: POST http://testserver/api/v1/knowledge/documents "HTTP/1.1 200 OK"
2026-09-18 10:39:47,134 - asyncio - DEBUG - Using proactor: IocpProactor
2026-09-18 10:39:47,149 - multipart.multipart - DEBUG - Calling on_part_begin with no data
2026-09-18 10:39:47,150 - multipart.multipart - DEBUG - Calling on_header_field with data[36:55]
2026-09-18 10:39:47,150 - multipart.multipart - DEBUG - Calling on_header_value with data[57:106]
2026-09-18 10:39:47,151 - multipart.multipart - DEBUG - Calling on_header_end with no data
2026-09-18 10:39:47,151 - multipart.multipart - DEBUG - Calling on_header_field with data[108:120]
2026-09-18 10:39:47,151 - multipart.multipart - DEBUG - Calling on_header_value with data[122:131]
2026-09-18 10:39:47,152 - multipart.multipart - DEBUG - Calling on_header_end with no data
2026-09-18 10:39:47,152 - multipart.multipart - DEBUG - Calling on_headers_finished with no data
2026-09-18 10:39:47,153 - multipart.multipart - DEBUG - Calling on_part_data with data[135:153]
2026-09-18 10:39:47,153 - multipart.multipart - DEBUG - Calling on_part_end with no data
2026-09-18 10:39:47,153 - multipart.multipart - DEBUG - Calling on_end with no data
2026-09-18 10:39:47,186 - httpx2 - INFO - HTTP Request: POST http://testserver/api/v1/knowledge/documents "HTTP/1.1 403 Forbidden"
2026-09-18 10:39:47,322 - sovereign.llama_cpp.lifecycle - INFO - Loading deployment 'Model1' with command: C:\Users\Dell\AppData\Local\Microsoft\WinGet\Packages\ggml.llamacpp_Microsoft.Winget.Source_8wekyb3d8bbwe\llama-server.exe -m C:\Users\Dell\AppData\Local\Temp\pytest-of-Dell\pytest-30\test_llama_cpp_adapter_and_lif0\model1.gguf --port 8080 --host 127.0.0.1 -c 2048 -ngl 10
2026-09-18 10:39:47,324 - sovereign.llama_cpp.lifecycle - INFO - Deployment 'Model1' loaded successfully and is ready.
2026-09-18 10:39:47,326 - sovereign.llama_cpp.lifecycle - INFO - Switching deployment to 'Model2'...
2026-09-18 10:39:47,327 - sovereign.llama_cpp.lifecycle - INFO - Stopping active llama-server deployment...
2026-09-18 10:39:47,327 - sovereign.llama_cpp.lifecycle - INFO - llama-server stopped.
2026-09-18 10:39:47,328 - sovereign.llama_cpp.lifecycle - INFO - Loading deployment 'Model2' with command: C:\Users\Dell\AppData\Local\Microsoft\WinGet\Packages\ggml.llamacpp_Microsoft.Winget.Source_8wekyb3d8bbwe\llama-server.exe -m C:\Users\Dell\AppData\Local\Temp\pytest-of-Dell\pytest-30\test_llama_cpp_adapter_and_lif0\model2.gguf --port 8081 --host 127.0.0.1 -c 4096 -ngl 20
2026-09-18 10:39:47,329 - sovereign.llama_cpp.lifecycle - INFO - Deployment 'Model2' loaded successfully and is ready.
2026-09-18 10:39:47,329 - sovereign.llama_cpp.lifecycle - INFO - Stopping active llama-server deployment...
2026-09-18 10:39:47,330 - sovereign.llama_cpp.lifecycle - INFO - llama-server stopped.
2026-09-18 10:39:52,362 - asyncio - DEBUG - Using proactor: IocpProactor
2026-09-18 10:39:52,369 - httpx2 - INFO - HTTP Request: GET http://testserver/api/v1/qualifications/passports "HTTP/1.1 200 OK"
2026-09-18 10:39:52,385 - asyncio - DEBUG - Using proactor: IocpProactor
2026-09-18 10:39:52,429 - httpx2 - INFO - HTTP Request: POST http://testserver/api/v1/tasks "HTTP/1.1 200 OK"
2026-09-18 10:39:52,434 - asyncio - DEBUG - Using proactor: IocpProactor
2026-09-18 10:39:52,445 - httpx2 - INFO - HTTP Request: GET http://testserver/api/v1/tasks/task-ced4cbc8 "HTTP/1.1 200 OK"
2026-09-18 10:39:52,450 - asyncio - DEBUG - Using proactor: IocpProactor
2026-09-18 10:39:52,468 - httpx2 - INFO - HTTP Request: POST http://testserver/api/v1/tasks "HTTP/1.1 400 Bad Request"
2026-09-18 10:39:52,472 - asyncio - DEBUG - Using proactor: IocpProactor
2026-09-18 10:39:52,490 - httpx2 - INFO - HTTP Request: POST http://testserver/api/v1/tasks "HTTP/1.1 200 OK"
2026-09-18 10:39:53,158 - sovereign.llama_cpp.lifecycle - INFO - Loading deployment 'test-model' with command: mock-server.exe -m /fake/model.gguf --port 8080 --host 127.0.0.1 -c 8192 -ngl 20
2026-09-18 10:39:53,159 - sovereign.llama_cpp.lifecycle - INFO - Deployment 'test-model' loaded successfully and is ready.
2026-09-18 10:39:53,159 - sovereign.llama_cpp.lifecycle - INFO - Stopping active llama-server deployment...
2026-09-18 10:39:53,160 - sovereign.llama_cpp.lifecycle - INFO - llama-server stopped.
2026-09-18 10:39:53,160 - sovereign.llama_cpp.lifecycle - INFO - Loading deployment 'test-vision-model' with command: mock-server.exe -m /fake/model.gguf --port 8080 --host 127.0.0.1 -c 8192 -ngl 20 --mmproj /fake/projector.gguf
2026-09-18 10:39:53,160 - sovereign.llama_cpp.lifecycle - INFO - Deployment 'test-vision-model' loaded successfully and is ready.
2026-09-18 10:39:53,201 - PIL.PngImagePlugin - DEBUG - STREAM b'IHDR' 16 13
2026-09-18 10:39:53,201 - PIL.PngImagePlugin - DEBUG - STREAM b'IDAT' 41 13308
2026-09-18 10:39:56,884 - PIL.PngImagePlugin - DEBUG - STREAM b'IHDR' 16 13
2026-09-18 10:39:56,886 - PIL.PngImagePlugin - DEBUG - STREAM b'IDAT' 41 14549
2026-09-18 10:40:00,458 - PIL.PngImagePlugin - DEBUG - STREAM b'IHDR' 16 13
2026-09-18 10:40:00,460 - PIL.PngImagePlugin - DEBUG - STREAM b'IDAT' 41 10362
2026-09-18 10:40:03,834 - PIL.PngImagePlugin - DEBUG - STREAM b'IHDR' 16 13
2026-09-18 10:40:03,835 - PIL.PngImagePlugin - DEBUG - STREAM b'IDAT' 41 6438
2026-09-18 10:40:03,880 - pypdf._reader - WARNING - EOF marker not found
2026-09-18 10:53:11,760 - httpx2 - INFO - HTTP Request: GET http://testserver/api/v1/health "HTTP/1.1 200 OK"
2026-09-18 10:53:11,908 - httpx2 - INFO - HTTP Request: POST http://testserver/api/v1/tasks "HTTP/1.1 200 OK"
2026-09-18 10:53:11,923 - httpx2 - INFO - HTTP Request: GET http://testserver/api/v1/tasks/task-0e26fdf6 "HTTP/1.1 200 OK"
2026-09-18 10:53:11,951 - httpx2 - INFO - HTTP Request: POST http://testserver/api/v1/tasks "HTTP/1.1 422 Unprocessable Entity"
2026-09-18 10:53:11,983 - httpx2 - INFO - HTTP Request: GET http://testserver/api/v1/tasks/task-notexist "HTTP/1.1 404 Not Found"
2026-09-18 10:53:12,039 - httpx2 - INFO - HTTP Request: POST http://testserver/api/v1/tasks/task-b68971d4/run "HTTP/1.1 400 Bad Request"
2026-09-18 10:53:12,061 - httpx2 - INFO - HTTP Request: POST http://testserver/api/v1/tasks/task-b68971d4/run "HTTP/1.1 400 Bad Request"
2026-09-18 10:53:12,091 - httpx2 - INFO - HTTP Request: POST http://testserver/api/v1/tasks/task-b68971d4/run "HTTP/1.1 400 Bad Request"
2026-09-18 10:53:12,128 - httpx2 - INFO - HTTP Request: POST http://testserver/api/v1/tasks/task-b68971d4/run "HTTP/1.1 400 Bad Request"
2026-09-18 10:53:12,139 - httpx2 - INFO - HTTP Request: POST http://testserver/api/v1/tasks/task-notexist/run "HTTP/1.1 404 Not Found"
2026-09-18 10:53:12,233 - httpx2 - INFO - HTTP Request: POST http://testserver/api/v1/tasks/task-128a1731/run "HTTP/1.1 200 OK"
2026-09-18 10:53:12,233 - httpx2 - INFO - HTTP Request: POST http://testserver/api/v1/tasks/task-128a1731/run "HTTP/1.1 409 Conflict"
2026-09-18 10:53:12,828 - httpx2 - INFO - HTTP Request: POST http://testserver/api/v1/knowledge/documents "HTTP/1.1 400 Bad Request"
2026-09-18 10:53:12,902 - httpx2 - INFO - HTTP Request: POST http://testserver/api/v1/knowledge/documents "HTTP/1.1 413 Request Entity Too Large"
2026-09-18 10:53:12,979 - httpx2 - INFO - HTTP Request: GET http://testserver/api/v1/tasks/task-abc/artifacts "HTTP/1.1 200 OK"
2026-09-18 10:53:13,000 - httpx2 - INFO - HTTP Request: GET http://testserver/api/v1/artifacts/art-123 "HTTP/1.1 200 OK"
2026-09-18 10:53:13,021 - httpx2 - INFO - HTTP Request: GET http://testserver/api/v1/artifacts/art-notexist "HTTP/1.1 404 Not Found"
2026-09-18 10:53:13,241 - httpx2 - INFO - HTTP Request: GET http://testserver/api/v1/artifacts/art-hack "HTTP/1.1 404 Not Found"
2026-09-18 10:53:14,721 - httpx2 - INFO - HTTP Request: POST http://testserver/api/v1/tasks "HTTP/1.1 200 OK"
2026-09-18 10:53:14,820 - httpx2 - INFO - HTTP Request: POST http://testserver/api/v1/knowledge/documents "HTTP/1.1 200 OK"
2026-09-18 10:53:14,848 - sovereign.llama_cpp.lifecycle - INFO - Switching deployment to 'Llama-3.2-3B-Instruct'...
2026-09-18 10:53:14,850 - sovereign.llama_cpp.lifecycle - INFO - Loading deployment 'Llama-3.2-3B-Instruct' with command: C:\Users\Dell\AppData\Local\Microsoft\WinGet\Packages\ggml.llamacpp_Microsoft.Winget.Source_8wekyb3d8bbwe\llama-server.exe -m C:\Users\Dell\.cache\huggingface\hub\models--bartowski--Llama-3.2-3B-Instruct-GGUF\snapshots\5ab33fa94d1d04e903623ae72c95d1696f09f9e8\Llama-3.2-3B-Instruct-Q4_K_M.gguf --port 8080 --host 127.0.0.1 -c 8192 -ngl 20
2026-09-18 10:53:19,996 - sovereign.llama_cpp.lifecycle - INFO - Deployment 'Llama-3.2-3B-Instruct' loaded successfully and is ready.
2026-09-18 10:53:20,493 - httpx2 - INFO - HTTP Request: POST http://testserver/api/v1/tasks/task-f24112b5/run "HTTP/1.1 200 OK"
2026-09-18 10:53:21,511 - httpx2 - INFO - HTTP Request: GET http://testserver/api/v1/tasks/task-f24112b5 "HTTP/1.1 200 OK"
2026-09-18 10:53:21,537 - httpx2 - INFO - HTTP Request: GET http://testserver/api/v1/tasks/task-f24112b5/artifacts "HTTP/1.1 200 OK"
2026-09-18 10:53:21,556 - httpx2 - INFO - HTTP Request: GET http://testserver/api/v1/artifacts/art-00588175 "HTTP/1.1 200 OK"
2026-09-18 10:53:21,571 - httpx2 - INFO - HTTP Request: GET http://testserver/api/v1/artifacts/art-735cb482 "HTTP/1.1 200 OK"
2026-09-18 10:53:23,447 - httpx2 - INFO - HTTP Request: POST http://testserver/api/v1/knowledge/documents "HTTP/1.1 400 Bad Request"
2026-09-18 10:53:23,526 - httpx2 - INFO - HTTP Request: POST http://testserver/api/v1/knowledge/documents "HTTP/1.1 200 OK"
2026-09-18 10:53:24,084 - asyncio - DEBUG - Using proactor: IocpProactor
2026-09-18 10:53:24,119 - multipart.multipart - DEBUG - Calling on_part_begin with no data
2026-09-18 10:53:24,119 - multipart.multipart - DEBUG - Calling on_header_field with data[36:55]
2026-09-18 10:53:24,119 - multipart.multipart - DEBUG - Calling on_header_value with data[57:106]
2026-09-18 10:53:24,119 - multipart.multipart - DEBUG - Calling on_header_end with no data
2026-09-18 10:53:24,119 - multipart.multipart - DEBUG - Calling on_header_field with data[108:120]
2026-09-18 10:53:24,119 - multipart.multipart - DEBUG - Calling on_header_value with data[122:131]
2026-09-18 10:53:24,119 - multipart.multipart - DEBUG - Calling on_header_end with no data
2026-09-18 10:53:24,119 - multipart.multipart - DEBUG - Calling on_headers_finished with no data
2026-09-18 10:53:24,119 - multipart.multipart - DEBUG - Calling on_part_data with data[135:153]
2026-09-18 10:53:24,135 - multipart.multipart - DEBUG - Calling on_part_end with no data
2026-09-18 10:53:24,135 - multipart.multipart - DEBUG - Calling on_end with no data
2026-09-18 10:53:24,182 - httpx2 - INFO - HTTP Request: POST http://testserver/api/v1/knowledge/documents "HTTP/1.1 403 Forbidden"
2026-09-18 10:53:24,355 - sovereign.llama_cpp.lifecycle - INFO - Loading deployment 'Model1' with command: C:\Users\Dell\AppData\Local\Microsoft\WinGet\Packages\ggml.llamacpp_Microsoft.Winget.Source_8wekyb3d8bbwe\llama-server.exe -m C:\Users\Dell\AppData\Local\Temp\pytest-of-Dell\pytest-31\test_llama_cpp_adapter_and_lif0\model1.gguf --port 8080 --host 127.0.0.1 -c 2048 -ngl 10
2026-09-18 10:53:24,356 - sovereign.llama_cpp.lifecycle - INFO - Deployment 'Model1' loaded successfully and is ready.
2026-09-18 10:53:24,356 - sovereign.llama_cpp.lifecycle - INFO - Switching deployment to 'Model2'...
2026-09-18 10:53:24,356 - sovereign.llama_cpp.lifecycle - INFO - Stopping active llama-server deployment...
2026-09-18 10:53:24,356 - sovereign.llama_cpp.lifecycle - INFO - llama-server stopped.
2026-09-18 10:53:24,356 - sovereign.llama_cpp.lifecycle - INFO - Loading deployment 'Model2' with command: C:\Users\Dell\AppData\Local\Microsoft\WinGet\Packages\ggml.llamacpp_Microsoft.Winget.Source_8wekyb3d8bbwe\llama-server.exe -m C:\Users\Dell\AppData\Local\Temp\pytest-of-Dell\pytest-31\test_llama_cpp_adapter_and_lif0\model2.gguf --port 8081 --host 127.0.0.1 -c 4096 -ngl 20
2026-09-18 10:53:24,356 - sovereign.llama_cpp.lifecycle - INFO - Deployment 'Model2' loaded successfully and is ready.
2026-09-18 10:53:24,356 - sovereign.llama_cpp.lifecycle - INFO - Stopping active llama-server deployment...
2026-09-18 10:53:24,356 - sovereign.llama_cpp.lifecycle - INFO - llama-server stopped.
2026-09-18 10:53:29,773 - asyncio - DEBUG - Using proactor: IocpProactor
2026-09-18 10:53:29,789 - httpx2 - INFO - HTTP Request: GET http://testserver/api/v1/qualifications/passports "HTTP/1.1 200 OK"
2026-09-18 10:53:29,811 - asyncio - DEBUG - Using proactor: IocpProactor
2026-09-18 10:53:29,857 - httpx2 - INFO - HTTP Request: POST http://testserver/api/v1/tasks "HTTP/1.1 200 OK"
2026-09-18 10:53:29,861 - asyncio - DEBUG - Using proactor: IocpProactor
2026-09-18 10:53:29,868 - httpx2 - INFO - HTTP Request: GET http://testserver/api/v1/tasks/task-af28e6fe "HTTP/1.1 200 OK"
2026-09-18 10:53:29,873 - asyncio - DEBUG - Using proactor: IocpProactor
2026-09-18 10:53:29,894 - httpx2 - INFO - HTTP Request: POST http://testserver/api/v1/tasks "HTTP/1.1 400 Bad Request"
2026-09-18 10:53:29,898 - asyncio - DEBUG - Using proactor: IocpProactor
2026-09-18 10:53:29,917 - httpx2 - INFO - HTTP Request: POST http://testserver/api/v1/tasks "HTTP/1.1 200 OK"
2026-09-18 10:53:30,620 - sovereign.llama_cpp.lifecycle - INFO - Loading deployment 'test-model' with command: mock-server.exe -m /fake/model.gguf --port 8080 --host 127.0.0.1 -c 8192 -ngl 20
2026-09-18 10:53:30,623 - sovereign.llama_cpp.lifecycle - INFO - Deployment 'test-model' loaded successfully and is ready.
2026-09-18 10:53:30,623 - sovereign.llama_cpp.lifecycle - INFO - Stopping active llama-server deployment...
2026-09-18 10:53:30,625 - sovereign.llama_cpp.lifecycle - INFO - llama-server stopped.
2026-09-18 10:53:30,627 - sovereign.llama_cpp.lifecycle - INFO - Loading deployment 'test-vision-model' with command: mock-server.exe -m /fake/model.gguf --port 8080 --host 127.0.0.1 -c 8192 -ngl 20 --mmproj /fake/projector.gguf
2026-09-18 10:53:30,628 - sovereign.llama_cpp.lifecycle - INFO - Deployment 'test-vision-model' loaded successfully and is ready.
2026-09-18 10:53:30,743 - PIL.PngImagePlugin - DEBUG - STREAM b'IHDR' 16 13
2026-09-18 10:53:30,743 - PIL.PngImagePlugin - DEBUG - STREAM b'IDAT' 41 13308
2026-09-18 10:53:34,711 - PIL.PngImagePlugin - DEBUG - STREAM b'IHDR' 16 13
2026-09-18 10:53:34,711 - PIL.PngImagePlugin - DEBUG - STREAM b'IDAT' 41 14549
2026-09-18 10:53:39,325 - PIL.PngImagePlugin - DEBUG - STREAM b'IHDR' 16 13
2026-09-18 10:53:39,326 - PIL.PngImagePlugin - DEBUG - STREAM b'IDAT' 41 10362
2026-09-18 10:53:43,052 - PIL.PngImagePlugin - DEBUG - STREAM b'IHDR' 16 13
2026-09-18 10:53:43,053 - PIL.PngImagePlugin - DEBUG - STREAM b'IDAT' 41 6438
2026-09-18 10:53:43,099 - pypdf._reader - WARNING - EOF marker not found
2026-09-18 10:55:50,099 - httpx2 - INFO - HTTP Request: GET http://testserver/api/v1/health "HTTP/1.1 200 OK"
2026-09-18 10:55:50,266 - httpx2 - INFO - HTTP Request: POST http://testserver/api/v1/tasks "HTTP/1.1 200 OK"
2026-09-18 10:55:50,297 - httpx2 - INFO - HTTP Request: GET http://testserver/api/v1/tasks/task-a2a5ee88 "HTTP/1.1 200 OK"
2026-09-18 10:55:50,401 - httpx2 - INFO - HTTP Request: POST http://testserver/api/v1/tasks "HTTP/1.1 422 Unprocessable Entity"
2026-09-18 10:55:50,500 - httpx2 - INFO - HTTP Request: GET http://testserver/api/v1/tasks/task-notexist "HTTP/1.1 404 Not Found"
2026-09-18 10:55:50,628 - httpx2 - INFO - HTTP Request: POST http://testserver/api/v1/tasks/task-83617424/run "HTTP/1.1 400 Bad Request"
2026-09-18 10:55:50,673 - httpx2 - INFO - HTTP Request: POST http://testserver/api/v1/tasks/task-83617424/run "HTTP/1.1 400 Bad Request"
2026-09-18 10:55:50,718 - httpx2 - INFO - HTTP Request: POST http://testserver/api/v1/tasks/task-83617424/run "HTTP/1.1 400 Bad Request"
2026-09-18 10:55:50,755 - httpx2 - INFO - HTTP Request: POST http://testserver/api/v1/tasks/task-83617424/run "HTTP/1.1 400 Bad Request"
2026-09-18 10:55:50,771 - httpx2 - INFO - HTTP Request: POST http://testserver/api/v1/tasks/task-notexist/run "HTTP/1.1 404 Not Found"
2026-09-18 10:55:50,906 - httpx2 - INFO - HTTP Request: POST http://testserver/api/v1/tasks/task-402474d1/run "HTTP/1.1 200 OK"
2026-09-18 10:55:50,947 - httpx2 - INFO - HTTP Request: POST http://testserver/api/v1/tasks/task-402474d1/run "HTTP/1.1 409 Conflict"
2026-09-18 10:55:51,571 - httpx2 - INFO - HTTP Request: POST http://testserver/api/v1/knowledge/documents "HTTP/1.1 400 Bad Request"
2026-09-18 10:55:51,665 - httpx2 - INFO - HTTP Request: POST http://testserver/api/v1/knowledge/documents "HTTP/1.1 413 Request Entity Too Large"
2026-09-18 10:55:51,770 - httpx2 - INFO - HTTP Request: GET http://testserver/api/v1/tasks/task-abc/artifacts "HTTP/1.1 200 OK"
2026-09-18 10:55:51,805 - httpx2 - INFO - HTTP Request: GET http://testserver/api/v1/artifacts/art-123 "HTTP/1.1 200 OK"
2026-09-18 10:55:51,820 - httpx2 - INFO - HTTP Request: GET http://testserver/api/v1/artifacts/art-notexist "HTTP/1.1 404 Not Found"
2026-09-18 10:55:52,213 - httpx2 - INFO - HTTP Request: GET http://testserver/api/v1/artifacts/art-hack "HTTP/1.1 404 Not Found"
2026-09-18 10:55:53,993 - httpx2 - INFO - HTTP Request: POST http://testserver/api/v1/tasks "HTTP/1.1 200 OK"
2026-09-18 10:55:54,163 - httpx2 - INFO - HTTP Request: POST http://testserver/api/v1/knowledge/documents "HTTP/1.1 200 OK"
2026-09-18 10:55:54,253 - sovereign.llama_cpp.lifecycle - INFO - Switching deployment to 'Llama-3.2-3B-Instruct'...
2026-09-18 10:55:54,256 - sovereign.llama_cpp.lifecycle - INFO - Loading deployment 'Llama-3.2-3B-Instruct' with command: C:\Users\Dell\AppData\Local\Microsoft\WinGet\Packages\ggml.llamacpp_Microsoft.Winget.Source_8wekyb3d8bbwe\llama-server.exe -m C:\Users\Dell\.cache\huggingface\hub\models--bartowski--Llama-3.2-3B-Instruct-GGUF\snapshots\5ab33fa94d1d04e903623ae72c95d1696f09f9e8\Llama-3.2-3B-Instruct-Q4_K_M.gguf --port 8080 --host 127.0.0.1 -c 8192 -ngl 20
2026-09-18 10:56:08,149 - sovereign.llama_cpp.lifecycle - INFO - Deployment 'Llama-3.2-3B-Instruct' loaded successfully and is ready.
2026-09-18 10:56:08,867 - httpx2 - INFO - HTTP Request: POST http://testserver/api/v1/tasks/task-18084907/run "HTTP/1.1 200 OK"
2026-09-18 10:56:09,901 - httpx2 - INFO - HTTP Request: GET http://testserver/api/v1/tasks/task-18084907 "HTTP/1.1 200 OK"
2026-09-18 10:56:09,954 - httpx2 - INFO - HTTP Request: GET http://testserver/api/v1/tasks/task-18084907/artifacts "HTTP/1.1 200 OK"
2026-09-18 10:56:09,978 - httpx2 - INFO - HTTP Request: GET http://testserver/api/v1/artifacts/art-355e5031 "HTTP/1.1 200 OK"
2026-09-18 10:56:10,011 - httpx2 - INFO - HTTP Request: GET http://testserver/api/v1/artifacts/art-c5baaacf "HTTP/1.1 200 OK"
2026-09-18 10:56:13,980 - httpx2 - INFO - HTTP Request: POST http://testserver/api/v1/knowledge/documents "HTTP/1.1 400 Bad Request"
2026-09-18 10:56:14,151 - httpx2 - INFO - HTTP Request: POST http://testserver/api/v1/knowledge/documents "HTTP/1.1 200 OK"
2026-09-18 10:56:15,222 - asyncio - DEBUG - Using proactor: IocpProactor
2026-09-18 10:56:15,291 - multipart.multipart - DEBUG - Calling on_part_begin with no data
2026-09-18 10:56:15,295 - multipart.multipart - DEBUG - Calling on_header_field with data[36:55]
2026-09-18 10:56:15,296 - multipart.multipart - DEBUG - Calling on_header_value with data[57:106]
2026-09-18 10:56:15,299 - multipart.multipart - DEBUG - Calling on_header_end with no data
2026-09-18 10:56:15,299 - multipart.multipart - DEBUG - Calling on_header_field with data[108:120]
2026-09-18 10:56:15,299 - multipart.multipart - DEBUG - Calling on_header_value with data[122:131]
2026-09-18 10:56:15,299 - multipart.multipart - DEBUG - Calling on_header_end with no data
2026-09-18 10:56:15,299 - multipart.multipart - DEBUG - Calling on_headers_finished with no data
2026-09-18 10:56:15,299 - multipart.multipart - DEBUG - Calling on_part_data with data[135:153]
2026-09-18 10:56:15,307 - multipart.multipart - DEBUG - Calling on_part_end with no data
2026-09-18 10:56:15,307 - multipart.multipart - DEBUG - Calling on_end with no data
2026-09-18 10:56:15,425 - httpx2 - INFO - HTTP Request: POST http://testserver/api/v1/knowledge/documents "HTTP/1.1 403 Forbidden"
2026-09-18 10:56:15,678 - sovereign.llama_cpp.lifecycle - INFO - Loading deployment 'Model1' with command: C:\Users\Dell\AppData\Local\Microsoft\WinGet\Packages\ggml.llamacpp_Microsoft.Winget.Source_8wekyb3d8bbwe\llama-server.exe -m C:\Users\Dell\AppData\Local\Temp\pytest-of-Dell\pytest-32\test_llama_cpp_adapter_and_lif0\model1.gguf --port 8080 --host 127.0.0.1 -c 2048 -ngl 10
2026-09-18 10:56:15,681 - sovereign.llama_cpp.lifecycle - INFO - Deployment 'Model1' loaded successfully and is ready.
2026-09-18 10:56:15,691 - sovereign.llama_cpp.lifecycle - INFO - Switching deployment to 'Model2'...
2026-09-18 10:56:15,697 - sovereign.llama_cpp.lifecycle - INFO - Stopping active llama-server deployment...
2026-09-18 10:56:15,700 - sovereign.llama_cpp.lifecycle - INFO - llama-server stopped.
2026-09-18 10:56:15,700 - sovereign.llama_cpp.lifecycle - INFO - Loading deployment 'Model2' with command: C:\Users\Dell\AppData\Local\Microsoft\WinGet\Packages\ggml.llamacpp_Microsoft.Winget.Source_8wekyb3d8bbwe\llama-server.exe -m C:\Users\Dell\AppData\Local\Temp\pytest-of-Dell\pytest-32\test_llama_cpp_adapter_and_lif0\model2.gguf --port 8081 --host 127.0.0.1 -c 4096 -ngl 20
2026-09-18 10:56:15,702 - sovereign.llama_cpp.lifecycle - INFO - Deployment 'Model2' loaded successfully and is ready.
2026-09-18 10:56:15,704 - sovereign.llama_cpp.lifecycle - INFO - Stopping active llama-server deployment...
2026-09-18 10:56:15,704 - sovereign.llama_cpp.lifecycle - INFO - llama-server stopped.
2026-09-18 10:56:21,880 - asyncio - DEBUG - Using proactor: IocpProactor
2026-09-18 10:56:21,896 - httpx2 - INFO - HTTP Request: GET http://testserver/api/v1/qualifications/passports "HTTP/1.1 200 OK"
2026-09-18 10:56:21,917 - asyncio - DEBUG - Using proactor: IocpProactor
2026-09-18 10:56:21,981 - httpx2 - INFO - HTTP Request: POST http://testserver/api/v1/tasks "HTTP/1.1 200 OK"
2026-09-18 10:56:21,983 - asyncio - DEBUG - Using proactor: IocpProactor
2026-09-18 10:56:21,998 - httpx2 - INFO - HTTP Request: GET http://testserver/api/v1/tasks/task-cc2bef9d "HTTP/1.1 200 OK"
2026-09-18 10:56:22,013 - asyncio - DEBUG - Using proactor: IocpProactor
2026-09-18 10:56:22,031 - httpx2 - INFO - HTTP Request: POST http://testserver/api/v1/tasks "HTTP/1.1 400 Bad Request"
2026-09-18 10:56:22,045 - asyncio - DEBUG - Using proactor: IocpProactor
2026-09-18 10:56:22,070 - httpx2 - INFO - HTTP Request: POST http://testserver/api/v1/tasks "HTTP/1.1 200 OK"
2026-09-18 10:56:23,101 - sovereign.llama_cpp.lifecycle - INFO - Loading deployment 'test-model' with command: mock-server.exe -m /fake/model.gguf --port 8080 --host 127.0.0.1 -c 8192 -ngl 20
2026-09-18 10:56:23,101 - sovereign.llama_cpp.lifecycle - INFO - Deployment 'test-model' loaded successfully and is ready.
2026-09-18 10:56:23,104 - sovereign.llama_cpp.lifecycle - INFO - Stopping active llama-server deployment...
2026-09-18 10:56:23,104 - sovereign.llama_cpp.lifecycle - INFO - llama-server stopped.
2026-09-18 10:56:23,106 - sovereign.llama_cpp.lifecycle - INFO - Loading deployment 'test-vision-model' with command: mock-server.exe -m /fake/model.gguf --port 8080 --host 127.0.0.1 -c 8192 -ngl 20 --mmproj /fake/projector.gguf
2026-09-18 10:56:23,108 - sovereign.llama_cpp.lifecycle - INFO - Deployment 'test-vision-model' loaded successfully and is ready.
2026-09-18 10:56:23,205 - PIL.PngImagePlugin - DEBUG - STREAM b'IHDR' 16 13
2026-09-18 10:56:23,205 - PIL.PngImagePlugin - DEBUG - STREAM b'IDAT' 41 13308
2026-09-18 10:56:27,231 - PIL.PngImagePlugin - DEBUG - STREAM b'IHDR' 16 13
2026-09-18 10:56:27,233 - PIL.PngImagePlugin - DEBUG - STREAM b'IDAT' 41 14549
2026-09-18 10:56:31,423 - PIL.PngImagePlugin - DEBUG - STREAM b'IHDR' 16 13
2026-09-18 10:56:31,428 - PIL.PngImagePlugin - DEBUG - STREAM b'IDAT' 41 10362
2026-09-18 10:56:38,013 - PIL.PngImagePlugin - DEBUG - STREAM b'IHDR' 16 13
2026-09-18 10:56:38,014 - PIL.PngImagePlugin - DEBUG - STREAM b'IDAT' 41 6438
2026-09-18 10:56:38,059 - pypdf._reader - WARNING - EOF marker not found
2026-09-18 11:08:29,203 - sovereign.llama_cpp.lifecycle - INFO - Switching deployment to 'Llama-3.2-3B-Instruct'...
2026-09-18 11:08:29,208 - sovereign.llama_cpp.lifecycle - INFO - Loading deployment 'Llama-3.2-3B-Instruct' with command: C:\Users\Dell\AppData\Local\Microsoft\WinGet\Packages\ggml.llamacpp_Microsoft.Winget.Source_8wekyb3d8bbwe\llama-server.exe -m C:\Users\Dell\.cache\huggingface\hub\models--bartowski--Llama-3.2-3B-Instruct-GGUF\snapshots\5ab33fa94d1d04e903623ae72c95d1696f09f9e8\Llama-3.2-3B-Instruct-Q4_K_M.gguf --port 8080 --host 127.0.0.1 -c 8192 -ngl 20
2026-09-18 11:08:39,460 - sovereign.llama_cpp.lifecycle - INFO - Deployment 'Llama-3.2-3B-Instruct' loaded successfully and is ready.
2026-09-18 11:19:02,969 - httpx2 - INFO - HTTP Request: GET http://testserver/api/v1/health "HTTP/1.1 200 OK"
2026-09-18 11:19:03,132 - httpx2 - INFO - HTTP Request: POST http://testserver/api/v1/tasks "HTTP/1.1 200 OK"
2026-09-18 11:19:03,162 - httpx2 - INFO - HTTP Request: GET http://testserver/api/v1/tasks/task-5afeae9b "HTTP/1.1 200 OK"
2026-09-18 11:19:03,237 - httpx2 - INFO - HTTP Request: POST http://testserver/api/v1/tasks "HTTP/1.1 422 Unprocessable Entity"
2026-09-18 11:19:03,326 - httpx2 - INFO - HTTP Request: GET http://testserver/api/v1/tasks/task-notexist "HTTP/1.1 404 Not Found"
2026-09-18 11:19:03,442 - httpx2 - INFO - HTTP Request: POST http://testserver/api/v1/tasks/task-67279c06/run "HTTP/1.1 400 Bad Request"
2026-09-18 11:19:03,476 - httpx2 - INFO - HTTP Request: POST http://testserver/api/v1/tasks/task-67279c06/run "HTTP/1.1 400 Bad Request"
2026-09-18 11:19:03,506 - httpx2 - INFO - HTTP Request: POST http://testserver/api/v1/tasks/task-67279c06/run "HTTP/1.1 400 Bad Request"
2026-09-18 11:19:03,543 - httpx2 - INFO - HTTP Request: POST http://testserver/api/v1/tasks/task-67279c06/run "HTTP/1.1 400 Bad Request"
2026-09-18 11:19:03,559 - httpx2 - INFO - HTTP Request: POST http://testserver/api/v1/tasks/task-notexist/run "HTTP/1.1 404 Not Found"
2026-09-18 11:19:03,650 - httpx2 - INFO - HTTP Request: POST http://testserver/api/v1/tasks/task-92916773/run "HTTP/1.1 200 OK"
2026-09-18 11:19:03,667 - httpx2 - INFO - HTTP Request: POST http://testserver/api/v1/tasks/task-92916773/run "HTTP/1.1 409 Conflict"
2026-09-18 11:19:04,218 - httpx2 - INFO - HTTP Request: POST http://testserver/api/v1/knowledge/documents "HTTP/1.1 400 Bad Request"
2026-09-18 11:19:04,316 - httpx2 - INFO - HTTP Request: POST http://testserver/api/v1/knowledge/documents "HTTP/1.1 413 Request Entity Too Large"
2026-09-18 11:19:04,402 - httpx2 - INFO - HTTP Request: GET http://testserver/api/v1/tasks/task-abc/artifacts "HTTP/1.1 200 OK"
2026-09-18 11:19:04,427 - httpx2 - INFO - HTTP Request: GET http://testserver/api/v1/artifacts/art-123 "HTTP/1.1 200 OK"
2026-09-18 11:19:04,435 - httpx2 - INFO - HTTP Request: GET http://testserver/api/v1/artifacts/art-notexist "HTTP/1.1 404 Not Found"
2026-09-18 11:19:04,616 - httpx2 - INFO - HTTP Request: GET http://testserver/api/v1/artifacts/art-hack "HTTP/1.1 404 Not Found"
2026-09-18 11:19:06,013 - httpx2 - INFO - HTTP Request: POST http://testserver/api/v1/tasks "HTTP/1.1 200 OK"
2026-09-18 11:19:06,123 - httpx2 - INFO - HTTP Request: POST http://testserver/api/v1/knowledge/documents "HTTP/1.1 200 OK"
2026-09-18 11:19:06,154 - sovereign.llama_cpp.lifecycle - INFO - Switching deployment to 'Llama-3.2-3B-Instruct'...
2026-09-18 11:19:06,154 - sovereign.llama_cpp.lifecycle - INFO - Loading deployment 'Llama-3.2-3B-Instruct' with command: C:\Users\Dell\AppData\Local\Microsoft\WinGet\Packages\ggml.llamacpp_Microsoft.Winget.Source_8wekyb3d8bbwe\llama-server.exe -m C:\Users\Dell\.cache\huggingface\hub\models--bartowski--Llama-3.2-3B-Instruct-GGUF\snapshots\5ab33fa94d1d04e903623ae72c95d1696f09f9e8\Llama-3.2-3B-Instruct-Q4_K_M.gguf --port 8080 --host 127.0.0.1 -c 8192 -ngl 20
2026-09-18 11:19:18,553 - httpx2 - INFO - HTTP Request: GET http://testserver/api/v1/health "HTTP/1.1 200 OK"
2026-09-18 11:19:18,690 - httpx2 - INFO - HTTP Request: POST http://testserver/api/v1/tasks "HTTP/1.1 200 OK"
2026-09-18 11:19:18,717 - httpx2 - INFO - HTTP Request: GET http://testserver/api/v1/tasks/task-bb1aefbd "HTTP/1.1 200 OK"
2026-09-18 11:19:18,814 - httpx2 - INFO - HTTP Request: POST http://testserver/api/v1/tasks "HTTP/1.1 422 Unprocessable Entity"
2026-09-18 11:19:18,933 - httpx2 - INFO - HTTP Request: GET http://testserver/api/v1/tasks/task-notexist "HTTP/1.1 404 Not Found"
2026-09-18 11:19:19,068 - httpx2 - INFO - HTTP Request: POST http://testserver/api/v1/tasks/task-550ec03f/run "HTTP/1.1 400 Bad Request"
2026-09-18 11:19:19,111 - httpx2 - INFO - HTTP Request: POST http://testserver/api/v1/tasks/task-550ec03f/run "HTTP/1.1 400 Bad Request"
2026-09-18 11:19:19,159 - httpx2 - INFO - HTTP Request: POST http://testserver/api/v1/tasks/task-550ec03f/run "HTTP/1.1 400 Bad Request"
2026-09-18 11:19:19,204 - httpx2 - INFO - HTTP Request: POST http://testserver/api/v1/tasks/task-550ec03f/run "HTTP/1.1 400 Bad Request"
2026-09-18 11:19:19,226 - httpx2 - INFO - HTTP Request: POST http://testserver/api/v1/tasks/task-notexist/run "HTTP/1.1 404 Not Found"
2026-09-18 11:19:19,357 - httpx2 - INFO - HTTP Request: POST http://testserver/api/v1/tasks/task-7662f295/run "HTTP/1.1 200 OK"
2026-09-18 11:19:19,383 - httpx2 - INFO - HTTP Request: POST http://testserver/api/v1/tasks/task-7662f295/run "HTTP/1.1 409 Conflict"
2026-09-18 11:19:20,042 - httpx2 - INFO - HTTP Request: POST http://testserver/api/v1/knowledge/documents "HTTP/1.1 400 Bad Request"
2026-09-18 11:19:20,157 - httpx2 - INFO - HTTP Request: POST http://testserver/api/v1/knowledge/documents "HTTP/1.1 413 Request Entity Too Large"
2026-09-18 11:19:20,271 - httpx2 - INFO - HTTP Request: GET http://testserver/api/v1/tasks/task-abc/artifacts "HTTP/1.1 200 OK"
2026-09-18 11:19:20,305 - httpx2 - INFO - HTTP Request: GET http://testserver/api/v1/artifacts/art-123 "HTTP/1.1 200 OK"
2026-09-18 11:19:20,324 - httpx2 - INFO - HTTP Request: GET http://testserver/api/v1/artifacts/art-notexist "HTTP/1.1 404 Not Found"
2026-09-18 11:19:20,560 - httpx2 - INFO - HTTP Request: GET http://testserver/api/v1/artifacts/art-hack "HTTP/1.1 404 Not Found"
2026-09-18 11:19:21,958 - httpx2 - INFO - HTTP Request: POST http://testserver/api/v1/tasks "HTTP/1.1 200 OK"
2026-09-18 11:19:22,086 - httpx2 - INFO - HTTP Request: POST http://testserver/api/v1/knowledge/documents "HTTP/1.1 200 OK"
2026-09-18 11:19:22,119 - sovereign.llama_cpp.lifecycle - INFO - Switching deployment to 'Llama-3.2-3B-Instruct'...
2026-09-18 11:19:22,121 - sovereign.llama_cpp.lifecycle - INFO - Loading deployment 'Llama-3.2-3B-Instruct' with command: C:\Users\Dell\AppData\Local\Microsoft\WinGet\Packages\ggml.llamacpp_Microsoft.Winget.Source_8wekyb3d8bbwe\llama-server.exe -m C:\Users\Dell\.cache\huggingface\hub\models--bartowski--Llama-3.2-3B-Instruct-GGUF\snapshots\5ab33fa94d1d04e903623ae72c95d1696f09f9e8\Llama-3.2-3B-Instruct-Q4_K_M.gguf --port 8080 --host 127.0.0.1 -c 8192 -ngl 20
2026-09-18 11:19:30,121 - sovereign.llama_cpp.lifecycle - INFO - Stopping active llama-server deployment...
2026-09-18 11:19:30,123 - sovereign.llama_cpp.lifecycle - INFO - llama-server stopped.
2026-09-18 11:19:30,124 - sovereign.llama_cpp.lifecycle - ERROR - Failed to initialize deployment 'Llama-3.2-3B-Instruct'.
2026-09-18 11:19:30,191 - httpx2 - INFO - HTTP Request: POST http://testserver/api/v1/tasks/task-a6304c44/run "HTTP/1.1 200 OK"
2026-09-18 11:19:30,762 - sovereign.llama_cpp.lifecycle - INFO - Deployment 'Llama-3.2-3B-Instruct' loaded successfully and is ready.
2026-09-18 11:19:31,215 - httpx2 - INFO - HTTP Request: GET http://testserver/api/v1/tasks/task-a6304c44 "HTTP/1.1 200 OK"
2026-09-18 11:19:31,241 - httpx2 - INFO - HTTP Request: POST http://testserver/api/v1/tasks/task-489de6a0/run "HTTP/1.1 200 OK"
2026-09-18 11:19:32,266 - httpx2 - INFO - HTTP Request: GET http://testserver/api/v1/tasks/task-489de6a0 "HTTP/1.1 200 OK"
2026-09-18 11:19:32,301 - httpx2 - INFO - HTTP Request: GET http://testserver/api/v1/tasks/task-489de6a0/artifacts "HTTP/1.1 200 OK"
2026-09-18 11:19:32,321 - httpx2 - INFO - HTTP Request: GET http://testserver/api/v1/artifacts/art-7c32a311 "HTTP/1.1 200 OK"
2026-09-18 11:19:32,347 - httpx2 - INFO - HTTP Request: GET http://testserver/api/v1/artifacts/art-3765646f "HTTP/1.1 200 OK"
2026-09-18 11:19:35,530 - httpx2 - INFO - HTTP Request: POST http://testserver/api/v1/knowledge/documents "HTTP/1.1 400 Bad Request"
2026-09-18 11:19:35,649 - httpx2 - INFO - HTTP Request: POST http://testserver/api/v1/knowledge/documents "HTTP/1.1 200 OK"
2026-09-18 11:19:35,693 - httpx2 - INFO - HTTP Request: POST http://testserver/api/v1/knowledge/documents "HTTP/1.1 400 Bad Request"
2026-09-18 11:19:35,803 - httpx2 - INFO - HTTP Request: POST http://testserver/api/v1/knowledge/documents "HTTP/1.1 200 OK"
2026-09-18 11:19:36,432 - asyncio - DEBUG - Using proactor: IocpProactor
2026-09-18 11:19:36,481 - multipart.multipart - DEBUG - Calling on_part_begin with no data
2026-09-18 11:19:36,483 - multipart.multipart - DEBUG - Calling on_header_field with data[36:55]
2026-09-18 11:19:36,484 - multipart.multipart - DEBUG - Calling on_header_value with data[57:106]
2026-09-18 11:19:36,484 - multipart.multipart - DEBUG - Calling on_header_end with no data
2026-09-18 11:19:36,486 - multipart.multipart - DEBUG - Calling on_header_field with data[108:120]
2026-09-18 11:19:36,487 - multipart.multipart - DEBUG - Calling on_header_value with data[122:131]
2026-09-18 11:19:36,488 - multipart.multipart - DEBUG - Calling on_header_end with no data
2026-09-18 11:19:36,490 - multipart.multipart - DEBUG - Calling on_headers_finished with no data
2026-09-18 11:19:36,492 - multipart.multipart - DEBUG - Calling on_part_data with data[135:153]
2026-09-18 11:19:36,494 - multipart.multipart - DEBUG - Calling on_part_end with no data
2026-09-18 11:19:36,495 - multipart.multipart - DEBUG - Calling on_end with no data
2026-09-18 11:19:36,588 - httpx2 - INFO - HTTP Request: POST http://testserver/api/v1/knowledge/documents "HTTP/1.1 403 Forbidden"
2026-09-18 11:19:36,591 - asyncio - DEBUG - Using proactor: IocpProactor
2026-09-18 11:19:36,647 - multipart.multipart - DEBUG - Calling on_part_begin with no data
2026-09-18 11:19:36,649 - multipart.multipart - DEBUG - Calling on_header_field with data[36:55]
2026-09-18 11:19:36,650 - multipart.multipart - DEBUG - Calling on_header_value with data[57:106]
2026-09-18 11:19:36,650 - multipart.multipart - DEBUG - Calling on_header_end with no data
2026-09-18 11:19:36,651 - multipart.multipart - DEBUG - Calling on_header_field with data[108:120]
2026-09-18 11:19:36,652 - multipart.multipart - DEBUG - Calling on_header_value with data[122:131]
2026-09-18 11:19:36,653 - multipart.multipart - DEBUG - Calling on_header_end with no data
2026-09-18 11:19:36,654 - multipart.multipart - DEBUG - Calling on_headers_finished with no data
2026-09-18 11:19:36,655 - multipart.multipart - DEBUG - Calling on_part_data with data[135:153]
2026-09-18 11:19:36,656 - multipart.multipart - DEBUG - Calling on_part_end with no data
2026-09-18 11:19:36,657 - multipart.multipart - DEBUG - Calling on_end with no data
2026-09-18 11:19:36,723 - httpx2 - INFO - HTTP Request: POST http://testserver/api/v1/knowledge/documents "HTTP/1.1 403 Forbidden"
2026-09-18 11:19:36,773 - sovereign.llama_cpp.lifecycle - INFO - Loading deployment 'Model1' with command: C:\Users\Dell\AppData\Local\Microsoft\WinGet\Packages\ggml.llamacpp_Microsoft.Winget.Source_8wekyb3d8bbwe\llama-server.exe -m C:\Users\Dell\AppData\Local\Temp\pytest-of-Dell\pytest-35\test_llama_cpp_adapter_and_lif0\model1.gguf --port 8080 --host 127.0.0.1 -c 2048 -ngl 10
2026-09-18 11:19:36,774 - sovereign.llama_cpp.lifecycle - INFO - Deployment 'Model1' loaded successfully and is ready.
2026-09-18 11:19:36,776 - sovereign.llama_cpp.lifecycle - INFO - Switching deployment to 'Model2'...
2026-09-18 11:19:36,777 - sovereign.llama_cpp.lifecycle - INFO - Stopping active llama-server deployment...
2026-09-18 11:19:36,778 - sovereign.llama_cpp.lifecycle - INFO - llama-server stopped.
2026-09-18 11:19:36,779 - sovereign.llama_cpp.lifecycle - INFO - Loading deployment 'Model2' with command: C:\Users\Dell\AppData\Local\Microsoft\WinGet\Packages\ggml.llamacpp_Microsoft.Winget.Source_8wekyb3d8bbwe\llama-server.exe -m C:\Users\Dell\AppData\Local\Temp\pytest-of-Dell\pytest-35\test_llama_cpp_adapter_and_lif0\model2.gguf --port 8081 --host 127.0.0.1 -c 4096 -ngl 20
2026-09-18 11:19:36,780 - sovereign.llama_cpp.lifecycle - INFO - Deployment 'Model2' loaded successfully and is ready.
2026-09-18 11:19:36,781 - sovereign.llama_cpp.lifecycle - INFO - Stopping active llama-server deployment...
2026-09-18 11:19:36,783 - sovereign.llama_cpp.lifecycle - INFO - llama-server stopped.
2026-09-18 11:19:36,890 - sovereign.llama_cpp.lifecycle - INFO - Loading deployment 'Model1' with command: C:\Users\Dell\AppData\Local\Microsoft\WinGet\Packages\ggml.llamacpp_Microsoft.Winget.Source_8wekyb3d8bbwe\llama-server.exe -m C:\Users\Dell\AppData\Local\Temp\pytest-of-Dell\pytest-36\test_llama_cpp_adapter_and_lif0\model1.gguf --port 8080 --host 127.0.0.1 -c 2048 -ngl 10
2026-09-18 11:19:36,891 - sovereign.llama_cpp.lifecycle - INFO - Deployment 'Model1' loaded successfully and is ready.
2026-09-18 11:19:36,893 - sovereign.llama_cpp.lifecycle - INFO - Switching deployment to 'Model2'...
2026-09-18 11:19:36,895 - sovereign.llama_cpp.lifecycle - INFO - Stopping active llama-server deployment...
2026-09-18 11:19:36,896 - sovereign.llama_cpp.lifecycle - INFO - llama-server stopped.
2026-09-18 11:19:36,897 - sovereign.llama_cpp.lifecycle - INFO - Loading deployment 'Model2' with command: C:\Users\Dell\AppData\Local\Microsoft\WinGet\Packages\ggml.llamacpp_Microsoft.Winget.Source_8wekyb3d8bbwe\llama-server.exe -m C:\Users\Dell\AppData\Local\Temp\pytest-of-Dell\pytest-36\test_llama_cpp_adapter_and_lif0\model2.gguf --port 8081 --host 127.0.0.1 -c 4096 -ngl 20
2026-09-18 11:19:36,897 - sovereign.llama_cpp.lifecycle - INFO - Deployment 'Model2' loaded successfully and is ready.
2026-09-18 11:19:36,899 - sovereign.llama_cpp.lifecycle - INFO - Stopping active llama-server deployment...
2026-09-18 11:19:36,900 - sovereign.llama_cpp.lifecycle - INFO - llama-server stopped.
2026-09-18 11:19:43,433 - asyncio - DEBUG - Using proactor: IocpProactor
2026-09-18 11:19:43,460 - httpx2 - INFO - HTTP Request: GET http://testserver/api/v1/qualifications/passports "HTTP/1.1 200 OK"
2026-09-18 11:19:43,484 - asyncio - DEBUG - Using proactor: IocpProactor
2026-09-18 11:19:43,488 - asyncio - DEBUG - Using proactor: IocpProactor
2026-09-18 11:19:43,501 - httpx2 - INFO - HTTP Request: GET http://testserver/api/v1/qualifications/passports "HTTP/1.1 200 OK"
2026-09-18 11:19:43,526 - asyncio - DEBUG - Using proactor: IocpProactor
2026-09-18 11:19:43,573 - httpx2 - INFO - HTTP Request: POST http://testserver/api/v1/tasks "HTTP/1.1 200 OK"
2026-09-18 11:19:43,581 - asyncio - DEBUG - Using proactor: IocpProactor
2026-09-18 11:19:43,606 - httpx2 - INFO - HTTP Request: GET http://testserver/api/v1/tasks/task-4be192e4 "HTTP/1.1 200 OK"
2026-09-18 11:19:43,614 - asyncio - DEBUG - Using proactor: IocpProactor
2026-09-18 11:19:43,642 - httpx2 - INFO - HTTP Request: POST http://testserver/api/v1/tasks "HTTP/1.1 200 OK"
2026-09-18 11:19:43,661 - httpx2 - INFO - HTTP Request: POST http://testserver/api/v1/tasks "HTTP/1.1 400 Bad Request"
2026-09-18 11:19:43,663 - asyncio - DEBUG - Using proactor: IocpProactor
2026-09-18 11:19:43,671 - asyncio - DEBUG - Using proactor: IocpProactor
2026-09-18 11:19:43,681 - httpx2 - INFO - HTTP Request: GET http://testserver/api/v1/tasks/task-13a44bda "HTTP/1.1 200 OK"
2026-09-18 11:19:43,691 - asyncio - DEBUG - Using proactor: IocpProactor
2026-09-18 11:19:43,707 - httpx2 - INFO - HTTP Request: POST http://testserver/api/v1/tasks "HTTP/1.1 200 OK"
2026-09-18 11:19:43,724 - httpx2 - INFO - HTTP Request: POST http://testserver/api/v1/tasks "HTTP/1.1 400 Bad Request"
2026-09-18 11:19:43,734 - asyncio - DEBUG - Using proactor: IocpProactor
2026-09-18 11:19:43,769 - httpx2 - INFO - HTTP Request: POST http://testserver/api/v1/tasks "HTTP/1.1 200 OK"
2026-09-18 11:19:44,793 - sovereign.llama_cpp.lifecycle - INFO - Loading deployment 'test-model' with command: mock-server.exe -m /fake/model.gguf --port 8080 --host 127.0.0.1 -c 8192 -ngl 20
2026-09-18 11:19:44,795 - sovereign.llama_cpp.lifecycle - INFO - Deployment 'test-model' loaded successfully and is ready.
2026-09-18 11:19:44,796 - sovereign.llama_cpp.lifecycle - INFO - Stopping active llama-server deployment...
2026-09-18 11:19:44,797 - sovereign.llama_cpp.lifecycle - INFO - llama-server stopped.
2026-09-18 11:19:44,799 - sovereign.llama_cpp.lifecycle - INFO - Loading deployment 'test-vision-model' with command: mock-server.exe -m /fake/model.gguf --port 8080 --host 127.0.0.1 -c 8192 -ngl 20 --mmproj /fake/projector.gguf
2026-09-18 11:19:44,800 - sovereign.llama_cpp.lifecycle - INFO - Deployment 'test-vision-model' loaded successfully and is ready.
2026-09-18 11:19:44,852 - sovereign.llama_cpp.lifecycle - INFO - Loading deployment 'test-model' with command: mock-server.exe -m /fake/model.gguf --port 8080 --host 127.0.0.1 -c 8192 -ngl 20
2026-09-18 11:19:44,853 - sovereign.llama_cpp.lifecycle - INFO - Deployment 'test-model' loaded successfully and is ready.
2026-09-18 11:19:44,853 - sovereign.llama_cpp.lifecycle - INFO - Stopping active llama-server deployment...
2026-09-18 11:19:44,854 - sovereign.llama_cpp.lifecycle - INFO - llama-server stopped.
2026-09-18 11:19:44,855 - sovereign.llama_cpp.lifecycle - INFO - Loading deployment 'test-vision-model' with command: mock-server.exe -m /fake/model.gguf --port 8080 --host 127.0.0.1 -c 8192 -ngl 20 --mmproj /fake/projector.gguf
2026-09-18 11:19:44,856 - sovereign.llama_cpp.lifecycle - INFO - Deployment 'test-vision-model' loaded successfully and is ready.
2026-09-18 11:19:44,889 - PIL.PngImagePlugin - DEBUG - STREAM b'IHDR' 16 13
2026-09-18 11:19:44,890 - PIL.PngImagePlugin - DEBUG - STREAM b'IDAT' 41 13308
2026-09-18 11:19:44,940 - PIL.PngImagePlugin - DEBUG - STREAM b'IHDR' 16 13
2026-09-18 11:19:44,941 - PIL.PngImagePlugin - DEBUG - STREAM b'IDAT' 41 13308
2026-09-18 11:19:53,900 - PIL.PngImagePlugin - DEBUG - STREAM b'IHDR' 16 13
2026-09-18 11:19:53,901 - PIL.PngImagePlugin - DEBUG - STREAM b'IDAT' 41 14549
2026-09-18 11:19:53,992 - PIL.PngImagePlugin - DEBUG - STREAM b'IHDR' 16 13
2026-09-18 11:19:53,994 - PIL.PngImagePlugin - DEBUG - STREAM b'IDAT' 41 14549
2026-09-18 11:20:02,929 - PIL.PngImagePlugin - DEBUG - STREAM b'IHDR' 16 13
2026-09-18 11:20:02,931 - PIL.PngImagePlugin - DEBUG - STREAM b'IDAT' 41 10362
2026-09-18 11:20:03,015 - PIL.PngImagePlugin - DEBUG - STREAM b'IHDR' 16 13
2026-09-18 11:20:03,016 - PIL.PngImagePlugin - DEBUG - STREAM b'IDAT' 41 10362
2026-09-18 11:20:11,588 - PIL.PngImagePlugin - DEBUG - STREAM b'IHDR' 16 13
2026-09-18 11:20:11,590 - PIL.PngImagePlugin - DEBUG - STREAM b'IDAT' 41 6438
2026-09-18 11:20:11,654 - PIL.PngImagePlugin - DEBUG - STREAM b'IHDR' 16 13
2026-09-18 11:20:11,655 - PIL.PngImagePlugin - DEBUG - STREAM b'IDAT' 41 6438
2026-09-18 11:20:11,705 - pypdf._reader - WARNING - EOF marker not found
2026-09-18 11:20:11,761 - pypdf._reader - WARNING - EOF marker not found
2026-09-18 11:27:37,141 - httpx2 - INFO - HTTP Request: GET http://testserver/api/v1/health "HTTP/1.1 200 OK"
2026-09-18 11:27:37,246 - httpx2 - INFO - HTTP Request: POST http://testserver/api/v1/tasks "HTTP/1.1 200 OK"
2026-09-18 11:27:37,263 - httpx2 - INFO - HTTP Request: GET http://testserver/api/v1/tasks/task-7cbf9bc6 "HTTP/1.1 200 OK"
2026-09-18 11:27:37,326 - httpx2 - INFO - HTTP Request: POST http://testserver/api/v1/tasks "HTTP/1.1 422 Unprocessable Entity"
2026-09-18 11:27:37,383 - httpx2 - INFO - HTTP Request: GET http://testserver/api/v1/tasks/task-notexist "HTTP/1.1 404 Not Found"
2026-09-18 11:27:37,473 - httpx2 - INFO - HTTP Request: POST http://testserver/api/v1/tasks/task-fd73a2c8/run "HTTP/1.1 400 Bad Request"
2026-09-18 11:27:37,500 - httpx2 - INFO - HTTP Request: POST http://testserver/api/v1/tasks/task-fd73a2c8/run "HTTP/1.1 400 Bad Request"
2026-09-18 11:27:37,533 - httpx2 - INFO - HTTP Request: POST http://testserver/api/v1/tasks/task-fd73a2c8/run "HTTP/1.1 400 Bad Request"
2026-09-18 11:27:37,566 - httpx2 - INFO - HTTP Request: POST http://testserver/api/v1/tasks/task-fd73a2c8/run "HTTP/1.1 400 Bad Request"
2026-09-18 11:27:37,583 - httpx2 - INFO - HTTP Request: POST http://testserver/api/v1/tasks/task-notexist/run "HTTP/1.1 404 Not Found"
2026-09-18 11:27:37,679 - httpx2 - INFO - HTTP Request: POST http://testserver/api/v1/tasks/task-8fc00113/run "HTTP/1.1 200 OK"
2026-09-18 11:27:37,688 - httpx2 - INFO - HTTP Request: POST http://testserver/api/v1/tasks/task-8fc00113/run "HTTP/1.1 409 Conflict"
2026-09-18 11:27:38,183 - httpx2 - INFO - HTTP Request: POST http://testserver/api/v1/knowledge/documents "HTTP/1.1 400 Bad Request"
2026-09-18 11:27:38,248 - httpx2 - INFO - HTTP Request: POST http://testserver/api/v1/knowledge/documents "HTTP/1.1 413 Request Entity Too Large"
2026-09-18 11:27:38,337 - httpx2 - INFO - HTTP Request: GET http://testserver/api/v1/tasks/task-abc/artifacts "HTTP/1.1 200 OK"
2026-09-18 11:27:38,353 - httpx2 - INFO - HTTP Request: GET http://testserver/api/v1/artifacts/art-123 "HTTP/1.1 200 OK"
2026-09-18 11:27:38,371 - httpx2 - INFO - HTTP Request: GET http://testserver/api/v1/artifacts/art-notexist "HTTP/1.1 404 Not Found"
2026-09-18 11:27:38,535 - httpx2 - INFO - HTTP Request: GET http://testserver/api/v1/artifacts/art-hack "HTTP/1.1 404 Not Found"
2026-09-18 11:27:39,852 - httpx2 - INFO - HTTP Request: POST http://testserver/api/v1/tasks "HTTP/1.1 200 OK"
2026-09-18 11:27:39,976 - httpx2 - INFO - HTTP Request: POST http://testserver/api/v1/knowledge/documents "HTTP/1.1 200 OK"
2026-09-18 11:27:40,017 - sovereign.llama_cpp.lifecycle - INFO - Switching deployment to 'Llama-3.2-3B-Instruct'...
2026-09-18 11:27:40,017 - sovereign.llama_cpp.lifecycle - INFO - Loading deployment 'Llama-3.2-3B-Instruct' with command: C:\Users\Dell\AppData\Local\Microsoft\WinGet\Packages\ggml.llamacpp_Microsoft.Winget.Source_8wekyb3d8bbwe\llama-server.exe -m C:\Users\Dell\.cache\huggingface\hub\models--bartowski--Llama-3.2-3B-Instruct-GGUF\snapshots\5ab33fa94d1d04e903623ae72c95d1696f09f9e8\Llama-3.2-3B-Instruct-Q4_K_M.gguf --port 8080 --host 127.0.0.1 -c 8192 -ngl 20
2026-09-18 11:27:51,332 - sovereign.llama_cpp.lifecycle - INFO - Deployment 'Llama-3.2-3B-Instruct' loaded successfully and is ready.
2026-09-18 11:27:51,915 - httpx2 - INFO - HTTP Request: POST http://testserver/api/v1/tasks/task-d159e5cd/run "HTTP/1.1 200 OK"
2026-09-18 11:27:52,936 - httpx2 - INFO - HTTP Request: GET http://testserver/api/v1/tasks/task-d159e5cd "HTTP/1.1 200 OK"
2026-09-18 11:27:52,969 - httpx2 - INFO - HTTP Request: GET http://testserver/api/v1/tasks/task-d159e5cd/artifacts "HTTP/1.1 200 OK"
2026-09-18 11:27:52,992 - httpx2 - INFO - HTTP Request: GET http://testserver/api/v1/artifacts/art-3089d73f "HTTP/1.1 200 OK"
2026-09-18 11:27:53,015 - httpx2 - INFO - HTTP Request: GET http://testserver/api/v1/artifacts/art-fd48fc26 "HTTP/1.1 200 OK"
2026-09-18 11:27:56,279 - httpx2 - INFO - HTTP Request: POST http://testserver/api/v1/knowledge/documents "HTTP/1.1 400 Bad Request"
2026-09-18 11:27:56,397 - httpx2 - INFO - HTTP Request: POST http://testserver/api/v1/knowledge/documents "HTTP/1.1 200 OK"
2026-09-18 11:27:57,043 - asyncio - DEBUG - Using proactor: IocpProactor
2026-09-18 11:27:57,088 - multipart.multipart - DEBUG - Calling on_part_begin with no data
2026-09-18 11:27:57,090 - multipart.multipart - DEBUG - Calling on_header_field with data[36:55]
2026-09-18 11:27:57,091 - multipart.multipart - DEBUG - Calling on_header_value with data[57:106]
2026-09-18 11:27:57,093 - multipart.multipart - DEBUG - Calling on_header_end with no data
2026-09-18 11:27:57,094 - multipart.multipart - DEBUG - Calling on_header_field with data[108:120]
2026-09-18 11:27:57,095 - multipart.multipart - DEBUG - Calling on_header_value with data[122:131]
2026-09-18 11:27:57,096 - multipart.multipart - DEBUG - Calling on_header_end with no data
2026-09-18 11:27:57,097 - multipart.multipart - DEBUG - Calling on_headers_finished with no data
2026-09-18 11:27:57,098 - multipart.multipart - DEBUG - Calling on_part_data with data[135:153]
2026-09-18 11:27:57,099 - multipart.multipart - DEBUG - Calling on_part_end with no data
2026-09-18 11:27:57,100 - multipart.multipart - DEBUG - Calling on_end with no data
2026-09-18 11:27:57,152 - httpx2 - INFO - HTTP Request: POST http://testserver/api/v1/knowledge/documents "HTTP/1.1 403 Forbidden"
2026-09-18 11:27:57,318 - sovereign.llama_cpp.lifecycle - INFO - Loading deployment 'Model1' with command: C:\Users\Dell\AppData\Local\Microsoft\WinGet\Packages\ggml.llamacpp_Microsoft.Winget.Source_8wekyb3d8bbwe\llama-server.exe -m C:\Users\Dell\AppData\Local\Temp\pytest-of-Dell\pytest-37\test_llama_cpp_adapter_and_lif0\model1.gguf --port 8080 --host 127.0.0.1 -c 2048 -ngl 10
2026-09-18 11:27:57,319 - sovereign.llama_cpp.lifecycle - INFO - Deployment 'Model1' loaded successfully and is ready.
2026-09-18 11:27:57,321 - sovereign.llama_cpp.lifecycle - INFO - Switching deployment to 'Model2'...
2026-09-18 11:27:57,323 - sovereign.llama_cpp.lifecycle - INFO - Stopping active llama-server deployment...
2026-09-18 11:27:57,324 - sovereign.llama_cpp.lifecycle - INFO - llama-server stopped.
2026-09-18 11:27:57,325 - sovereign.llama_cpp.lifecycle - INFO - Loading deployment 'Model2' with command: C:\Users\Dell\AppData\Local\Microsoft\WinGet\Packages\ggml.llamacpp_Microsoft.Winget.Source_8wekyb3d8bbwe\llama-server.exe -m C:\Users\Dell\AppData\Local\Temp\pytest-of-Dell\pytest-37\test_llama_cpp_adapter_and_lif0\model2.gguf --port 8081 --host 127.0.0.1 -c 4096 -ngl 20
2026-09-18 11:27:57,326 - sovereign.llama_cpp.lifecycle - INFO - Deployment 'Model2' loaded successfully and is ready.
2026-09-18 11:27:57,329 - sovereign.llama_cpp.lifecycle - INFO - Stopping active llama-server deployment...
2026-09-18 11:27:57,330 - sovereign.llama_cpp.lifecycle - INFO - llama-server stopped.
2026-09-18 11:28:01,826 - sovereign.llama_cpp.lifecycle - INFO - Switching deployment to 'Llama-3.2-3B-Instruct'...
2026-09-18 11:28:01,830 - sovereign.llama_cpp.lifecycle - INFO - Loading deployment 'Llama-3.2-3B-Instruct' with command: C:\Users\Dell\AppData\Local\Microsoft\WinGet\Packages\ggml.llamacpp_Microsoft.Winget.Source_8wekyb3d8bbwe\llama-server.exe -m C:\Users\Dell\.cache\huggingface\hub\models--bartowski--Llama-3.2-3B-Instruct-GGUF\snapshots\5ab33fa94d1d04e903623ae72c95d1696f09f9e8\Llama-3.2-3B-Instruct-Q4_K_M.gguf --port 8080 --host 127.0.0.1 -c 8192 -ngl 20
2026-09-18 11:28:01,872 - sovereign.llama_cpp.lifecycle - INFO - Deployment 'Llama-3.2-3B-Instruct' loaded successfully and is ready.
2026-09-18 11:28:04,011 - asyncio - DEBUG - Using proactor: IocpProactor
2026-09-18 11:28:04,040 - httpx2 - INFO - HTTP Request: GET http://testserver/api/v1/qualifications/passports "HTTP/1.1 200 OK"
2026-09-18 11:28:04,071 - asyncio - DEBUG - Using proactor: IocpProactor
2026-09-18 11:28:04,156 - httpx2 - INFO - HTTP Request: POST http://testserver/api/v1/tasks "HTTP/1.1 200 OK"
2026-09-18 11:28:04,166 - asyncio - DEBUG - Using proactor: IocpProactor
2026-09-18 11:28:04,191 - httpx2 - INFO - HTTP Request: GET http://testserver/api/v1/tasks/task-bdf21522 "HTTP/1.1 200 OK"
2026-09-18 11:28:04,201 - asyncio - DEBUG - Using proactor: IocpProactor
2026-09-18 11:28:04,241 - httpx2 - INFO - HTTP Request: POST http://testserver/api/v1/tasks "HTTP/1.1 400 Bad Request"
2026-09-18 11:28:04,254 - asyncio - DEBUG - Using proactor: IocpProactor
2026-09-18 11:28:04,300 - httpx2 - INFO - HTTP Request: POST http://testserver/api/v1/tasks "HTTP/1.1 200 OK"
2026-09-18 11:28:05,524 - sovereign.llama_cpp.lifecycle - INFO - Loading deployment 'test-model' with command: mock-server.exe -m /fake/model.gguf --port 8080 --host 127.0.0.1 -c 8192 -ngl 20
2026-09-18 11:28:05,526 - sovereign.llama_cpp.lifecycle - INFO - Deployment 'test-model' loaded successfully and is ready.
2026-09-18 11:28:05,528 - sovereign.llama_cpp.lifecycle - INFO - Stopping active llama-server deployment...
2026-09-18 11:28:05,529 - sovereign.llama_cpp.lifecycle - INFO - llama-server stopped.
2026-09-18 11:28:05,531 - sovereign.llama_cpp.lifecycle - INFO - Loading deployment 'test-vision-model' with command: mock-server.exe -m /fake/model.gguf --port 8080 --host 127.0.0.1 -c 8192 -ngl 20 --mmproj /fake/projector.gguf
2026-09-18 11:28:05,531 - sovereign.llama_cpp.lifecycle - INFO - Deployment 'test-vision-model' loaded successfully and is ready.
2026-09-18 11:28:05,675 - PIL.PngImagePlugin - DEBUG - STREAM b'IHDR' 16 13
2026-09-18 11:28:05,676 - PIL.PngImagePlugin - DEBUG - STREAM b'IDAT' 41 13308
2026-09-18 11:28:18,762 - PIL.PngImagePlugin - DEBUG - STREAM b'IHDR' 16 13
2026-09-18 11:28:18,765 - PIL.PngImagePlugin - DEBUG - STREAM b'IDAT' 41 14549
2026-09-18 11:28:27,258 - PIL.PngImagePlugin - DEBUG - STREAM b'IHDR' 16 13
2026-09-18 11:28:27,259 - PIL.PngImagePlugin - DEBUG - STREAM b'IDAT' 41 10362
2026-09-18 11:28:35,308 - PIL.PngImagePlugin - DEBUG - STREAM b'IHDR' 16 13
2026-09-18 11:28:35,310 - PIL.PngImagePlugin - DEBUG - STREAM b'IDAT' 41 6438
2026-09-18 11:28:35,430 - pypdf._reader - WARNING - EOF marker not found
2026-09-18 11:32:18,816 - sovereign.llama_cpp.lifecycle - INFO - Switching deployment to 'Llama-3.2-3B-Instruct'...
2026-09-18 11:32:18,817 - sovereign.llama_cpp.lifecycle - INFO - Loading deployment 'Llama-3.2-3B-Instruct' with command: C:\Users\Dell\AppData\Local\Microsoft\WinGet\Packages\ggml.llamacpp_Microsoft.Winget.Source_8wekyb3d8bbwe\llama-server.exe -m C:\Users\Dell\.cache\huggingface\hub\models--bartowski--Llama-3.2-3B-Instruct-GGUF\snapshots\5ab33fa94d1d04e903623ae72c95d1696f09f9e8\Llama-3.2-3B-Instruct-Q4_K_M.gguf --port 8080 --host 127.0.0.1 -c 8192 -ngl 20
2026-09-18 11:32:18,844 - sovereign.llama_cpp.lifecycle - INFO - Deployment 'Llama-3.2-3B-Instruct' loaded successfully and is ready.
2026-09-18 11:37:41,390 - sovereign.llama_cpp.lifecycle - INFO - Switching deployment to 'Llama-3.2-3B-Instruct'...
2026-09-18 11:37:41,390 - sovereign.llama_cpp.lifecycle - INFO - Loading deployment 'Llama-3.2-3B-Instruct' with command: C:\Users\Dell\AppData\Local\Microsoft\WinGet\Packages\ggml.llamacpp_Microsoft.Winget.Source_8wekyb3d8bbwe\llama-server.exe -m C:\Users\Dell\.cache\huggingface\hub\models--bartowski--Llama-3.2-3B-Instruct-GGUF\snapshots\5ab33fa94d1d04e903623ae72c95d1696f09f9e8\Llama-3.2-3B-Instruct-Q4_K_M.gguf --port 8080 --host 127.0.0.1 -c 8192 -ngl 20
2026-09-18 11:37:41,420 - sovereign.llama_cpp.lifecycle - INFO - Deployment 'Llama-3.2-3B-Instruct' loaded successfully and is ready.
2026-09-18 11:47:56,945 - sovereign.llama_cpp.lifecycle - INFO - Switching deployment to 'Llama-3.2-3B-Instruct'...
2026-09-18 11:47:56,951 - sovereign.llama_cpp.lifecycle - INFO - Loading deployment 'Llama-3.2-3B-Instruct' with command: C:\Users\Dell\AppData\Local\Microsoft\WinGet\Packages\ggml.llamacpp_Microsoft.Winget.Source_8wekyb3d8bbwe\llama-server.exe -m C:\Users\Dell\.cache\huggingface\hub\models--bartowski--Llama-3.2-3B-Instruct-GGUF\snapshots\5ab33fa94d1d04e903623ae72c95d1696f09f9e8\Llama-3.2-3B-Instruct-Q4_K_M.gguf --port 8080 --host 127.0.0.1 -c 8192 -ngl 20
2026-09-18 11:47:56,967 - sovereign.llama_cpp.lifecycle - INFO - Deployment 'Llama-3.2-3B-Instruct' loaded successfully and is ready.
2026-09-18 11:48:02,283 - sovereign.llama_cpp.lifecycle - INFO - Stopping active llama-server deployment...
2026-09-18 11:48:02,585 - sovereign.llama_cpp.lifecycle - INFO - llama-server stopped.
2026-09-18 11:52:37,262 - httpx2 - INFO - HTTP Request: GET http://testserver/api/v1/health "HTTP/1.1 200 OK"
2026-09-18 11:52:37,309 - httpx2 - INFO - HTTP Request: POST http://testserver/api/v1/tasks "HTTP/1.1 200 OK"
2026-09-18 11:52:37,318 - httpx2 - INFO - HTTP Request: GET http://testserver/api/v1/tasks/task-c26d116a "HTTP/1.1 200 OK"
2026-09-18 11:52:37,345 - httpx2 - INFO - HTTP Request: POST http://testserver/api/v1/tasks "HTTP/1.1 422 Unprocessable Entity"
2026-09-18 11:52:37,371 - httpx2 - INFO - HTTP Request: GET http://testserver/api/v1/tasks/task-notexist "HTTP/1.1 404 Not Found"
2026-09-18 11:52:37,419 - httpx2 - INFO - HTTP Request: POST http://testserver/api/v1/tasks/task-78dcde87/run "HTTP/1.1 400 Bad Request"
2026-09-18 11:52:37,435 - httpx2 - INFO - HTTP Request: POST http://testserver/api/v1/tasks/task-78dcde87/run "HTTP/1.1 400 Bad Request"
2026-09-18 11:52:37,456 - httpx2 - INFO - HTTP Request: POST http://testserver/api/v1/tasks/task-78dcde87/run "HTTP/1.1 400 Bad Request"
2026-09-18 11:52:37,482 - httpx2 - INFO - HTTP Request: POST http://testserver/api/v1/tasks/task-78dcde87/run "HTTP/1.1 400 Bad Request"
2026-09-18 11:52:37,489 - httpx2 - INFO - HTTP Request: POST http://testserver/api/v1/tasks/task-notexist/run "HTTP/1.1 404 Not Found"
2026-09-18 11:52:37,531 - httpx2 - INFO - HTTP Request: POST http://testserver/api/v1/tasks/task-e5454075/run "HTTP/1.1 200 OK"
2026-09-18 11:52:37,536 - httpx2 - INFO - HTTP Request: POST http://testserver/api/v1/tasks/task-e5454075/run "HTTP/1.1 409 Conflict"
2026-09-18 11:52:37,723 - httpx2 - INFO - HTTP Request: POST http://testserver/api/v1/knowledge/documents "HTTP/1.1 400 Bad Request"
2026-09-18 11:52:37,751 - httpx2 - INFO - HTTP Request: POST http://testserver/api/v1/knowledge/documents "HTTP/1.1 413 Request Entity Too Large"
2026-09-18 11:52:37,779 - httpx2 - INFO - HTTP Request: GET http://testserver/api/v1/tasks/task-abc/artifacts "HTTP/1.1 200 OK"
2026-09-18 11:52:37,792 - httpx2 - INFO - HTTP Request: GET http://testserver/api/v1/artifacts/art-123 "HTTP/1.1 200 OK"
2026-09-18 11:52:37,801 - httpx2 - INFO - HTTP Request: GET http://testserver/api/v1/artifacts/art-notexist "HTTP/1.1 404 Not Found"
2026-09-18 11:52:37,914 - httpx2 - INFO - HTTP Request: GET http://testserver/api/v1/artifacts/art-hack "HTTP/1.1 404 Not Found"
2026-09-18 11:52:38,575 - httpx2 - INFO - HTTP Request: POST http://testserver/api/v1/tasks "HTTP/1.1 200 OK"
2026-09-18 11:52:38,630 - httpx2 - INFO - HTTP Request: POST http://testserver/api/v1/knowledge/documents "HTTP/1.1 200 OK"
2026-09-18 11:52:38,648 - sovereign.llama_cpp.lifecycle - INFO - Switching deployment to 'Llama-3.2-3B-Instruct'...
2026-09-18 11:52:38,649 - sovereign.llama_cpp.lifecycle - INFO - Loading deployment 'Llama-3.2-3B-Instruct' with command: C:\Users\Dell\AppData\Local\Microsoft\WinGet\Packages\ggml.llamacpp_Microsoft.Winget.Source_8wekyb3d8bbwe\llama-server.exe -m C:\Users\Dell\.cache\huggingface\hub\models--bartowski--Llama-3.2-3B-Instruct-GGUF\snapshots\5ab33fa94d1d04e903623ae72c95d1696f09f9e8\Llama-3.2-3B-Instruct-Q4_K_M.gguf --port 8080 --host 127.0.0.1 -c 8192 -ngl 20
2026-09-18 11:52:38,658 - sovereign.llama_cpp.lifecycle - INFO - Deployment 'Llama-3.2-3B-Instruct' loaded successfully and is ready.
2026-09-18 11:52:38,849 - httpx2 - INFO - HTTP Request: POST http://testserver/api/v1/tasks/task-8077e6ec/run "HTTP/1.1 200 OK"
2026-09-18 11:52:39,855 - httpx2 - INFO - HTTP Request: GET http://testserver/api/v1/tasks/task-8077e6ec "HTTP/1.1 200 OK"
2026-09-18 11:52:39,867 - httpx2 - INFO - HTTP Request: GET http://testserver/api/v1/tasks/task-8077e6ec/artifacts "HTTP/1.1 200 OK"
2026-09-18 11:52:39,872 - httpx2 - INFO - HTTP Request: GET http://testserver/api/v1/artifacts/art-bf11940f "HTTP/1.1 200 OK"
2026-09-18 11:52:39,880 - httpx2 - INFO - HTTP Request: GET http://testserver/api/v1/artifacts/art-1036dcd8 "HTTP/1.1 200 OK"
2026-09-18 11:52:41,353 - httpx2 - INFO - HTTP Request: POST http://testserver/api/v1/knowledge/documents "HTTP/1.1 400 Bad Request"
2026-09-18 11:52:41,385 - httpx2 - INFO - HTTP Request: POST http://testserver/api/v1/knowledge/documents "HTTP/1.1 200 OK"
2026-09-18 11:52:41,939 - asyncio - DEBUG - Using proactor: IocpProactor
2026-09-18 11:52:41,960 - multipart.multipart - DEBUG - Calling on_part_begin with no data
2026-09-18 11:52:41,961 - multipart.multipart - DEBUG - Calling on_header_field with data[36:55]
2026-09-18 11:52:41,961 - multipart.multipart - DEBUG - Calling on_header_value with data[57:106]
2026-09-18 11:52:41,962 - multipart.multipart - DEBUG - Calling on_header_end with no data
2026-09-18 11:52:41,962 - multipart.multipart - DEBUG - Calling on_header_field with data[108:120]
2026-09-18 11:52:41,962 - multipart.multipart - DEBUG - Calling on_header_value with data[122:131]
2026-09-18 11:52:41,963 - multipart.multipart - DEBUG - Calling on_header_end with no data
2026-09-18 11:52:41,963 - multipart.multipart - DEBUG - Calling on_headers_finished with no data
2026-09-18 11:52:41,964 - multipart.multipart - DEBUG - Calling on_part_data with data[135:153]
2026-09-18 11:52:41,964 - multipart.multipart - DEBUG - Calling on_part_end with no data
2026-09-18 11:52:41,964 - multipart.multipart - DEBUG - Calling on_end with no data
2026-09-18 11:52:41,994 - httpx2 - INFO - HTTP Request: POST http://testserver/api/v1/knowledge/documents "HTTP/1.1 403 Forbidden"
2026-09-18 11:52:42,124 - sovereign.llama_cpp.lifecycle - INFO - Loading deployment 'Model1' with command: C:\Users\Dell\AppData\Local\Microsoft\WinGet\Packages\ggml.llamacpp_Microsoft.Winget.Source_8wekyb3d8bbwe\llama-server.exe -m C:\Users\Dell\AppData\Local\Temp\pytest-of-Dell\pytest-38\test_llama_cpp_adapter_and_lif0\model1.gguf --port 8080 --host 127.0.0.1 -c 2048 -ngl 10
2026-09-18 11:52:42,125 - sovereign.llama_cpp.lifecycle - INFO - Deployment 'Model1' loaded successfully and is ready.
2026-09-18 11:52:42,125 - sovereign.llama_cpp.lifecycle - INFO - Switching deployment to 'Model2'...
2026-09-18 11:52:42,126 - sovereign.llama_cpp.lifecycle - INFO - Stopping active llama-server deployment...
2026-09-18 11:52:42,126 - sovereign.llama_cpp.lifecycle - INFO - llama-server stopped.
2026-09-18 11:52:42,126 - sovereign.llama_cpp.lifecycle - INFO - Loading deployment 'Model2' with command: C:\Users\Dell\AppData\Local\Microsoft\WinGet\Packages\ggml.llamacpp_Microsoft.Winget.Source_8wekyb3d8bbwe\llama-server.exe -m C:\Users\Dell\AppData\Local\Temp\pytest-of-Dell\pytest-38\test_llama_cpp_adapter_and_lif0\model2.gguf --port 8081 --host 127.0.0.1 -c 4096 -ngl 20
2026-09-18 11:52:42,127 - sovereign.llama_cpp.lifecycle - INFO - Deployment 'Model2' loaded successfully and is ready.
2026-09-18 11:52:42,127 - sovereign.llama_cpp.lifecycle - INFO - Stopping active llama-server deployment...
2026-09-18 11:52:42,127 - sovereign.llama_cpp.lifecycle - INFO - llama-server stopped.
2026-09-18 11:52:46,777 - asyncio - DEBUG - Using proactor: IocpProactor
2026-09-18 11:52:46,783 - httpx2 - INFO - HTTP Request: GET http://testserver/api/v1/qualifications/passports "HTTP/1.1 200 OK"
2026-09-18 11:52:46,798 - asyncio - DEBUG - Using proactor: IocpProactor
2026-09-18 11:52:46,837 - httpx2 - INFO - HTTP Request: POST http://testserver/api/v1/tasks "HTTP/1.1 200 OK"
2026-09-18 11:52:46,840 - asyncio - DEBUG - Using proactor: IocpProactor
2026-09-18 11:52:46,846 - httpx2 - INFO - HTTP Request: GET http://testserver/api/v1/tasks/task-22a16e12 "HTTP/1.1 200 OK"
2026-09-18 11:52:46,849 - asyncio - DEBUG - Using proactor: IocpProactor
2026-09-18 11:52:46,862 - httpx2 - INFO - HTTP Request: POST http://testserver/api/v1/tasks "HTTP/1.1 400 Bad Request"
2026-09-18 11:52:46,865 - asyncio - DEBUG - Using proactor: IocpProactor
2026-09-18 11:52:46,880 - httpx2 - INFO - HTTP Request: POST http://testserver/api/v1/tasks "HTTP/1.1 200 OK"
2026-09-18 11:52:47,467 - sovereign.llama_cpp.lifecycle - INFO - Loading deployment 'test-model' with command: mock-server.exe -m /fake/model.gguf --port 8080 --host 127.0.0.1 -c 8192 -ngl 20
2026-09-18 11:52:47,468 - sovereign.llama_cpp.lifecycle - INFO - Deployment 'test-model' loaded successfully and is ready.
2026-09-18 11:52:47,468 - sovereign.llama_cpp.lifecycle - INFO - Stopping active llama-server deployment...
2026-09-18 11:52:47,468 - sovereign.llama_cpp.lifecycle - INFO - llama-server stopped.
2026-09-18 11:52:47,469 - sovereign.llama_cpp.lifecycle - INFO - Loading deployment 'test-vision-model' with command: mock-server.exe -m /fake/model.gguf --port 8080 --host 127.0.0.1 -c 8192 -ngl 20 --mmproj /fake/projector.gguf
2026-09-18 11:52:47,469 - sovereign.llama_cpp.lifecycle - INFO - Deployment 'test-vision-model' loaded successfully and is ready.
2026-09-18 11:52:47,501 - PIL.PngImagePlugin - DEBUG - STREAM b'IHDR' 16 13
2026-09-18 11:52:47,502 - PIL.PngImagePlugin - DEBUG - STREAM b'IDAT' 41 13308
2026-09-18 11:52:50,834 - PIL.PngImagePlugin - DEBUG - STREAM b'IHDR' 16 13
2026-09-18 11:52:50,835 - PIL.PngImagePlugin - DEBUG - STREAM b'IDAT' 41 14549
2026-09-18 11:52:53,995 - PIL.PngImagePlugin - DEBUG - STREAM b'IHDR' 16 13
2026-09-18 11:52:53,996 - PIL.PngImagePlugin - DEBUG - STREAM b'IDAT' 41 10362
2026-09-18 11:52:57,159 - PIL.PngImagePlugin - DEBUG - STREAM b'IHDR' 16 13
2026-09-18 11:52:57,159 - PIL.PngImagePlugin - DEBUG - STREAM b'IDAT' 41 6438
2026-09-18 11:52:57,195 - pypdf._reader - WARNING - EOF marker not found
2026-09-18 11:53:18,132 - sovereign.llama_cpp.lifecycle - INFO - Switching deployment to 'Llama-3.2-3B-Instruct'...
2026-09-18 11:53:18,132 - sovereign.llama_cpp.lifecycle - INFO - Loading deployment 'Llama-3.2-3B-Instruct' with command: C:\Users\Dell\AppData\Local\Microsoft\WinGet\Packages\ggml.llamacpp_Microsoft.Winget.Source_8wekyb3d8bbwe\llama-server.exe -m C:\Users\Dell\.cache\huggingface\hub\models--bartowski--Llama-3.2-3B-Instruct-GGUF\snapshots\5ab33fa94d1d04e903623ae72c95d1696f09f9e8\Llama-3.2-3B-Instruct-Q4_K_M.gguf --port 8080 --host 127.0.0.1 -c 8192 -ngl 20
2026-09-18 11:53:18,162 - sovereign.llama_cpp.lifecycle - INFO - Deployment 'Llama-3.2-3B-Instruct' loaded successfully and is ready.
2026-09-18 12:02:59,526 - sovereign.llama_cpp.lifecycle - INFO - Switching deployment to 'Llama-3.2-3B-Instruct'...
2026-09-18 12:02:59,527 - sovereign.llama_cpp.lifecycle - INFO - Loading deployment 'Llama-3.2-3B-Instruct' with command: C:\Users\Dell\AppData\Local\Microsoft\WinGet\Packages\ggml.llamacpp_Microsoft.Winget.Source_8wekyb3d8bbwe\llama-server.exe -m C:\Users\Dell\.cache\huggingface\hub\models--bartowski--Llama-3.2-3B-Instruct-GGUF\snapshots\5ab33fa94d1d04e903623ae72c95d1696f09f9e8\Llama-3.2-3B-Instruct-Q4_K_M.gguf --port 8080 --host 127.0.0.1 -c 8192 -ngl 20
2026-09-18 12:02:59,554 - sovereign.llama_cpp.lifecycle - INFO - Deployment 'Llama-3.2-3B-Instruct' loaded successfully and is ready.
2026-09-18 12:03:02,066 - sovereign.llama_cpp.lifecycle - INFO - Stopping active llama-server deployment...
2026-09-18 12:03:02,207 - sovereign.llama_cpp.lifecycle - INFO - llama-server stopped.
2026-09-18 12:12:02,751 - httpx2 - INFO - HTTP Request: GET http://testserver/api/v1/health "HTTP/1.1 200 OK"
2026-09-18 12:12:02,802 - httpx2 - INFO - HTTP Request: POST http://testserver/api/v1/tasks "HTTP/1.1 200 OK"
2026-09-18 12:12:02,810 - httpx2 - INFO - HTTP Request: GET http://testserver/api/v1/tasks/task-f72a91bc "HTTP/1.1 200 OK"
2026-09-18 12:12:02,838 - httpx2 - INFO - HTTP Request: POST http://testserver/api/v1/tasks "HTTP/1.1 422 Unprocessable Entity"
2026-09-18 12:12:02,863 - httpx2 - INFO - HTTP Request: GET http://testserver/api/v1/tasks/task-notexist "HTTP/1.1 404 Not Found"
2026-09-18 12:12:02,903 - httpx2 - INFO - HTTP Request: POST http://testserver/api/v1/tasks/task-c35f2c56/run "HTTP/1.1 400 Bad Request"
2026-09-18 12:12:02,919 - httpx2 - INFO - HTTP Request: POST http://testserver/api/v1/tasks/task-c35f2c56/run "HTTP/1.1 400 Bad Request"
2026-09-18 12:12:02,934 - httpx2 - INFO - HTTP Request: POST http://testserver/api/v1/tasks/task-c35f2c56/run "HTTP/1.1 400 Bad Request"
2026-09-18 12:12:02,938 - httpx2 - INFO - HTTP Request: POST http://testserver/api/v1/tasks/task-c35f2c56/run "HTTP/1.1 400 Bad Request"
2026-09-18 12:12:02,953 - httpx2 - INFO - HTTP Request: POST http://testserver/api/v1/tasks/task-notexist/run "HTTP/1.1 404 Not Found"
2026-09-18 12:12:02,996 - httpx2 - INFO - HTTP Request: POST http://testserver/api/v1/tasks/task-d3662cba/run "HTTP/1.1 200 OK"
2026-09-18 12:12:03,001 - httpx2 - INFO - HTTP Request: POST http://testserver/api/v1/tasks/task-d3662cba/run "HTTP/1.1 409 Conflict"
2026-09-18 12:12:03,235 - httpx2 - INFO - HTTP Request: POST http://testserver/api/v1/knowledge/documents "HTTP/1.1 400 Bad Request"
2026-09-18 12:12:03,265 - httpx2 - INFO - HTTP Request: POST http://testserver/api/v1/knowledge/documents "HTTP/1.1 413 Request Entity Too Large"
2026-09-18 12:12:03,292 - httpx2 - INFO - HTTP Request: GET http://testserver/api/v1/tasks/task-abc/artifacts "HTTP/1.1 200 OK"
2026-09-18 12:12:03,308 - httpx2 - INFO - HTTP Request: GET http://testserver/api/v1/artifacts/art-123 "HTTP/1.1 200 OK"
2026-09-18 12:12:03,308 - httpx2 - INFO - HTTP Request: GET http://testserver/api/v1/artifacts/art-notexist "HTTP/1.1 404 Not Found"
2026-09-18 12:12:03,330 - httpx2 - INFO - HTTP Request: GET http://testserver/api/v1/artifacts/art-hack "HTTP/1.1 404 Not Found"
2026-09-18 12:12:04,202 - httpx2 - INFO - HTTP Request: POST http://testserver/api/v1/tasks "HTTP/1.1 200 OK"
2026-09-18 12:12:04,266 - httpx2 - INFO - HTTP Request: POST http://testserver/api/v1/knowledge/documents "HTTP/1.1 200 OK"
2026-09-18 12:12:04,289 - sovereign.llama_cpp.lifecycle - INFO - Switching deployment to 'Llama-3.2-3B-Instruct'...
2026-09-18 12:12:04,290 - sovereign.llama_cpp.lifecycle - INFO - Loading deployment 'Llama-3.2-3B-Instruct' with command: C:\Users\Dell\AppData\Local\Microsoft\WinGet\Packages\ggml.llamacpp_Microsoft.Winget.Source_8wekyb3d8bbwe\llama-server.exe -m C:\Users\Dell\.cache\huggingface\hub\models--bartowski--Llama-3.2-3B-Instruct-GGUF\snapshots\5ab33fa94d1d04e903623ae72c95d1696f09f9e8\Llama-3.2-3B-Instruct-Q4_K_M.gguf --port 8080 --host 127.0.0.1 -c 8192 -ngl 20
2026-09-18 12:12:04,303 - sovereign.llama_cpp.lifecycle - INFO - Deployment 'Llama-3.2-3B-Instruct' loaded successfully and is ready.
2026-09-18 12:12:04,517 - httpx2 - INFO - HTTP Request: POST http://testserver/api/v1/tasks/task-30bb2407/run "HTTP/1.1 200 OK"
2026-09-18 12:12:05,533 - httpx2 - INFO - HTTP Request: GET http://testserver/api/v1/tasks/task-30bb2407 "HTTP/1.1 200 OK"
2026-09-18 12:12:05,557 - httpx2 - INFO - HTTP Request: GET http://testserver/api/v1/tasks/task-30bb2407/artifacts "HTTP/1.1 200 OK"
2026-09-18 12:12:05,573 - httpx2 - INFO - HTTP Request: GET http://testserver/api/v1/artifacts/art-2c708bff "HTTP/1.1 200 OK"
2026-09-18 12:12:05,587 - httpx2 - INFO - HTTP Request: GET http://testserver/api/v1/artifacts/art-5c927499 "HTTP/1.1 200 OK"
2026-09-18 12:12:07,115 - httpx2 - INFO - HTTP Request: POST http://testserver/api/v1/knowledge/documents "HTTP/1.1 400 Bad Request"
2026-09-18 12:12:07,147 - httpx2 - INFO - HTTP Request: POST http://testserver/api/v1/knowledge/documents "HTTP/1.1 200 OK"
2026-09-18 12:12:07,528 - asyncio - DEBUG - Using proactor: IocpProactor
2026-09-18 12:12:07,547 - multipart.multipart - DEBUG - Calling on_part_begin with no data
2026-09-18 12:12:07,548 - multipart.multipart - DEBUG - Calling on_header_field with data[36:55]
2026-09-18 12:12:07,548 - multipart.multipart - DEBUG - Calling on_header_value with data[57:106]
2026-09-18 12:12:07,549 - multipart.multipart - DEBUG - Calling on_header_end with no data
2026-09-18 12:12:07,549 - multipart.multipart - DEBUG - Calling on_header_field with data[108:120]
2026-09-18 12:12:07,549 - multipart.multipart - DEBUG - Calling on_header_value with data[122:131]
2026-09-18 12:12:07,549 - multipart.multipart - DEBUG - Calling on_header_end with no data
2026-09-18 12:12:07,550 - multipart.multipart - DEBUG - Calling on_headers_finished with no data
2026-09-18 12:12:07,550 - multipart.multipart - DEBUG - Calling on_part_data with data[135:153]
2026-09-18 12:12:07,551 - multipart.multipart - DEBUG - Calling on_part_end with no data
2026-09-18 12:12:07,551 - multipart.multipart - DEBUG - Calling on_end with no data
2026-09-18 12:12:07,576 - httpx2 - INFO - HTTP Request: POST http://testserver/api/v1/knowledge/documents "HTTP/1.1 403 Forbidden"
2026-09-18 12:12:07,708 - sovereign.llama_cpp.lifecycle - INFO - Loading deployment 'Model1' with command: C:\Users\Dell\AppData\Local\Microsoft\WinGet\Packages\ggml.llamacpp_Microsoft.Winget.Source_8wekyb3d8bbwe\llama-server.exe -m C:\Users\Dell\AppData\Local\Temp\pytest-of-Dell\pytest-39\test_llama_cpp_adapter_and_lif0\model1.gguf --port 8080 --host 127.0.0.1 -c 2048 -ngl 10
2026-09-18 12:12:07,708 - sovereign.llama_cpp.lifecycle - INFO - Deployment 'Model1' loaded successfully and is ready.
2026-09-18 12:12:07,710 - sovereign.llama_cpp.lifecycle - INFO - Switching deployment to 'Model2'...
2026-09-18 12:12:07,710 - sovereign.llama_cpp.lifecycle - INFO - Stopping active llama-server deployment...
2026-09-18 12:12:07,711 - sovereign.llama_cpp.lifecycle - INFO - llama-server stopped.
2026-09-18 12:12:07,711 - sovereign.llama_cpp.lifecycle - INFO - Loading deployment 'Model2' with command: C:\Users\Dell\AppData\Local\Microsoft\WinGet\Packages\ggml.llamacpp_Microsoft.Winget.Source_8wekyb3d8bbwe\llama-server.exe -m C:\Users\Dell\AppData\Local\Temp\pytest-of-Dell\pytest-39\test_llama_cpp_adapter_and_lif0\model2.gguf --port 8081 --host 127.0.0.1 -c 4096 -ngl 20
2026-09-18 12:12:07,711 - sovereign.llama_cpp.lifecycle - INFO - Deployment 'Model2' loaded successfully and is ready.
2026-09-18 12:12:07,712 - sovereign.llama_cpp.lifecycle - INFO - Stopping active llama-server deployment...
2026-09-18 12:12:07,712 - sovereign.llama_cpp.lifecycle - INFO - llama-server stopped.
2026-09-18 12:12:12,753 - asyncio - DEBUG - Using proactor: IocpProactor
2026-09-18 12:12:12,760 - httpx2 - INFO - HTTP Request: GET http://testserver/api/v1/qualifications/passports "HTTP/1.1 200 OK"
2026-09-18 12:12:12,776 - asyncio - DEBUG - Using proactor: IocpProactor
2026-09-18 12:12:12,811 - httpx2 - INFO - HTTP Request: POST http://testserver/api/v1/tasks "HTTP/1.1 200 OK"
2026-09-18 12:12:12,814 - asyncio - DEBUG - Using proactor: IocpProactor
2026-09-18 12:12:12,819 - httpx2 - INFO - HTTP Request: GET http://testserver/api/v1/tasks/task-c487fd96 "HTTP/1.1 200 OK"
2026-09-18 12:12:12,823 - asyncio - DEBUG - Using proactor: IocpProactor
2026-09-18 12:12:12,836 - httpx2 - INFO - HTTP Request: POST http://testserver/api/v1/tasks "HTTP/1.1 400 Bad Request"
2026-09-18 12:12:12,840 - asyncio - DEBUG - Using proactor: IocpProactor
2026-09-18 12:12:12,855 - httpx2 - INFO - HTTP Request: POST http://testserver/api/v1/tasks "HTTP/1.1 200 OK"
2026-09-18 12:12:13,329 - sovereign.llama_cpp.lifecycle - INFO - Loading deployment 'test-model' with command: mock-server.exe -m /fake/model.gguf --port 8080 --host 127.0.0.1 -c 8192 -ngl 20
2026-09-18 12:12:13,329 - sovereign.llama_cpp.lifecycle - INFO - Deployment 'test-model' loaded successfully and is ready.
2026-09-18 12:12:13,330 - sovereign.llama_cpp.lifecycle - INFO - Stopping active llama-server deployment...
2026-09-18 12:12:13,330 - sovereign.llama_cpp.lifecycle - INFO - llama-server stopped.
2026-09-18 12:12:13,331 - sovereign.llama_cpp.lifecycle - INFO - Loading deployment 'test-vision-model' with command: mock-server.exe -m /fake/model.gguf --port 8080 --host 127.0.0.1 -c 8192 -ngl 20 --mmproj /fake/projector.gguf
2026-09-18 12:12:13,331 - sovereign.llama_cpp.lifecycle - INFO - Deployment 'test-vision-model' loaded successfully and is ready.
2026-09-18 12:12:13,363 - PIL.PngImagePlugin - DEBUG - STREAM b'IHDR' 16 13
2026-09-18 12:12:13,364 - PIL.PngImagePlugin - DEBUG - STREAM b'IDAT' 41 13308
2026-09-18 12:12:16,292 - PIL.PngImagePlugin - DEBUG - STREAM b'IHDR' 16 13
2026-09-18 12:12:16,293 - PIL.PngImagePlugin - DEBUG - STREAM b'IDAT' 41 14549
2026-09-18 12:12:19,417 - PIL.PngImagePlugin - DEBUG - STREAM b'IHDR' 16 13
2026-09-18 12:12:19,417 - PIL.PngImagePlugin - DEBUG - STREAM b'IDAT' 41 10362
2026-09-18 12:12:22,204 - PIL.PngImagePlugin - DEBUG - STREAM b'IHDR' 16 13
2026-09-18 12:12:22,205 - PIL.PngImagePlugin - DEBUG - STREAM b'IDAT' 41 6438
2026-09-18 12:12:22,239 - pypdf._reader - WARNING - EOF marker not found
2026-09-18 12:14:02,853 - httpx2 - INFO - HTTP Request: GET http://testserver/api/v1/health "HTTP/1.1 200 OK"
2026-09-18 12:14:02,923 - httpx2 - INFO - HTTP Request: POST http://testserver/api/v1/tasks "HTTP/1.1 200 OK"
2026-09-18 12:14:02,930 - httpx2 - INFO - HTTP Request: GET http://testserver/api/v1/tasks/task-108161cb "HTTP/1.1 200 OK"
2026-09-18 12:14:02,953 - httpx2 - INFO - HTTP Request: POST http://testserver/api/v1/tasks "HTTP/1.1 422 Unprocessable Entity"
2026-09-18 12:14:02,985 - httpx2 - INFO - HTTP Request: GET http://testserver/api/v1/tasks/task-notexist "HTTP/1.1 404 Not Found"
2026-09-18 12:14:03,021 - httpx2 - INFO - HTTP Request: POST http://testserver/api/v1/tasks/task-321dae2c/run "HTTP/1.1 400 Bad Request"
2026-09-18 12:14:03,035 - httpx2 - INFO - HTTP Request: POST http://testserver/api/v1/tasks/task-321dae2c/run "HTTP/1.1 400 Bad Request"
2026-09-18 12:14:03,050 - httpx2 - INFO - HTTP Request: POST http://testserver/api/v1/tasks/task-321dae2c/run "HTTP/1.1 400 Bad Request"
2026-09-18 12:14:03,065 - httpx2 - INFO - HTTP Request: POST http://testserver/api/v1/tasks/task-321dae2c/run "HTTP/1.1 400 Bad Request"
2026-09-18 12:14:03,070 - httpx2 - INFO - HTTP Request: POST http://testserver/api/v1/tasks/task-notexist/run "HTTP/1.1 404 Not Found"
2026-09-18 12:14:03,104 - httpx2 - INFO - HTTP Request: POST http://testserver/api/v1/tasks/task-51596a1a/run "HTTP/1.1 200 OK"
2026-09-18 12:14:03,104 - httpx2 - INFO - HTTP Request: POST http://testserver/api/v1/tasks/task-51596a1a/run "HTTP/1.1 409 Conflict"
2026-09-18 12:14:03,303 - httpx2 - INFO - HTTP Request: POST http://testserver/api/v1/knowledge/documents "HTTP/1.1 400 Bad Request"
2026-09-18 12:14:03,345 - httpx2 - INFO - HTTP Request: POST http://testserver/api/v1/knowledge/documents "HTTP/1.1 413 Request Entity Too Large"
2026-09-18 12:14:03,373 - httpx2 - INFO - HTTP Request: GET http://testserver/api/v1/tasks/task-abc/artifacts "HTTP/1.1 200 OK"
2026-09-18 12:14:03,384 - httpx2 - INFO - HTTP Request: GET http://testserver/api/v1/artifacts/art-123 "HTTP/1.1 200 OK"
2026-09-18 12:14:03,390 - httpx2 - INFO - HTTP Request: GET http://testserver/api/v1/artifacts/art-notexist "HTTP/1.1 404 Not Found"
2026-09-18 12:14:03,431 - httpx2 - INFO - HTTP Request: GET http://testserver/api/v1/artifacts/art-hack "HTTP/1.1 404 Not Found"
2026-09-18 12:14:04,128 - httpx2 - INFO - HTTP Request: POST http://testserver/api/v1/tasks "HTTP/1.1 200 OK"
2026-09-18 12:14:04,184 - httpx2 - INFO - HTTP Request: POST http://testserver/api/v1/knowledge/documents "HTTP/1.1 200 OK"
2026-09-18 12:14:04,203 - sovereign.llama_cpp.lifecycle - INFO - Switching deployment to 'Llama-3.2-3B-Instruct'...
2026-09-18 12:14:04,204 - sovereign.llama_cpp.lifecycle - INFO - Loading deployment 'Llama-3.2-3B-Instruct' with command: C:\Users\Dell\AppData\Local\Microsoft\WinGet\Packages\ggml.llamacpp_Microsoft.Winget.Source_8wekyb3d8bbwe\llama-server.exe -m C:\Users\Dell\.cache\huggingface\hub\models--bartowski--Llama-3.2-3B-Instruct-GGUF\snapshots\5ab33fa94d1d04e903623ae72c95d1696f09f9e8\Llama-3.2-3B-Instruct-Q4_K_M.gguf --port 8080 --host 127.0.0.1 -c 8192 -ngl 20
2026-09-18 12:14:08,836 - sovereign.llama_cpp.lifecycle - INFO - Deployment 'Llama-3.2-3B-Instruct' loaded successfully and is ready.
2026-09-18 12:14:09,013 - httpx2 - INFO - HTTP Request: POST http://testserver/api/v1/tasks/task-b346bf90/run "HTTP/1.1 200 OK"
2026-09-18 12:14:10,015 - httpx2 - INFO - HTTP Request: GET http://testserver/api/v1/tasks/task-b346bf90 "HTTP/1.1 200 OK"
2026-09-18 12:14:10,022 - httpx2 - INFO - HTTP Request: GET http://testserver/api/v1/tasks/task-b346bf90/artifacts "HTTP/1.1 200 OK"
2026-09-18 12:14:10,022 - httpx2 - INFO - HTTP Request: GET http://testserver/api/v1/artifacts/art-e0f0aae6 "HTTP/1.1 200 OK"
2026-09-18 12:14:10,038 - httpx2 - INFO - HTTP Request: GET http://testserver/api/v1/artifacts/art-4e5b651b "HTTP/1.1 200 OK"
2026-09-18 12:14:11,207 - httpx2 - INFO - HTTP Request: POST http://testserver/api/v1/knowledge/documents "HTTP/1.1 400 Bad Request"
2026-09-18 12:14:11,233 - httpx2 - INFO - HTTP Request: POST http://testserver/api/v1/knowledge/documents "HTTP/1.1 200 OK"
2026-09-18 12:14:11,606 - asyncio - DEBUG - Using proactor: IocpProactor
2026-09-18 12:14:11,617 - multipart.multipart - DEBUG - Calling on_part_begin with no data
2026-09-18 12:14:11,617 - multipart.multipart - DEBUG - Calling on_header_field with data[36:55]
2026-09-18 12:14:11,617 - multipart.multipart - DEBUG - Calling on_header_value with data[57:106]
2026-09-18 12:14:11,617 - multipart.multipart - DEBUG - Calling on_header_end with no data
2026-09-18 12:14:11,617 - multipart.multipart - DEBUG - Calling on_header_field with data[108:120]
2026-09-18 12:14:11,617 - multipart.multipart - DEBUG - Calling on_header_value with data[122:131]
2026-09-18 12:14:11,617 - multipart.multipart - DEBUG - Calling on_header_end with no data
2026-09-18 12:14:11,617 - multipart.multipart - DEBUG - Calling on_headers_finished with no data
2026-09-18 12:14:11,617 - multipart.multipart - DEBUG - Calling on_part_data with data[135:153]
2026-09-18 12:14:11,617 - multipart.multipart - DEBUG - Calling on_part_end with no data
2026-09-18 12:14:11,617 - multipart.multipart - DEBUG - Calling on_end with no data
2026-09-18 12:14:11,643 - httpx2 - INFO - HTTP Request: POST http://testserver/api/v1/knowledge/documents "HTTP/1.1 403 Forbidden"
2026-09-18 12:14:11,781 - sovereign.llama_cpp.lifecycle - INFO - Loading deployment 'Model1' with command: C:\Users\Dell\AppData\Local\Microsoft\WinGet\Packages\ggml.llamacpp_Microsoft.Winget.Source_8wekyb3d8bbwe\llama-server.exe -m C:\Users\Dell\AppData\Local\Temp\pytest-of-Dell\pytest-40\test_llama_cpp_adapter_and_lif0\model1.gguf --port 8080 --host 127.0.0.1 -c 2048 -ngl 10
2026-09-18 12:14:11,782 - sovereign.llama_cpp.lifecycle - INFO - Deployment 'Model1' loaded successfully and is ready.
2026-09-18 12:14:11,783 - sovereign.llama_cpp.lifecycle - INFO - Switching deployment to 'Model2'...
2026-09-18 12:14:11,785 - sovereign.llama_cpp.lifecycle - INFO - Stopping active llama-server deployment...
2026-09-18 12:14:11,786 - sovereign.llama_cpp.lifecycle - INFO - llama-server stopped.
2026-09-18 12:14:11,786 - sovereign.llama_cpp.lifecycle - INFO - Loading deployment 'Model2' with command: C:\Users\Dell\AppData\Local\Microsoft\WinGet\Packages\ggml.llamacpp_Microsoft.Winget.Source_8wekyb3d8bbwe\llama-server.exe -m C:\Users\Dell\AppData\Local\Temp\pytest-of-Dell\pytest-40\test_llama_cpp_adapter_and_lif0\model2.gguf --port 8081 --host 127.0.0.1 -c 4096 -ngl 20
2026-09-18 12:14:11,787 - sovereign.llama_cpp.lifecycle - INFO - Deployment 'Model2' loaded successfully and is ready.
2026-09-18 12:14:11,789 - sovereign.llama_cpp.lifecycle - INFO - Stopping active llama-server deployment...
2026-09-18 12:14:11,789 - sovereign.llama_cpp.lifecycle - INFO - llama-server stopped.
2026-09-18 12:14:16,390 - asyncio - DEBUG - Using proactor: IocpProactor
2026-09-18 12:22:17,990 - sovereign.llama_cpp.lifecycle - INFO - Switching deployment to 'Llama-3.2-3B-Instruct'...
2026-09-18 12:22:17,991 - sovereign.llama_cpp.lifecycle - INFO - Loading deployment 'Llama-3.2-3B-Instruct' with command: C:\Users\Dell\AppData\Local\Microsoft\WinGet\Packages\ggml.llamacpp_Microsoft.Winget.Source_8wekyb3d8bbwe\llama-server.exe -m C:\Users\Dell\.cache\huggingface\hub\models--bartowski--Llama-3.2-3B-Instruct-GGUF\snapshots\5ab33fa94d1d04e903623ae72c95d1696f09f9e8\Llama-3.2-3B-Instruct-Q4_K_M.gguf --port 8080 --host 127.0.0.1 -c 8192 -ngl 20
2026-09-18 12:22:25,150 - sovereign.llama_cpp.lifecycle - INFO - Deployment 'Llama-3.2-3B-Instruct' loaded successfully and is ready.
2026-09-18 12:27:11,734 - sovereign.llama_cpp.lifecycle - INFO - Switching deployment to 'Llama-3.2-3B-Instruct'...
2026-09-18 12:27:11,736 - sovereign.llama_cpp.lifecycle - INFO - Loading deployment 'Llama-3.2-3B-Instruct' with command: C:\Users\Dell\AppData\Local\Microsoft\WinGet\Packages\ggml.llamacpp_Microsoft.Winget.Source_8wekyb3d8bbwe\llama-server.exe -m C:\Users\Dell\.cache\huggingface\hub\models--bartowski--Llama-3.2-3B-Instruct-GGUF\snapshots\5ab33fa94d1d04e903623ae72c95d1696f09f9e8\Llama-3.2-3B-Instruct-Q4_K_M.gguf --port 8080 --host 127.0.0.1 -c 8192 -ngl 20
2026-09-18 12:27:16,340 - sovereign.llama_cpp.lifecycle - INFO - Deployment 'Llama-3.2-3B-Instruct' loaded successfully and is ready.
2026-09-18 12:33:00,580 - sovereign.llama_cpp.lifecycle - INFO - Switching deployment to 'Llama-3.2-3B-Instruct'...
2026-09-18 12:33:00,581 - sovereign.llama_cpp.lifecycle - INFO - Loading deployment 'Llama-3.2-3B-Instruct' with command: C:\Users\Dell\AppData\Local\Microsoft\WinGet\Packages\ggml.llamacpp_Microsoft.Winget.Source_8wekyb3d8bbwe\llama-server.exe -m C:\Users\Dell\.cache\huggingface\hub\models--bartowski--Llama-3.2-3B-Instruct-GGUF\snapshots\5ab33fa94d1d04e903623ae72c95d1696f09f9e8\Llama-3.2-3B-Instruct-Q4_K_M.gguf --port 8080 --host 127.0.0.1 -c 8192 -ngl 20
2026-09-18 12:33:06,689 - sovereign.llama_cpp.lifecycle - INFO - Deployment 'Llama-3.2-3B-Instruct' loaded successfully and is ready.
2026-09-18 12:36:41,906 - sovereign.llama_cpp.lifecycle - INFO - Switching deployment to 'Llama-3.2-3B-Instruct'...
2026-09-18 12:36:41,907 - sovereign.llama_cpp.lifecycle - INFO - Loading deployment 'Llama-3.2-3B-Instruct' with command: C:\Users\Dell\AppData\Local\Microsoft\WinGet\Packages\ggml.llamacpp_Microsoft.Winget.Source_8wekyb3d8bbwe\llama-server.exe -m C:\Users\Dell\.cache\huggingface\hub\models--bartowski--Llama-3.2-3B-Instruct-GGUF\snapshots\5ab33fa94d1d04e903623ae72c95d1696f09f9e8\Llama-3.2-3B-Instruct-Q4_K_M.gguf --port 8080 --host 127.0.0.1 -c 8192 -ngl 20
2026-09-18 12:36:50,559 - sovereign.llama_cpp.lifecycle - INFO - Deployment 'Llama-3.2-3B-Instruct' loaded successfully and is ready.
2026-09-18 12:43:04,040 - sovereign.llama_cpp.lifecycle - INFO - Switching deployment to 'Llama-3.2-3B-Instruct'...
2026-09-18 12:43:04,042 - sovereign.llama_cpp.lifecycle - INFO - Loading deployment 'Llama-3.2-3B-Instruct' with command: C:\Users\Dell\AppData\Local\Microsoft\WinGet\Packages\ggml.llamacpp_Microsoft.Winget.Source_8wekyb3d8bbwe\llama-server.exe -m C:\Users\Dell\.cache\huggingface\hub\models--bartowski--Llama-3.2-3B-Instruct-GGUF\snapshots\5ab33fa94d1d04e903623ae72c95d1696f09f9e8\Llama-3.2-3B-Instruct-Q4_K_M.gguf --port 8080 --host 127.0.0.1 -c 8192 -ngl 20
2026-09-18 12:43:13,718 - sovereign.llama_cpp.lifecycle - INFO - Deployment 'Llama-3.2-3B-Instruct' loaded successfully and is ready.
2026-09-18 12:45:55,820 - httpx2 - INFO - HTTP Request: GET http://testserver/api/v1/health "HTTP/1.1 200 OK"
2026-09-18 12:45:55,878 - httpx2 - INFO - HTTP Request: POST http://testserver/api/v1/tasks "HTTP/1.1 200 OK"
2026-09-18 12:45:55,883 - httpx2 - INFO - HTTP Request: GET http://testserver/api/v1/tasks/task-cd22f47f "HTTP/1.1 200 OK"
2026-09-18 12:45:55,915 - httpx2 - INFO - HTTP Request: POST http://testserver/api/v1/tasks "HTTP/1.1 422 Unprocessable Entity"
2026-09-18 12:45:55,939 - httpx2 - INFO - HTTP Request: GET http://testserver/api/v1/tasks/task-notexist "HTTP/1.1 404 Not Found"
2026-09-18 12:45:55,976 - httpx2 - INFO - HTTP Request: POST http://testserver/api/v1/tasks/task-4e0d568e/run "HTTP/1.1 400 Bad Request"
2026-09-18 12:45:55,991 - httpx2 - INFO - HTTP Request: POST http://testserver/api/v1/tasks/task-4e0d568e/run "HTTP/1.1 400 Bad Request"
2026-09-18 12:45:56,005 - httpx2 - INFO - HTTP Request: POST http://testserver/api/v1/tasks/task-4e0d568e/run "HTTP/1.1 400 Bad Request"
2026-09-18 12:45:56,021 - httpx2 - INFO - HTTP Request: POST http://testserver/api/v1/tasks/task-4e0d568e/run "HTTP/1.1 400 Bad Request"
2026-09-18 12:45:56,025 - httpx2 - INFO - HTTP Request: POST http://testserver/api/v1/tasks/task-notexist/run "HTTP/1.1 404 Not Found"
2026-09-18 12:45:56,060 - httpx2 - INFO - HTTP Request: POST http://testserver/api/v1/tasks/task-a2980b5f/run "HTTP/1.1 200 OK"
2026-09-18 12:45:56,065 - httpx2 - INFO - HTTP Request: POST http://testserver/api/v1/tasks/task-a2980b5f/run "HTTP/1.1 409 Conflict"
2026-09-18 12:45:56,292 - httpx2 - INFO - HTTP Request: POST http://testserver/api/v1/knowledge/documents "HTTP/1.1 400 Bad Request"
2026-09-18 12:45:56,320 - httpx2 - INFO - HTTP Request: POST http://testserver/api/v1/knowledge/documents "HTTP/1.1 413 Request Entity Too Large"
2026-09-18 12:45:56,349 - httpx2 - INFO - HTTP Request: GET http://testserver/api/v1/tasks/task-abc/artifacts "HTTP/1.1 200 OK"
2026-09-18 12:45:56,355 - httpx2 - INFO - HTTP Request: GET http://testserver/api/v1/artifacts/art-123 "HTTP/1.1 200 OK"
2026-09-18 12:45:56,360 - httpx2 - INFO - HTTP Request: GET http://testserver/api/v1/artifacts/art-notexist "HTTP/1.1 404 Not Found"
2026-09-18 12:45:56,387 - httpx2 - INFO - HTTP Request: GET http://testserver/api/v1/artifacts/art-hack "HTTP/1.1 404 Not Found"
2026-09-18 12:45:57,272 - httpx2 - INFO - HTTP Request: POST http://testserver/api/v1/tasks "HTTP/1.1 200 OK"
2026-09-18 12:45:57,323 - httpx2 - INFO - HTTP Request: POST http://testserver/api/v1/knowledge/documents "HTTP/1.1 200 OK"
2026-09-18 12:45:57,340 - sovereign.llama_cpp.lifecycle - INFO - Switching deployment to 'Llama-3.2-3B-Instruct'...
2026-09-18 12:45:57,341 - sovereign.llama_cpp.lifecycle - INFO - Loading deployment 'Llama-3.2-3B-Instruct' with command: C:\Users\Dell\AppData\Local\Microsoft\WinGet\Packages\ggml.llamacpp_Microsoft.Winget.Source_8wekyb3d8bbwe\llama-server.exe -m C:\Users\Dell\.cache\huggingface\hub\models--bartowski--Llama-3.2-3B-Instruct-GGUF\snapshots\5ab33fa94d1d04e903623ae72c95d1696f09f9e8\Llama-3.2-3B-Instruct-Q4_K_M.gguf --port 8080 --host 127.0.0.1 -c 8192 -ngl 20
2026-09-18 12:46:03,025 - sovereign.llama_cpp.lifecycle - INFO - Deployment 'Llama-3.2-3B-Instruct' loaded successfully and is ready.
2026-09-18 12:46:03,240 - httpx2 - INFO - HTTP Request: POST http://testserver/api/v1/tasks/task-29ba8326/run "HTTP/1.1 200 OK"
2026-09-18 12:46:04,249 - httpx2 - INFO - HTTP Request: GET http://testserver/api/v1/tasks/task-29ba8326 "HTTP/1.1 200 OK"
2026-09-18 12:46:04,258 - httpx2 - INFO - HTTP Request: GET http://testserver/api/v1/tasks/task-29ba8326/artifacts "HTTP/1.1 200 OK"
2026-09-18 12:46:04,265 - httpx2 - INFO - HTTP Request: GET http://testserver/api/v1/artifacts/art-2681bc72 "HTTP/1.1 200 OK"
2026-09-18 12:46:04,270 - httpx2 - INFO - HTTP Request: GET http://testserver/api/v1/artifacts/art-7077b11e "HTTP/1.1 200 OK"
2026-09-18 12:46:05,753 - httpx2 - INFO - HTTP Request: POST http://testserver/api/v1/knowledge/documents "HTTP/1.1 400 Bad Request"
2026-09-18 12:46:05,792 - httpx2 - INFO - HTTP Request: POST http://testserver/api/v1/knowledge/documents "HTTP/1.1 200 OK"
2026-09-18 12:46:06,210 - asyncio - DEBUG - Using proactor: IocpProactor
2026-09-18 12:46:06,229 - multipart.multipart - DEBUG - Calling on_part_begin with no data
2026-09-18 12:46:06,230 - multipart.multipart - DEBUG - Calling on_header_field with data[36:55]
2026-09-18 12:46:06,231 - multipart.multipart - DEBUG - Calling on_header_value with data[57:106]
2026-09-18 12:46:06,231 - multipart.multipart - DEBUG - Calling on_header_end with no data
2026-09-18 12:46:06,231 - multipart.multipart - DEBUG - Calling on_header_field with data[108:120]
2026-09-18 12:46:06,232 - multipart.multipart - DEBUG - Calling on_header_value with data[122:131]
2026-09-18 12:46:06,232 - multipart.multipart - DEBUG - Calling on_header_end with no data
2026-09-18 12:46:06,232 - multipart.multipart - DEBUG - Calling on_headers_finished with no data
2026-09-18 12:46:06,233 - multipart.multipart - DEBUG - Calling on_part_data with data[135:153]
2026-09-18 12:46:06,233 - multipart.multipart - DEBUG - Calling on_part_end with no data
2026-09-18 12:46:06,233 - multipart.multipart - DEBUG - Calling on_end with no data
2026-09-18 12:46:06,261 - httpx2 - INFO - HTTP Request: POST http://testserver/api/v1/knowledge/documents "HTTP/1.1 403 Forbidden"
2026-09-18 12:46:06,385 - sovereign.llama_cpp.lifecycle - INFO - Loading deployment 'Model1' with command: C:\Users\Dell\AppData\Local\Microsoft\WinGet\Packages\ggml.llamacpp_Microsoft.Winget.Source_8wekyb3d8bbwe\llama-server.exe -m C:\Users\Dell\AppData\Local\Temp\pytest-of-Dell\pytest-41\test_llama_cpp_adapter_and_lif0\model1.gguf --port 8080 --host 127.0.0.1 -c 2048 -ngl 10
2026-09-18 12:46:06,385 - sovereign.llama_cpp.lifecycle - INFO - Deployment 'Model1' loaded successfully and is ready.
2026-09-18 12:46:06,385 - sovereign.llama_cpp.lifecycle - INFO - Switching deployment to 'Model2'...
2026-09-18 12:46:06,386 - sovereign.llama_cpp.lifecycle - INFO - Stopping active llama-server deployment...
2026-09-18 12:46:06,386 - sovereign.llama_cpp.lifecycle - INFO - llama-server stopped.
2026-09-18 12:46:06,386 - sovereign.llama_cpp.lifecycle - INFO - Loading deployment 'Model2' with command: C:\Users\Dell\AppData\Local\Microsoft\WinGet\Packages\ggml.llamacpp_Microsoft.Winget.Source_8wekyb3d8bbwe\llama-server.exe -m C:\Users\Dell\AppData\Local\Temp\pytest-of-Dell\pytest-41\test_llama_cpp_adapter_and_lif0\model2.gguf --port 8081 --host 127.0.0.1 -c 4096 -ngl 20
2026-09-18 12:46:06,386 - sovereign.llama_cpp.lifecycle - INFO - Deployment 'Model2' loaded successfully and is ready.
2026-09-18 12:46:06,386 - sovereign.llama_cpp.lifecycle - INFO - Stopping active llama-server deployment...
2026-09-18 12:46:06,387 - sovereign.llama_cpp.lifecycle - INFO - llama-server stopped.
2026-09-18 12:46:10,885 - asyncio - DEBUG - Using proactor: IocpProactor
2026-09-18 12:46:10,890 - httpx2 - INFO - HTTP Request: GET http://testserver/api/v1/qualifications/passports "HTTP/1.1 200 OK"
2026-09-18 12:46:10,935 - asyncio - DEBUG - Using proactor: IocpProactor
2026-09-18 12:46:10,984 - httpx2 - INFO - HTTP Request: POST http://testserver/api/v1/tasks "HTTP/1.1 200 OK"
2026-09-18 12:46:10,987 - asyncio - DEBUG - Using proactor: IocpProactor
2026-09-18 12:46:10,992 - httpx2 - INFO - HTTP Request: GET http://testserver/api/v1/tasks/task-3fa5005a "HTTP/1.1 200 OK"
2026-09-18 12:46:10,995 - asyncio - DEBUG - Using proactor: IocpProactor
2026-09-18 12:46:11,008 - httpx2 - INFO - HTTP Request: POST http://testserver/api/v1/tasks "HTTP/1.1 400 Bad Request"
2026-09-18 12:46:11,011 - asyncio - DEBUG - Using proactor: IocpProactor
2026-09-18 12:46:11,026 - httpx2 - INFO - HTTP Request: POST http://testserver/api/v1/tasks "HTTP/1.1 200 OK"
2026-09-18 12:46:11,656 - sovereign.llama_cpp.lifecycle - INFO - Loading deployment 'test-model' with command: mock-server.exe -m /fake/model.gguf --port 8080 --host 127.0.0.1 -c 8192 -ngl 20
2026-09-18 12:46:11,657 - sovereign.llama_cpp.lifecycle - INFO - Deployment 'test-model' loaded successfully and is ready.
2026-09-18 12:46:11,657 - sovereign.llama_cpp.lifecycle - INFO - Stopping active llama-server deployment...
2026-09-18 12:46:11,657 - sovereign.llama_cpp.lifecycle - INFO - llama-server stopped.
2026-09-18 12:46:11,657 - sovereign.llama_cpp.lifecycle - INFO - Loading deployment 'test-vision-model' with command: mock-server.exe -m /fake/model.gguf --port 8080 --host 127.0.0.1 -c 8192 -ngl 20 --mmproj /fake/projector.gguf
2026-09-18 12:46:11,658 - sovereign.llama_cpp.lifecycle - INFO - Deployment 'test-vision-model' loaded successfully and is ready.
2026-09-18 12:46:11,721 - PIL.PngImagePlugin - DEBUG - STREAM b'IHDR' 16 13
2026-09-18 12:46:11,721 - PIL.PngImagePlugin - DEBUG - STREAM b'IDAT' 41 13308
2026-09-18 12:46:15,102 - PIL.PngImagePlugin - DEBUG - STREAM b'IHDR' 16 13
2026-09-18 12:46:15,102 - PIL.PngImagePlugin - DEBUG - STREAM b'IDAT' 41 14549
2026-09-18 12:46:18,400 - PIL.PngImagePlugin - DEBUG - STREAM b'IHDR' 16 13
2026-09-18 12:46:18,400 - PIL.PngImagePlugin - DEBUG - STREAM b'IDAT' 41 10362
2026-09-18 12:46:21,829 - PIL.PngImagePlugin - DEBUG - STREAM b'IHDR' 16 13
2026-09-18 12:46:21,830 - PIL.PngImagePlugin - DEBUG - STREAM b'IDAT' 41 6438
2026-09-18 12:46:21,866 - pypdf._reader - WARNING - EOF marker not found
2026-09-18 12:57:46,086 - httpx2 - INFO - HTTP Request: GET http://testserver/api/v1/health "HTTP/1.1 200 OK"
2026-09-18 12:57:46,135 - httpx2 - INFO - HTTP Request: POST http://testserver/api/v1/tasks "HTTP/1.1 200 OK"
2026-09-18 12:57:46,142 - httpx2 - INFO - HTTP Request: GET http://testserver/api/v1/tasks/task-94c5078f "HTTP/1.1 200 OK"
2026-09-18 12:57:46,167 - httpx2 - INFO - HTTP Request: POST http://testserver/api/v1/tasks "HTTP/1.1 422 Unprocessable Entity"
2026-09-18 12:57:46,192 - httpx2 - INFO - HTTP Request: GET http://testserver/api/v1/tasks/task-notexist "HTTP/1.1 404 Not Found"
2026-09-18 12:57:46,234 - httpx2 - INFO - HTTP Request: POST http://testserver/api/v1/tasks/task-828719b9/run "HTTP/1.1 400 Bad Request"
2026-09-18 12:57:46,252 - httpx2 - INFO - HTTP Request: POST http://testserver/api/v1/tasks/task-828719b9/run "HTTP/1.1 400 Bad Request"
2026-09-18 12:57:46,273 - httpx2 - INFO - HTTP Request: POST http://testserver/api/v1/tasks/task-828719b9/run "HTTP/1.1 400 Bad Request"
2026-09-18 12:57:46,294 - httpx2 - INFO - HTTP Request: POST http://testserver/api/v1/tasks/task-828719b9/run "HTTP/1.1 400 Bad Request"
2026-09-18 12:57:46,300 - httpx2 - INFO - HTTP Request: POST http://testserver/api/v1/tasks/task-notexist/run "HTTP/1.1 404 Not Found"
2026-09-18 12:57:46,341 - httpx2 - INFO - HTTP Request: POST http://testserver/api/v1/tasks/task-4e4f9aa7/run "HTTP/1.1 200 OK"
2026-09-18 12:57:46,345 - httpx2 - INFO - HTTP Request: POST http://testserver/api/v1/tasks/task-4e4f9aa7/run "HTTP/1.1 409 Conflict"
2026-09-18 12:57:46,631 - httpx2 - INFO - HTTP Request: POST http://testserver/api/v1/knowledge/documents "HTTP/1.1 400 Bad Request"
2026-09-18 12:57:46,659 - httpx2 - INFO - HTTP Request: POST http://testserver/api/v1/knowledge/documents "HTTP/1.1 413 Request Entity Too Large"
2026-09-18 12:57:46,689 - httpx2 - INFO - HTTP Request: GET http://testserver/api/v1/tasks/task-abc/artifacts "HTTP/1.1 200 OK"
2026-09-18 12:57:46,696 - httpx2 - INFO - HTTP Request: GET http://testserver/api/v1/artifacts/art-123 "HTTP/1.1 200 OK"
2026-09-18 12:57:46,700 - httpx2 - INFO - HTTP Request: GET http://testserver/api/v1/artifacts/art-notexist "HTTP/1.1 404 Not Found"
2026-09-18 12:57:46,734 - httpx2 - INFO - HTTP Request: GET http://testserver/api/v1/artifacts/art-hack "HTTP/1.1 404 Not Found"
2026-09-18 12:57:47,481 - httpx2 - INFO - HTTP Request: POST http://testserver/api/v1/tasks "HTTP/1.1 200 OK"
2026-09-18 12:57:47,533 - httpx2 - INFO - HTTP Request: POST http://testserver/api/v1/knowledge/documents "HTTP/1.1 200 OK"
2026-09-18 12:57:47,550 - sovereign.llama_cpp.lifecycle - INFO - Switching deployment to 'Llama-3.2-3B-Instruct'...
2026-09-18 12:57:47,550 - sovereign.llama_cpp.lifecycle - INFO - Loading deployment 'Llama-3.2-3B-Instruct' with command: C:\Users\Dell\AppData\Local\Microsoft\WinGet\Packages\ggml.llamacpp_Microsoft.Winget.Source_8wekyb3d8bbwe\llama-server.exe -m C:\Users\Dell\.cache\huggingface\hub\models--bartowski--Llama-3.2-3B-Instruct-GGUF\snapshots\5ab33fa94d1d04e903623ae72c95d1696f09f9e8\Llama-3.2-3B-Instruct-Q4_K_M.gguf --port 8080 --host 127.0.0.1 -c 8192 -ngl 20
2026-09-18 12:57:53,717 - sovereign.llama_cpp.lifecycle - INFO - Deployment 'Llama-3.2-3B-Instruct' loaded successfully and is ready.
2026-09-18 12:57:53,917 - httpx2 - INFO - HTTP Request: POST http://testserver/api/v1/tasks/task-87a576eb/run "HTTP/1.1 200 OK"
2026-09-18 12:57:54,925 - httpx2 - INFO - HTTP Request: GET http://testserver/api/v1/tasks/task-87a576eb "HTTP/1.1 200 OK"
2026-09-18 12:57:54,936 - httpx2 - INFO - HTTP Request: GET http://testserver/api/v1/tasks/task-87a576eb/artifacts "HTTP/1.1 200 OK"
2026-09-18 12:57:54,944 - httpx2 - INFO - HTTP Request: GET http://testserver/api/v1/artifacts/art-d71134bf "HTTP/1.1 200 OK"
2026-09-18 12:57:54,954 - httpx2 - INFO - HTTP Request: GET http://testserver/api/v1/artifacts/art-4e40824d "HTTP/1.1 200 OK"
2026-09-18 12:57:56,388 - httpx2 - INFO - HTTP Request: POST http://testserver/api/v1/knowledge/documents "HTTP/1.1 400 Bad Request"
2026-09-18 12:57:56,414 - httpx2 - INFO - HTTP Request: POST http://testserver/api/v1/knowledge/documents "HTTP/1.1 200 OK"
2026-09-18 12:57:56,834 - asyncio - DEBUG - Using proactor: IocpProactor
2026-09-18 12:57:56,851 - multipart.multipart - DEBUG - Calling on_part_begin with no data
2026-09-18 12:57:56,851 - multipart.multipart - DEBUG - Calling on_header_field with data[36:55]
2026-09-18 12:57:56,852 - multipart.multipart - DEBUG - Calling on_header_value with data[57:106]
2026-09-18 12:57:56,852 - multipart.multipart - DEBUG - Calling on_header_end with no data
2026-09-18 12:57:56,852 - multipart.multipart - DEBUG - Calling on_header_field with data[108:120]
2026-09-18 12:57:56,853 - multipart.multipart - DEBUG - Calling on_header_value with data[122:131]
2026-09-18 12:57:56,853 - multipart.multipart - DEBUG - Calling on_header_end with no data
2026-09-18 12:57:56,853 - multipart.multipart - DEBUG - Calling on_headers_finished with no data
2026-09-18 12:57:56,854 - multipart.multipart - DEBUG - Calling on_part_data with data[135:153]
2026-09-18 12:57:56,854 - multipart.multipart - DEBUG - Calling on_part_end with no data
2026-09-18 12:57:56,854 - multipart.multipart - DEBUG - Calling on_end with no data
2026-09-18 12:57:56,885 - httpx2 - INFO - HTTP Request: POST http://testserver/api/v1/knowledge/documents "HTTP/1.1 403 Forbidden"
2026-09-18 12:57:57,021 - sovereign.llama_cpp.lifecycle - INFO - Loading deployment 'Model1' with command: C:\Users\Dell\AppData\Local\Microsoft\WinGet\Packages\ggml.llamacpp_Microsoft.Winget.Source_8wekyb3d8bbwe\llama-server.exe -m C:\Users\Dell\AppData\Local\Temp\pytest-of-Dell\pytest-42\test_llama_cpp_adapter_and_lif0\model1.gguf --port 8080 --host 127.0.0.1 -c 2048 -ngl 10
2026-09-18 12:57:57,022 - sovereign.llama_cpp.lifecycle - INFO - Deployment 'Model1' loaded successfully and is ready.
2026-09-18 12:57:57,022 - sovereign.llama_cpp.lifecycle - INFO - Switching deployment to 'Model2'...
2026-09-18 12:57:57,023 - sovereign.llama_cpp.lifecycle - INFO - Stopping active llama-server deployment...
2026-09-18 12:57:57,024 - sovereign.llama_cpp.lifecycle - INFO - llama-server stopped.
2026-09-18 12:57:57,024 - sovereign.llama_cpp.lifecycle - INFO - Loading deployment 'Model2' with command: C:\Users\Dell\AppData\Local\Microsoft\WinGet\Packages\ggml.llamacpp_Microsoft.Winget.Source_8wekyb3d8bbwe\llama-server.exe -m C:\Users\Dell\AppData\Local\Temp\pytest-of-Dell\pytest-42\test_llama_cpp_adapter_and_lif0\model2.gguf --port 8081 --host 127.0.0.1 -c 4096 -ngl 20
2026-09-18 12:57:57,025 - sovereign.llama_cpp.lifecycle - INFO - Deployment 'Model2' loaded successfully and is ready.
2026-09-18 12:57:57,026 - sovereign.llama_cpp.lifecycle - INFO - Stopping active llama-server deployment...
2026-09-18 12:57:57,026 - sovereign.llama_cpp.lifecycle - INFO - llama-server stopped.
2026-09-18 12:58:02,353 - asyncio - DEBUG - Using proactor: IocpProactor
2026-09-18 12:58:02,362 - httpx2 - INFO - HTTP Request: GET http://testserver/api/v1/qualifications/passports "HTTP/1.1 200 OK"
2026-09-18 12:58:02,381 - asyncio - DEBUG - Using proactor: IocpProactor
2026-09-18 12:58:02,425 - httpx2 - INFO - HTTP Request: POST http://testserver/api/v1/tasks "HTTP/1.1 200 OK"
2026-09-18 12:58:02,428 - asyncio - DEBUG - Using proactor: IocpProactor
2026-09-18 12:58:02,446 - httpx2 - INFO - HTTP Request: GET http://testserver/api/v1/tasks/task-87e30ecc "HTTP/1.1 200 OK"
2026-09-18 12:58:02,450 - asyncio - DEBUG - Using proactor: IocpProactor
2026-09-18 12:58:02,483 - httpx2 - INFO - HTTP Request: POST http://testserver/api/v1/tasks "HTTP/1.1 400 Bad Request"
2026-09-18 12:58:02,490 - asyncio - DEBUG - Using proactor: IocpProactor
2026-09-18 12:58:02,520 - httpx2 - INFO - HTTP Request: POST http://testserver/api/v1/tasks "HTTP/1.1 200 OK"
2026-09-18 12:58:03,318 - sovereign.llama_cpp.lifecycle - INFO - Loading deployment 'test-model' with command: mock-server.exe -m /fake/model.gguf --port 8080 --host 127.0.0.1 -c 8192 -ngl 20
2026-09-18 12:58:03,319 - sovereign.llama_cpp.lifecycle - INFO - Deployment 'test-model' loaded successfully and is ready.
2026-09-18 12:58:03,319 - sovereign.llama_cpp.lifecycle - INFO - Stopping active llama-server deployment...
2026-09-18 12:58:03,320 - sovereign.llama_cpp.lifecycle - INFO - llama-server stopped.
2026-09-18 12:58:03,322 - sovereign.llama_cpp.lifecycle - INFO - Loading deployment 'test-vision-model' with command: mock-server.exe -m /fake/model.gguf --port 8080 --host 127.0.0.1 -c 8192 -ngl 20 --mmproj /fake/projector.gguf
2026-09-18 12:58:03,326 - sovereign.llama_cpp.lifecycle - INFO - Deployment 'test-vision-model' loaded successfully and is ready.
2026-09-18 12:58:03,366 - PIL.PngImagePlugin - DEBUG - STREAM b'IHDR' 16 13
2026-09-18 12:58:03,366 - PIL.PngImagePlugin - DEBUG - STREAM b'IDAT' 41 13308
2026-09-18 12:58:08,093 - PIL.PngImagePlugin - DEBUG - STREAM b'IHDR' 16 13
2026-09-18 12:58:08,094 - PIL.PngImagePlugin - DEBUG - STREAM b'IDAT' 41 14549
2026-09-18 12:58:11,442 - PIL.PngImagePlugin - DEBUG - STREAM b'IHDR' 16 13
2026-09-18 12:58:11,443 - PIL.PngImagePlugin - DEBUG - STREAM b'IDAT' 41 10362
2026-09-18 12:58:14,370 - PIL.PngImagePlugin - DEBUG - STREAM b'IHDR' 16 13
2026-09-18 12:58:14,371 - PIL.PngImagePlugin - DEBUG - STREAM b'IDAT' 41 6438
2026-09-18 12:58:14,406 - pypdf._reader - WARNING - EOF marker not found
2026-09-18 13:03:00,391 - sovereign.llama_cpp.lifecycle - INFO - Switching deployment to 'Llama-3.2-3B-Instruct'...
2026-09-18 13:03:00,392 - sovereign.llama_cpp.lifecycle - INFO - Loading deployment 'Llama-3.2-3B-Instruct' with command: C:\Users\Dell\AppData\Local\Microsoft\WinGet\Packages\ggml.llamacpp_Microsoft.Winget.Source_8wekyb3d8bbwe\llama-server.exe -m C:\Users\Dell\.cache\huggingface\hub\models--bartowski--Llama-3.2-3B-Instruct-GGUF\snapshots\5ab33fa94d1d04e903623ae72c95d1696f09f9e8\Llama-3.2-3B-Instruct-Q4_K_M.gguf --port 8080 --host 127.0.0.1 -c 8192 -ngl 20
2026-09-18 13:03:04,528 - sovereign.llama_cpp.lifecycle - INFO - Deployment 'Llama-3.2-3B-Instruct' loaded successfully and is ready.
2026-09-18 13:04:16,470 - sovereign.llama_cpp.lifecycle - INFO - Switching deployment to 'Qwen2.5-3B-Instruct'...
2026-09-18 13:04:16,471 - sovereign.llama_cpp.lifecycle - INFO - Stopping active llama-server deployment...
2026-09-18 13:04:16,988 - sovereign.llama_cpp.lifecycle - INFO - llama-server stopped.
2026-09-18 13:04:16,989 - sovereign.llama_cpp.lifecycle - INFO - Loading deployment 'Qwen2.5-3B-Instruct' with command: C:\Users\Dell\AppData\Local\Microsoft\WinGet\Packages\ggml.llamacpp_Microsoft.Winget.Source_8wekyb3d8bbwe\llama-server.exe -m C:\Users\Dell\.cache\huggingface\hub\models--Qwen--Qwen2.5-3B-Instruct-GGUF\snapshots\7dabda4d13d513e3e842b20f0d435c732f172cbe\qwen2.5-3b-instruct-q4_k_m.gguf --port 8080 --host 127.0.0.1 -c 8192 -ngl 20
2026-09-18 13:04:22,138 - sovereign.llama_cpp.lifecycle - INFO - Deployment 'Qwen2.5-3B-Instruct' loaded successfully and is ready.
2026-09-18 13:04:55,284 - sovereign.llama_cpp.lifecycle - INFO - Stopping active llama-server deployment...
2026-09-18 13:04:55,954 - sovereign.llama_cpp.lifecycle - INFO - llama-server stopped.
2026-09-18 13:05:04,838 - sovereign.llama_cpp.lifecycle - INFO - Switching deployment to 'Llama-3.2-3B-Instruct'...
2026-09-18 13:05:04,839 - sovereign.llama_cpp.lifecycle - INFO - Loading deployment 'Llama-3.2-3B-Instruct' with command: C:\Users\Dell\AppData\Local\Microsoft\WinGet\Packages\ggml.llamacpp_Microsoft.Winget.Source_8wekyb3d8bbwe\llama-server.exe -m C:\Users\Dell\.cache\huggingface\hub\models--bartowski--Llama-3.2-3B-Instruct-GGUF\snapshots\5ab33fa94d1d04e903623ae72c95d1696f09f9e8\Llama-3.2-3B-Instruct-Q4_K_M.gguf --port 8080 --host 127.0.0.1 -c 8192 -ngl 20
2026-09-18 13:05:10,006 - sovereign.llama_cpp.lifecycle - INFO - Deployment 'Llama-3.2-3B-Instruct' loaded successfully and is ready.
2026-09-18 13:05:38,229 - sovereign.llama_cpp.lifecycle - INFO - Switching deployment to 'Qwen2.5-3B-Instruct'...
2026-09-18 13:05:38,230 - sovereign.llama_cpp.lifecycle - INFO - Stopping active llama-server deployment...
2026-09-18 13:05:38,799 - sovereign.llama_cpp.lifecycle - INFO - llama-server stopped.
2026-09-18 13:05:38,800 - sovereign.llama_cpp.lifecycle - INFO - Loading deployment 'Qwen2.5-3B-Instruct' with command: C:\Users\Dell\AppData\Local\Microsoft\WinGet\Packages\ggml.llamacpp_Microsoft.Winget.Source_8wekyb3d8bbwe\llama-server.exe -m C:\Users\Dell\.cache\huggingface\hub\models--Qwen--Qwen2.5-3B-Instruct-GGUF\snapshots\7dabda4d13d513e3e842b20f0d435c732f172cbe\qwen2.5-3b-instruct-q4_k_m.gguf --port 8080 --host 127.0.0.1 -c 8192 -ngl 20
2026-09-18 13:05:43,963 - sovereign.llama_cpp.lifecycle - INFO - Deployment 'Qwen2.5-3B-Instruct' loaded successfully and is ready.
2026-09-18 13:05:47,624 - sovereign.llama_cpp.lifecycle - INFO - Stopping active llama-server deployment...
2026-09-18 13:05:48,148 - sovereign.llama_cpp.lifecycle - INFO - llama-server stopped.
2026-09-18 13:08:57,797 - sovereign.llama_cpp.lifecycle - INFO - Switching deployment to 'Llama-3.2-3B-Instruct'...
2026-09-18 13:08:57,798 - sovereign.llama_cpp.lifecycle - INFO - Loading deployment 'Llama-3.2-3B-Instruct' with command: C:\Users\Dell\AppData\Local\Microsoft\WinGet\Packages\ggml.llamacpp_Microsoft.Winget.Source_8wekyb3d8bbwe\llama-server.exe -m C:\Users\Dell\.cache\huggingface\hub\models--bartowski--Llama-3.2-3B-Instruct-GGUF\snapshots\5ab33fa94d1d04e903623ae72c95d1696f09f9e8\Llama-3.2-3B-Instruct-Q4_K_M.gguf --port 8080 --host 127.0.0.1 -c 8192 -ngl 20
2026-09-18 13:09:02,943 - sovereign.llama_cpp.lifecycle - INFO - Deployment 'Llama-3.2-3B-Instruct' loaded successfully and is ready.
2026-09-18 13:09:39,067 - httpx2 - INFO - HTTP Request: GET http://testserver/api/v1/health "HTTP/1.1 200 OK"
2026-09-18 13:09:39,119 - httpx2 - INFO - HTTP Request: POST http://testserver/api/v1/tasks "HTTP/1.1 200 OK"
2026-09-18 13:09:39,125 - httpx2 - INFO - HTTP Request: GET http://testserver/api/v1/tasks/task-b2b9a6cb "HTTP/1.1 200 OK"
2026-09-18 13:09:39,160 - httpx2 - INFO - HTTP Request: POST http://testserver/api/v1/tasks "HTTP/1.1 422 Unprocessable Entity"
2026-09-18 13:09:39,193 - httpx2 - INFO - HTTP Request: GET http://testserver/api/v1/tasks/task-notexist "HTTP/1.1 404 Not Found"
2026-09-18 13:09:39,240 - httpx2 - INFO - HTTP Request: POST http://testserver/api/v1/tasks/task-25eb1afa/run "HTTP/1.1 400 Bad Request"
2026-09-18 13:09:39,257 - httpx2 - INFO - HTTP Request: POST http://testserver/api/v1/tasks/task-25eb1afa/run "HTTP/1.1 400 Bad Request"
2026-09-18 13:09:39,279 - httpx2 - INFO - HTTP Request: POST http://testserver/api/v1/tasks/task-25eb1afa/run "HTTP/1.1 400 Bad Request"
2026-09-18 13:09:39,297 - httpx2 - INFO - HTTP Request: POST http://testserver/api/v1/tasks/task-25eb1afa/run "HTTP/1.1 400 Bad Request"
2026-09-18 13:09:39,302 - httpx2 - INFO - HTTP Request: POST http://testserver/api/v1/tasks/task-notexist/run "HTTP/1.1 404 Not Found"
2026-09-18 13:09:39,339 - httpx2 - INFO - HTTP Request: POST http://testserver/api/v1/tasks/task-f3471506/run "HTTP/1.1 200 OK"
2026-09-18 13:09:39,344 - httpx2 - INFO - HTTP Request: POST http://testserver/api/v1/tasks/task-f3471506/run "HTTP/1.1 409 Conflict"
2026-09-18 13:09:39,584 - httpx2 - INFO - HTTP Request: POST http://testserver/api/v1/knowledge/documents "HTTP/1.1 400 Bad Request"
2026-09-18 13:09:39,616 - httpx2 - INFO - HTTP Request: POST http://testserver/api/v1/knowledge/documents "HTTP/1.1 413 Request Entity Too Large"
2026-09-18 13:09:39,648 - httpx2 - INFO - HTTP Request: GET http://testserver/api/v1/tasks/task-abc/artifacts "HTTP/1.1 200 OK"
2026-09-18 13:09:39,655 - httpx2 - INFO - HTTP Request: GET http://testserver/api/v1/artifacts/art-123 "HTTP/1.1 200 OK"
2026-09-18 13:09:39,659 - httpx2 - INFO - HTTP Request: GET http://testserver/api/v1/artifacts/art-notexist "HTTP/1.1 404 Not Found"
2026-09-18 13:09:39,689 - httpx2 - INFO - HTTP Request: GET http://testserver/api/v1/artifacts/art-hack "HTTP/1.1 404 Not Found"
2026-09-18 13:09:40,519 - httpx2 - INFO - HTTP Request: POST http://testserver/api/v1/tasks "HTTP/1.1 200 OK"
2026-09-18 13:09:40,572 - httpx2 - INFO - HTTP Request: POST http://testserver/api/v1/knowledge/documents "HTTP/1.1 200 OK"
2026-09-18 13:09:40,598 - sovereign.llama_cpp.lifecycle - INFO - Switching deployment to 'Llama-3.2-3B-Instruct'...
2026-09-18 13:09:40,600 - sovereign.llama_cpp.lifecycle - INFO - Loading deployment 'Llama-3.2-3B-Instruct' with command: C:\Users\Dell\AppData\Local\Microsoft\WinGet\Packages\ggml.llamacpp_Microsoft.Winget.Source_8wekyb3d8bbwe\llama-server.exe -m C:\Users\Dell\.cache\huggingface\hub\models--bartowski--Llama-3.2-3B-Instruct-GGUF\snapshots\5ab33fa94d1d04e903623ae72c95d1696f09f9e8\Llama-3.2-3B-Instruct-Q4_K_M.gguf --port 8080 --host 127.0.0.1 -c 8192 -ngl 20
2026-09-18 13:09:40,627 - sovereign.llama_cpp.lifecycle - INFO - Deployment 'Llama-3.2-3B-Instruct' loaded successfully and is ready.
2026-09-18 13:09:40,800 - httpx2 - INFO - HTTP Request: POST http://testserver/api/v1/tasks/task-097e5c6f/run "HTTP/1.1 200 OK"
2026-09-18 13:09:41,811 - httpx2 - INFO - HTTP Request: GET http://testserver/api/v1/tasks/task-097e5c6f "HTTP/1.1 200 OK"
2026-09-18 13:09:41,831 - httpx2 - INFO - HTTP Request: GET http://testserver/api/v1/tasks/task-097e5c6f/artifacts "HTTP/1.1 200 OK"
2026-09-18 13:09:41,847 - httpx2 - INFO - HTTP Request: GET http://testserver/api/v1/artifacts/art-d31099c1 "HTTP/1.1 200 OK"
2026-09-18 13:09:41,860 - httpx2 - INFO - HTTP Request: GET http://testserver/api/v1/artifacts/art-7f81277b "HTTP/1.1 200 OK"
2026-09-18 13:09:43,337 - httpx2 - INFO - HTTP Request: POST http://testserver/api/v1/knowledge/documents "HTTP/1.1 400 Bad Request"
2026-09-18 13:09:43,380 - httpx2 - INFO - HTTP Request: POST http://testserver/api/v1/knowledge/documents "HTTP/1.1 200 OK"
2026-09-18 13:09:43,879 - asyncio - DEBUG - Using proactor: IocpProactor
2026-09-18 13:09:43,904 - multipart.multipart - DEBUG - Calling on_part_begin with no data
2026-09-18 13:09:43,905 - multipart.multipart - DEBUG - Calling on_header_field with data[36:55]
2026-09-18 13:09:43,905 - multipart.multipart - DEBUG - Calling on_header_value with data[57:106]
2026-09-18 13:09:43,906 - multipart.multipart - DEBUG - Calling on_header_end with no data
2026-09-18 13:09:43,906 - multipart.multipart - DEBUG - Calling on_header_field with data[108:120]
2026-09-18 13:09:43,907 - multipart.multipart - DEBUG - Calling on_header_value with data[122:131]
2026-09-18 13:09:43,907 - multipart.multipart - DEBUG - Calling on_header_end with no data
2026-09-18 13:09:43,907 - multipart.multipart - DEBUG - Calling on_headers_finished with no data
2026-09-18 13:09:43,908 - multipart.multipart - DEBUG - Calling on_part_data with data[135:153]
2026-09-18 13:09:43,908 - multipart.multipart - DEBUG - Calling on_part_end with no data
2026-09-18 13:09:43,909 - multipart.multipart - DEBUG - Calling on_end with no data
2026-09-18 13:09:43,946 - httpx2 - INFO - HTTP Request: POST http://testserver/api/v1/knowledge/documents "HTTP/1.1 403 Forbidden"
2026-09-18 13:09:44,095 - sovereign.llama_cpp.lifecycle - INFO - Loading deployment 'Model1' with command: C:\Users\Dell\AppData\Local\Microsoft\WinGet\Packages\ggml.llamacpp_Microsoft.Winget.Source_8wekyb3d8bbwe\llama-server.exe -m C:\Users\Dell\AppData\Local\Temp\pytest-of-Dell\pytest-43\test_llama_cpp_adapter_and_lif0\model1.gguf --port 8080 --host 127.0.0.1 -c 2048 -ngl 10
2026-09-18 13:09:44,097 - sovereign.llama_cpp.lifecycle - INFO - Deployment 'Model1' loaded successfully and is ready.
2026-09-18 13:09:44,099 - sovereign.llama_cpp.lifecycle - INFO - Switching deployment to 'Model2'...
2026-09-18 13:09:44,100 - sovereign.llama_cpp.lifecycle - INFO - Stopping active llama-server deployment...
2026-09-18 13:09:44,101 - sovereign.llama_cpp.lifecycle - INFO - llama-server stopped.
2026-09-18 13:09:44,101 - sovereign.llama_cpp.lifecycle - INFO - Loading deployment 'Model2' with command: C:\Users\Dell\AppData\Local\Microsoft\WinGet\Packages\ggml.llamacpp_Microsoft.Winget.Source_8wekyb3d8bbwe\llama-server.exe -m C:\Users\Dell\AppData\Local\Temp\pytest-of-Dell\pytest-43\test_llama_cpp_adapter_and_lif0\model2.gguf --port 8081 --host 127.0.0.1 -c 4096 -ngl 20
2026-09-18 13:09:44,102 - sovereign.llama_cpp.lifecycle - INFO - Deployment 'Model2' loaded successfully and is ready.
2026-09-18 13:09:44,102 - sovereign.llama_cpp.lifecycle - INFO - Stopping active llama-server deployment...
2026-09-18 13:09:44,103 - sovereign.llama_cpp.lifecycle - INFO - llama-server stopped.
2026-09-18 13:09:48,884 - asyncio - DEBUG - Using proactor: IocpProactor
2026-09-18 13:10:32,827 - httpx2 - INFO - HTTP Request: GET http://testserver/api/v1/health "HTTP/1.1 200 OK"
2026-09-18 13:10:32,875 - httpx2 - INFO - HTTP Request: POST http://testserver/api/v1/tasks "HTTP/1.1 200 OK"
2026-09-18 13:10:32,881 - httpx2 - INFO - HTTP Request: GET http://testserver/api/v1/tasks/task-db1223cf "HTTP/1.1 200 OK"
2026-09-18 13:10:32,906 - httpx2 - INFO - HTTP Request: POST http://testserver/api/v1/tasks "HTTP/1.1 422 Unprocessable Entity"
2026-09-18 13:10:32,932 - httpx2 - INFO - HTTP Request: GET http://testserver/api/v1/tasks/task-notexist "HTTP/1.1 404 Not Found"
2026-09-18 13:10:32,975 - httpx2 - INFO - HTTP Request: POST http://testserver/api/v1/tasks/task-8f955d36/run "HTTP/1.1 400 Bad Request"
2026-09-18 13:10:32,991 - httpx2 - INFO - HTTP Request: POST http://testserver/api/v1/tasks/task-8f955d36/run "HTTP/1.1 400 Bad Request"
2026-09-18 13:10:33,008 - httpx2 - INFO - HTTP Request: POST http://testserver/api/v1/tasks/task-8f955d36/run "HTTP/1.1 400 Bad Request"
2026-09-18 13:10:33,028 - httpx2 - INFO - HTTP Request: POST http://testserver/api/v1/tasks/task-8f955d36/run "HTTP/1.1 400 Bad Request"
2026-09-18 13:10:33,035 - httpx2 - INFO - HTTP Request: POST http://testserver/api/v1/tasks/task-notexist/run "HTTP/1.1 404 Not Found"
2026-09-18 13:10:33,087 - httpx2 - INFO - HTTP Request: POST http://testserver/api/v1/tasks/task-1927a76f/run "HTTP/1.1 200 OK"
2026-09-18 13:10:33,095 - httpx2 - INFO - HTTP Request: POST http://testserver/api/v1/tasks/task-1927a76f/run "HTTP/1.1 409 Conflict"
2026-09-18 13:10:33,334 - httpx2 - INFO - HTTP Request: POST http://testserver/api/v1/knowledge/documents "HTTP/1.1 400 Bad Request"
2026-09-18 13:10:33,361 - httpx2 - INFO - HTTP Request: POST http://testserver/api/v1/knowledge/documents "HTTP/1.1 413 Request Entity Too Large"
2026-09-18 13:10:33,391 - httpx2 - INFO - HTTP Request: GET http://testserver/api/v1/tasks/task-abc/artifacts "HTTP/1.1 200 OK"
2026-09-18 13:10:33,399 - httpx2 - INFO - HTTP Request: GET http://testserver/api/v1/artifacts/art-123 "HTTP/1.1 200 OK"
2026-09-18 13:10:33,402 - httpx2 - INFO - HTTP Request: GET http://testserver/api/v1/artifacts/art-notexist "HTTP/1.1 404 Not Found"
2026-09-18 13:10:33,428 - httpx2 - INFO - HTTP Request: GET http://testserver/api/v1/artifacts/art-hack "HTTP/1.1 404 Not Found"
2026-09-18 13:10:34,097 - httpx2 - INFO - HTTP Request: POST http://testserver/api/v1/tasks "HTTP/1.1 200 OK"
2026-09-18 13:10:34,161 - httpx2 - INFO - HTTP Request: POST http://testserver/api/v1/knowledge/documents "HTTP/1.1 200 OK"
2026-09-18 13:10:34,181 - sovereign.llama_cpp.lifecycle - INFO - Switching deployment to 'Llama-3.2-3B-Instruct'...
2026-09-18 13:10:34,181 - sovereign.llama_cpp.lifecycle - INFO - Loading deployment 'Llama-3.2-3B-Instruct' with command: C:\Users\Dell\AppData\Local\Microsoft\WinGet\Packages\ggml.llamacpp_Microsoft.Winget.Source_8wekyb3d8bbwe\llama-server.exe -m C:\Users\Dell\.cache\huggingface\hub\models--bartowski--Llama-3.2-3B-Instruct-GGUF\snapshots\5ab33fa94d1d04e903623ae72c95d1696f09f9e8\Llama-3.2-3B-Instruct-Q4_K_M.gguf --port 8080 --host 127.0.0.1 -c 8192 -ngl 20
2026-09-18 13:10:39,331 - sovereign.llama_cpp.lifecycle - INFO - Deployment 'Llama-3.2-3B-Instruct' loaded successfully and is ready.
2026-09-18 13:10:39,527 - httpx2 - INFO - HTTP Request: POST http://testserver/api/v1/tasks/task-6feb5c59/run "HTTP/1.1 200 OK"
2026-09-18 13:10:40,536 - httpx2 - INFO - HTTP Request: GET http://testserver/api/v1/tasks/task-6feb5c59 "HTTP/1.1 200 OK"
2026-09-18 13:10:40,546 - httpx2 - INFO - HTTP Request: GET http://testserver/api/v1/tasks/task-6feb5c59/artifacts "HTTP/1.1 200 OK"
2026-09-18 13:10:40,552 - httpx2 - INFO - HTTP Request: GET http://testserver/api/v1/artifacts/art-267c1441 "HTTP/1.1 200 OK"
2026-09-18 13:10:40,558 - httpx2 - INFO - HTTP Request: GET http://testserver/api/v1/artifacts/art-6d8173c4 "HTTP/1.1 200 OK"
2026-09-18 13:10:41,815 - httpx2 - INFO - HTTP Request: POST http://testserver/api/v1/knowledge/documents "HTTP/1.1 400 Bad Request"
2026-09-18 13:10:41,842 - httpx2 - INFO - HTTP Request: POST http://testserver/api/v1/knowledge/documents "HTTP/1.1 200 OK"
2026-09-18 13:10:42,236 - asyncio - DEBUG - Using proactor: IocpProactor
2026-09-18 13:10:42,249 - multipart.multipart - DEBUG - Calling on_part_begin with no data
2026-09-18 13:10:42,250 - multipart.multipart - DEBUG - Calling on_header_field with data[36:55]
2026-09-18 13:10:42,250 - multipart.multipart - DEBUG - Calling on_header_value with data[57:106]
2026-09-18 13:10:42,250 - multipart.multipart - DEBUG - Calling on_header_end with no data
2026-09-18 13:10:42,251 - multipart.multipart - DEBUG - Calling on_header_field with data[108:120]
2026-09-18 13:10:42,251 - multipart.multipart - DEBUG - Calling on_header_value with data[122:131]
2026-09-18 13:10:42,251 - multipart.multipart - DEBUG - Calling on_header_end with no data
2026-09-18 13:10:42,251 - multipart.multipart - DEBUG - Calling on_headers_finished with no data
2026-09-18 13:10:42,251 - multipart.multipart - DEBUG - Calling on_part_data with data[135:153]
2026-09-18 13:10:42,252 - multipart.multipart - DEBUG - Calling on_part_end with no data
2026-09-18 13:10:42,252 - multipart.multipart - DEBUG - Calling on_end with no data
2026-09-18 13:10:42,278 - httpx2 - INFO - HTTP Request: POST http://testserver/api/v1/knowledge/documents "HTTP/1.1 403 Forbidden"
2026-09-18 13:10:42,401 - sovereign.llama_cpp.lifecycle - INFO - Loading deployment 'Model1' with command: C:\Users\Dell\AppData\Local\Microsoft\WinGet\Packages\ggml.llamacpp_Microsoft.Winget.Source_8wekyb3d8bbwe\llama-server.exe -m C:\Users\Dell\AppData\Local\Temp\pytest-of-Dell\pytest-44\test_llama_cpp_adapter_and_lif0\model1.gguf --port 8080 --host 127.0.0.1 -c 2048 -ngl 10
2026-09-18 13:10:42,402 - sovereign.llama_cpp.lifecycle - INFO - Deployment 'Model1' loaded successfully and is ready.
2026-09-18 13:10:42,402 - sovereign.llama_cpp.lifecycle - INFO - Switching deployment to 'Model2'...
2026-09-18 13:10:42,402 - sovereign.llama_cpp.lifecycle - INFO - Stopping active llama-server deployment...
2026-09-18 13:10:42,403 - sovereign.llama_cpp.lifecycle - INFO - llama-server stopped.
2026-09-18 13:10:42,403 - sovereign.llama_cpp.lifecycle - INFO - Loading deployment 'Model2' with command: C:\Users\Dell\AppData\Local\Microsoft\WinGet\Packages\ggml.llamacpp_Microsoft.Winget.Source_8wekyb3d8bbwe\llama-server.exe -m C:\Users\Dell\AppData\Local\Temp\pytest-of-Dell\pytest-44\test_llama_cpp_adapter_and_lif0\model2.gguf --port 8081 --host 127.0.0.1 -c 4096 -ngl 20
2026-09-18 13:10:42,404 - sovereign.llama_cpp.lifecycle - INFO - Deployment 'Model2' loaded successfully and is ready.
2026-09-18 13:10:42,404 - sovereign.llama_cpp.lifecycle - INFO - Stopping active llama-server deployment...
2026-09-18 13:10:42,404 - sovereign.llama_cpp.lifecycle - INFO - llama-server stopped.
2026-09-18 13:10:46,989 - asyncio - DEBUG - Using proactor: IocpProactor
2026-09-18 13:10:46,998 - httpx2 - INFO - HTTP Request: GET http://testserver/api/v1/qualifications/passports "HTTP/1.1 200 OK"
2026-09-18 13:10:47,011 - asyncio - DEBUG - Using proactor: IocpProactor
2026-09-18 13:10:47,051 - httpx2 - INFO - HTTP Request: POST http://testserver/api/v1/tasks "HTTP/1.1 200 OK"
2026-09-18 13:10:47,054 - asyncio - DEBUG - Using proactor: IocpProactor
2026-09-18 13:10:47,060 - httpx2 - INFO - HTTP Request: GET http://testserver/api/v1/tasks/task-0376e072 "HTTP/1.1 200 OK"
2026-09-18 13:10:47,065 - asyncio - DEBUG - Using proactor: IocpProactor
2026-09-18 13:10:47,082 - httpx2 - INFO - HTTP Request: POST http://testserver/api/v1/tasks "HTTP/1.1 400 Bad Request"
2026-09-18 13:10:47,086 - asyncio - DEBUG - Using proactor: IocpProactor
2026-09-18 13:10:47,104 - httpx2 - INFO - HTTP Request: POST http://testserver/api/v1/tasks "HTTP/1.1 200 OK"
2026-09-18 13:10:47,672 - sovereign.llama_cpp.lifecycle - INFO - Loading deployment 'test-model' with command: mock-server.exe -m /fake/model.gguf --port 8080 --host 127.0.0.1 -c 8192 -ngl 20
2026-09-18 13:10:47,672 - sovereign.llama_cpp.lifecycle - INFO - Deployment 'test-model' loaded successfully and is ready.
2026-09-18 13:10:47,672 - sovereign.llama_cpp.lifecycle - INFO - Stopping active llama-server deployment...
2026-09-18 13:10:47,673 - sovereign.llama_cpp.lifecycle - INFO - llama-server stopped.
2026-09-18 13:10:47,673 - sovereign.llama_cpp.lifecycle - INFO - Loading deployment 'test-vision-model' with command: mock-server.exe -m /fake/model.gguf --port 8080 --host 127.0.0.1 -c 8192 -ngl 20 --mmproj /fake/projector.gguf
2026-09-18 13:10:47,673 - sovereign.llama_cpp.lifecycle - INFO - Deployment 'test-vision-model' loaded successfully and is ready.
2026-09-18 13:10:47,714 - PIL.PngImagePlugin - DEBUG - STREAM b'IHDR' 16 13
2026-09-18 13:10:47,715 - PIL.PngImagePlugin - DEBUG - STREAM b'IDAT' 41 13308
2026-09-18 13:10:51,162 - PIL.PngImagePlugin - DEBUG - STREAM b'IHDR' 16 13
2026-09-18 13:10:51,162 - PIL.PngImagePlugin - DEBUG - STREAM b'IDAT' 41 14549
2026-09-18 13:10:54,539 - PIL.PngImagePlugin - DEBUG - STREAM b'IHDR' 16 13
2026-09-18 13:10:54,539 - PIL.PngImagePlugin - DEBUG - STREAM b'IDAT' 41 10362
2026-09-18 13:10:57,495 - PIL.PngImagePlugin - DEBUG - STREAM b'IHDR' 16 13
2026-09-18 13:10:57,496 - PIL.PngImagePlugin - DEBUG - STREAM b'IDAT' 41 6438
2026-09-18 13:10:57,540 - pypdf._reader - WARNING - EOF marker not found
